Unnamed: 0,Condition (HGV),Author (HGV),License (HGV),Culture (HGV),Script Type (HGV),Previous Edition (HGV),Preservation (HGV),Origin (HGV),Catalog(s) (HGV),Work (HGV),Summary (HGV),Recto/Verso (HGV),Post-Concordance BL Entries (HGV),Genre (HGV),Material (HGV),Support Dimensions (HGV),Publications (HGV),Title (HGV),Translations (HGV),Support Material (HGV),Note (general) (HGV),Support/Dimensions (HGV),Reuse Type (HGV),Images (HGV),People (HGV),Subjects (HGV),Hands (HGV),Commentary (HGV),General Notes (HGV),Place Stored (Ancient) (HGV),Inv. no. (HGV),Principal Edition (HGV),Lines (HGV),Citations (HGV),Availability (HGV),palaeo (HGV),Provenance (HGV),Religion (HGV),catalogue (HGV),Partial Edition (HGV),Date (HGV),translation (HGV),study (HGV),Reference Edition (HGV),Fragments (HGV),reference (HGV),Associated Names (HGV),Works (HGV),Inv. Id (HGV),Form and Layout (HGV),Places (HGV),illustration (HGV),Language (HGV),Print Illustrations (HGV),Note (local/note) (HGV),Note (related) (HGV),Content (HGV),Readings (HGV),Mentioned Dates (HGV),Archive (HGV),Fragments (Tris),General Notes (Tris),Genre (Tris),Print Illustrations (Tris),Reuse Type (Tris),Date (Tris),Publications (Tris),Subjects (Tris),illustration (Tris),Origin (Tris),Translations (Tris),Reference Edition (Tris),Partial Edition (Tris),Support Dimensions (Tris),Provenance (Tris),Availability (Tris),Work (Tris),Content (Tris),Form and Layout (Tris),catalogue (Tris),License (Tris),Previous Edition (Tris),Post-Concordance BL Entries (Tris),Support Material (Tris),Principal Edition (Tris),Citations (Tris),People (Tris),translation (Tris),Commentary (Tris),Inv. Id (Tris),Place Stored (Ancient) (Tris),Support/Dimensions (Tris),Script Type (Tris),Culture (Tris),Catalog(s) (Tris),Mentioned Dates (Tris),study (Tris),palaeo (Tris),Readings (Tris),Title (Tris),Material (Tris),Images (Tris),Religion (Tris),Works (Tris),Language (Tris),Inv. no. (Tris),Places (Tris),Archive (Tris),reference (Tris),text,cleanText,Coordinates,Latitude,Longitude,relLat,relLong,Cluster
25,,,© Heidelberger Gesamtverzeichnis der griechischen Papyrusurkunden Ägyptens. This work is licensed under a Creative Commons Attribution 3.0 License.,,,,,Pathyris,,,,,,,Papyrus,,"P. Adler Gr. 10 (Adler, Elkan Nathan / Tait, W. John / Heichelheim, Fritz Moritz; 1939)","Loan, at the Office of the Agoranomus",,,,Papyrus,,,mentioned people,Vertrag; Darlehen; Geld; Namen; Beschreibung (Personen),,"Gehört zum Archiv des Horos, Sohn des Nechutes; vgl. hierzu AnalPap 2, 1990, S. 54 Anm. 2.",,,"Copenhagen, Carlsberg Papyrus Collection pap. 837; . formerly: Oslo, Private collection Schøyen number unknown; London, Private collection Adler Gr. 10",,,,,,"Egypt, U04a - Pathyris (Gebelein)[found & written]",,,,"BC 101 Jun 22 ((P10) K3, year 16 = 13, Pauni 09)",,,,,,,,,,mentioned places,,Greek,,,,,,,Horos son of Nechoutes,,,,,,22. Juni 101 v.Chr.,P.Adler 10,Vertrag; Darlehen; Geld; Namen; Beschreibung (Personen),,Pathyris,,,,,,,,,,,© Heidelberger Gesamtverzeichnis der griechischen Papyrusurkunden Ägyptens. This work is licensed under a Creative Commons Attribution 3.0 License.,,,,,,,,"Gehört zum Archiv des Horos, Sohn des Nechutes; vgl. hierzu AnalPap 2, 1990, S. 54 Anm. 2.",,,Papyrus,,,,,,,,"Loan, at the Office of the Agoranomus",Papyrus,,,,,,,,,"  ἔτους ιϛ τοῦ καὶ ιγ Παῦνι θ ἐν Παθύρει 
ἐφʼ Ἑρμίου τοῦ παρὰ Πανίσκου ἀγορανόμου. 
ἐδάνεισεν(*) Ἀγαθῖνος Φιλοξένου τοῦ παρὰ 
Πλάτωνος τοῦ συνγενοῦς καὶ στρατηγοῦ 
5καὶ Πατῆς Ποήριος οἱ δύο Πανᾶτι Πατῆτος 
τῶν ἐκ Παθύρεως Πέρσης τῆς ἐπιγονῆς 
ὡς (ἐτῶν) λ εὐμεγέθη̣ς μελίχρως τετανὸς 
μακροπρόσωπος εὐθύριν οὐλὴ φαλάνθῳ ἀριστερῶι 
χαλκοῦ νομίσματος τάλαντα δέκα δύο, (γίνεται) (τάλαντα) ιβ, 
10ἄτοκα, ἡμερῶν τριάκοντα ἀπὸ μη(νὸς) Παῦνι ιθ(*). 
τὸ δὲ δάνειον τοῦτο ἀποδότω ὁ δεδανεισ-
μένος Πανᾶς Ἀγαθίνωι καὶ Πάτης(*) τοῖς δα(νείζουσιν) 
ἐν μη(νὶ) Ἐπεὶφ εἰκάδος τοῦ αὐτοῦ (ἔτους)· ἐὰν δὲ 
μὴ ἀποδῶι ἐν τῶι ὡρισμένωι χρόνωι ἀπο-
15τεισω(*) καθὰ γέγρα(πται) παραχρῆ(μα) ἐπάναγκον· ἡ δὲ 
πρᾶξις ἔστω Ἀγαθίνωι καὶ Πάτης(*) ἐκ τοῦ δεδα-
νεισμενος(*) Πανᾶτος καὶ ἐκ̣ τῶν ὑπαρχόντων 
αὐτων(*) πάντων πράσσοντι καθάπερ ἐγ(*) δίκης. 
—— 
Ἑρμίας ὁ παρὰ Πανίσκου κεχρη(μάτικα). ","  ἔτους ιϛ τοῦ καὶ ιγ Παῦνι θ ἐν Παθύρει 
ἐφʼ Ἑρμίου τοῦ παρὰ Πανίσκου ἀγορανόμου. 
ἐδάνεισεν Ἀγαθῖνος Φιλοξένου τοῦ παρὰ 
Πλάτωνος τοῦ συνγενοῦς καὶ στρατηγοῦ 
5καὶ Πατῆς Ποήριος οἱ δύο Πανᾶτι Πατῆτος 
τῶν ἐκ Παθύρεως Πέρσης τῆς ἐπιγονῆς 
ὡς ἐτῶν λ εὐμεγέθη̣ς μελίχρως τετανὸς 
μακροπρόσωπος εὐθύριν οὐλὴ φαλάνθῳ ἀριστερῶι 
χαλκοῦ νομίσματος τάλαντα δέκα δύο, γίνεται τάλαντα ιβ, 
10ἄτοκα, ἡμερῶν τριάκοντα ἀπὸ μηνὸς Παῦνι ιθ. 
τὸ δὲ δάνειον τοῦτο ἀποδότω ὁ δεδανεισ-
μένος Πανᾶς Ἀγαθίνωι καὶ Πάτης τοῖς δανείζουσιν 
ἐν μηνὶ Ἐπεὶφ εἰκάδος τοῦ αὐτοῦ ἔτους· ἐὰν δὲ 
μὴ ἀποδῶι ἐν τῶι ὡρισμένωι χρόνωι ἀπο-
15τεισω καθὰ γέγραπται παραχρῆμα ἐπάναγκον· ἡ δὲ 
πρᾶξις ἔστω Ἀγαθίνωι καὶ Πάτης ἐκ τοῦ δεδα-
νεισμενος Πανᾶτος καὶ ἐκ̣ τῶν ὑπαρχόντων 
αὐτων πάντων πράσσοντι καθάπερ ἐγ δίκης. 
—— 
Ἑρμίας ὁ παρὰ Πανίσκου κεχρημάτικα. ","25.369659,32.473946",25.369659,32.473946,33.12967788,19.15674521428572,4
93,,,This work is licensed under a Creative Commons Attribution-NonCommercial 3.0 License.,,,,,Aphroditopolites,,,Account detailing the revenue obtained from the sale of oil in various villages of the Aphroditopolite Nome in the course of four months (Mecheir - Pachon). Many villages are mentioned.,"On recto, along the fibers, almost effaced document",,,Papyri,,"P. Tebt. 3 865 (Hunt, Arthur S. / Smyly, J. Gilbart / Edgar, Campbell Cowan; 1938)",Account of revenue from the sale of oil,,,"Margins: top, 3.7 cm.; left, 9 cm.; sheet join 5.5 cm. from left",1 papyrus ; 33 x 19 cm.,,https://dpg.lib.berkeley.edu/webdb/apis/apis2?apisid=136&ite...,,"Oils and fats; Royal monopolies; Aphroditopolites nomos; Official accounts, Ptolemaic period",Small regular cursive,,,,"Berkeley, Bancroft Library P. Tebt. 865",,2 cols. (70 lines) on verso across the fibers.,P.Tebt.:3.2:865,,,"Egypt, 00c - Tebtynis (Umm el-Baragat)[found]; Egypt, U22 - Aphroditopolites[written]",,,,Mid-3rd century B.C.,,,,,,Pachon,,P.Tebt.0865,,mentioned places,,Greek,,"Bancroft Library, Univ. of Calif., Berkeley",,,,,,,,,,,Mitte III v.Chr.,P.Tebt. 3 .2 865,Liste; Steuern; Verkauf; Öl; Tagesdaten; Ortsnamen; Namen,,Aphroditopolites,,,,,,,,,,,© Heidelberger Gesamtverzeichnis der griechischen Papyrusurkunden Ägyptens. This work is licensed under a Creative Commons Attribution 3.0 License.,,,,,,,,,,,Papyrus,,,,,,,,Account of Revenue from the Sale of Oil,Papyrus,https://dpg.lib.berkeley.edu/webdb/apis/apis2?apisid=136&ite...,,,,,,,,"  ἐλαικῆς· 
Μεχεὶρ θ, πόλεως κί̣κ̣ι̣ο̣ς β, 
ἐλαίου   ̣  ̣  (ὀβολὸς). 
ι̣ε̣, Τούφεως ϙϛ (ὀβολοὶ) γ  𐅵. 
5  ̣  ̣, π̣ό̣λ̣ε̣ω̣ς̣   ̣ (ὀβολοὶ) β  𐅵, 
Σχ̣[ρύος] δ (ὀβολοὶ) β  𐅵, 
Traces  β (τέταρτον ὀβολοῦ) , 
Traces  κ̣η̣. 
λ, πόλεως   ̣  ̣, 
10Τούφεως ια  ̣  (τριώβολον), 
Σχρύος κ̣ (ὀβολοὶ) β  δ´, 
Πορνα̣ί̣θ̣εως ιθ (ὀβολοὶ) γ  𐅵  δ´, 
Θμοινεφύρεως ιγ  (τριώβολον), 
Θμοινέψεως ι̣, (γίνονται(?)) ρ̣πε̣. 
15(γίνονται) τλβ (ὀβολὸς) α  𐅵  δ´, (ὧν) 
πόλεως μ (τέταρτον) , 
Τούφεως σιγ (ὀβολοὶ) δ  𐅵, 
Σχρύος κϛ (ὀβολοὶ) β  δ´, 
Πορνα̣ί̣θ̣εως ιθ (ὀβολοὶ) γ  𐅵  δ´, 
20Θμοινεφύρεως ιγ  (τριώβολον), 
Θμοινέψεως ιθ  (διώβολον), 
Φαμενώθ· 
ε, πόλεως κίκιος τλδ, 
ἐλαίου να (τέταρτον ὀβολοῦ) , (γίνονται) τπε (τέταρτον ὀβολοῦ) . 
25η, Τούφεως οη  (τριώβολον), 
Αλυος σα (ὀβολοὶ) ε  𐅵, 
(γίνονται) σπ (ὀβολοὶ) β  𐅵. 
κγ, πόλεως κίκιος β. 
λ, Τούφεως ἐλαίου σξβ  (διώβολον), 
30Σχρύος ι̣ζ̣, 
Θμοινεφύρεως κϛ, (γίνονται) τε̣  (διώβολον)  
(γίνονται) (δραχμαὶ) ϡοβ (ὀβολοὶ) δ  𐅵  δ´, (ὧν) 
π[όλεως τπζ (τέταρτον ὀβολοῦ) ,] 
[Τούφεως τμ  (πεντώβολον)] 
35Σχρύος ι̣ζ, 
Θμοινεφύρεως κϛ, 
Αλυος σα (ὀβολοὶ) ε  𐅵, 
Φαρμοῦθι ϛ, Αλυος ριδ, 
οσ̣  ̣  ̣ι̣σ̣ιο̣υ̣ ροη  (διώβολον), (γίνονται) σϙβ  (διώβολον). 
40ιδ, πόλεως α. 
κ, Τούφεως θ  (διώβολον). 
κε, πόλεως α. 
λ, Τούφεως ιη, 
Σχρύος μθ  (τετρώβολον), (γίνονται) ξζ  (τετρώβολον). 
45(γίνονται) σλζ  (διώβολον), (ὧν) πόλεως β, 
Τούφεως κζ  (διώβολον), 
Σχρύος μθ  (τετρώβολον), 
Α̣λ̣υ̣ο̣ς̣ ρ̣ι̣δ̣, 
[οσ  ̣  ̣ισιου ροη  (διώβολον)] ","  ἐλαικῆς· 
Μεχεὶρ θ, πόλεως κί̣κ̣ι̣ο̣ς β, 
ἐλαίου   ̣  ̣  ὀβολὸς. 
ι̣ε̣, Τούφεως ϙϛ ὀβολοὶ γ  𐅵. 
5  ̣  ̣, π̣ό̣λ̣ε̣ω̣ς̣   ̣ ὀβολοὶ β  𐅵, 
Σχ̣ρύος δ ὀβολοὶ β  𐅵, 
Traces  β τέταρτον ὀβολοῦ , 
Traces  κ̣η̣. 
λ, πόλεως   ̣  ̣, 
10Τούφεως ια  ̣  τριώβολον, 
Σχρύος κ̣ ὀβολοὶ β  δ´, 
Πορνα̣ί̣θ̣εως ιθ ὀβολοὶ γ  𐅵  δ´, 
Θμοινεφύρεως ιγ  τριώβολον, 
Θμοινέψεως ι̣, γίνονται? ρ̣πε̣. 
15γίνονται τλβ ὀβολὸς α  𐅵  δ´, ὧν 
πόλεως μ τέταρτον , 
Τούφεως σιγ ὀβολοὶ δ  𐅵, 
Σχρύος κϛ ὀβολοὶ β  δ´, 
Πορνα̣ί̣θ̣εως ιθ ὀβολοὶ γ  𐅵  δ´, 
20Θμοινεφύρεως ιγ  τριώβολον, 
Θμοινέψεως ιθ  διώβολον, 
Φαμενώθ· 
ε, πόλεως κίκιος τλδ, 
ἐλαίου να τέταρτον ὀβολοῦ , γίνονται τπε τέταρτον ὀβολοῦ . 
25η, Τούφεως οη  τριώβολον, 
Αλυος σα ὀβολοὶ ε  𐅵, 
γίνονται σπ ὀβολοὶ β  𐅵. 
κγ, πόλεως κίκιος β. 
λ, Τούφεως ἐλαίου σξβ  διώβολον, 
30Σχρύος ι̣ζ̣, 
Θμοινεφύρεως κϛ, γίνονται τε̣  διώβολον  
γίνονται δραχμαὶ ϡοβ ὀβολοὶ δ  𐅵  δ´, ὧν 
πόλεως τπζ τέταρτον ὀβολοῦ , 
Τούφεως τμ  πεντώβολον 
35Σχρύος ι̣ζ, 
Θμοινεφύρεως κϛ, 
Αλυος σα ὀβολοὶ ε  𐅵, 
Φαρμοῦθι ϛ, Αλυος ριδ, 
οσ̣  ̣  ̣ι̣σ̣ιο̣υ̣ ροη  διώβολον, γίνονται σϙβ  διώβολον. 
40ιδ, πόλεως α. 
κ, Τούφεως θ  διώβολον. 
κε, πόλεως α. 
λ, Τούφεως ιη, 
Σχρύος μθ  τετρώβολον, γίνονται ξζ  τετρώβολον. 
45γίνονται σλζ  διώβολον, ὧν πόλεως β, 
Τούφεως κζ  διώβολον, 
Σχρύος μθ  τετρώβολον, 
Α̣λ̣υ̣ο̣ς̣ ρ̣ι̣δ̣, 
οσ  ̣  ̣ισιου ροη  διώβολον ","25.369659,32.473946",25.369659,32.473946,33.12967788,19.15674521428572,4
120,,,© Heidelberger Gesamtverzeichnis der griechischen Papyrusurkunden Ägyptens. This work is licensed under a Creative Commons Attribution 3.0 License.,,,,,Aphroditopolites,,,,,X 231,,Papyrus,,"SB 20 14705 (Rupprecht, Hans-Albert / Hengstl, Joachim; 1997) = Tyche 5 (1990), p. 171-174 (Sijpesteijn, Pieter Johannes / ; 1990)",Liste diverser Leistungen,,,,Papyrus,,http://www.misha.fr/papyrus_bipab/pages_html/SB_XX_14705.htm...,mentioned people,Aufstellung; Getreide; Öl; Geld; Landwirtschaft,,"Zum Ort vgl. Tyche 5, 1990, S. 171 und 173, Anm. zu Z. 17. Zu Z. 14 vgl. P.Oxy. LXXIX 5205,3 Anm. (S. 152).",,,"Berlin, Staatliche Museen P. 25001",,,,,,"Egypt, U10a - Antaiopolites[found & written]",,,,AD 500 - 699,,,,,,,,,,mentioned places,,Greek,"Tyche 5, 1990, Tafel 20, 21",,,,,,,,,,"Tyche 5, 1990, Tafel 20, 21",,VI - VII,SB 20 14705,Aufstellung; Getreide; Öl; Geld; Landwirtschaft,,Aphroditopolites (?),,,,,,,,,,,© Heidelberger Gesamtverzeichnis der griechischen Papyrusurkunden Ägyptens. This work is licensed under a Creative Commons Attribution 3.0 License.,,X 231,,,,,,"Zum Ort vgl. Tyche 5, 1990, S. 171 und 173, Anm. zu Z. 17. Zu Z. 14 vgl. P.Oxy. LXXIX 5205,3 Anm. (S. 152).",,,Papyrus,,,,,,,,Liste diverser Leistungen,Papyrus,http://www.misha.fr/papyrus_bipab/pages_html/SB_XX_14705.htm...,,,,,,,,"  [⁦ -ca.?- ⁩]  ̣ου̣προ  ̣τονκ  ̣  ̣[⁦ -ca.?- ⁩] 
[⁦ -ca.?- ⁩] σίτ(ου) οα  𐅵  δ´ καὶ (ὑπὲρ) φοινίκ̣(ων) [⁦ -ca.?- ⁩] 
[⁦ -ca.?- ⁩ ἐν] Φῆτ σίτ(ου) νδ  ϛ´ καὶ (ὑπὲρ) μ[ηχα(νῆς) ⁦ -ca.?- ⁩] 
[⁦ -ca.?- ⁩] σίτ(ου) ρκη  𐅵  δ´ καὶ (ὑπὲρ) ἀργυρ(ικῶν) [⁦ -ca.?- ⁩] 
5[⁦ -ca.?- ⁩ ο]υ̣ γεωργ(οῦ) ((guide-dot)) ((guide-dot)) σίτ(ου) ρπβ  𐅵  ιβ´ καὶ (ὑπὲρ) [⁦ -ca.?- ⁩]  ̣ νεοφύτ(ου) κ(εράτια) β  
[⁦ -ca.?- ⁩]  ̣ σίτ(ου) πβ  ιβ´  κδ´ καὶ (ὑπὲρ) μηχα(νῆς) σ̣[ίτ(ου) νό(μισμα)] α κ(εράτια) ιϛ  
[⁦ -ca.?- ⁩] ((guide-dot)) ((guide-dot)) σίτ̣(ου) σοε  𐅵  δ´ καὶ (ὑπὲρ) μηχα(νῆς) σίτ(ου) [⁦ -ca.?- ⁩] κ(εράτια) ιγ, 
[⁦ -ca.?- ⁩]α̣τη ἀμπέ(λου) κ(εράτια) β σίτ(ου) ιε  
[⁦ -ca.?- ⁩]τη σίτ(ου) πζ  𐅵 καὶ (ὑπὲρ) μηχα(νῆς) γεούχ(ου)   ̣  ̣[⁦ -ca.?- ⁩]  ̣  ̣ο(  ) ν[ο](μίσματα) γ̣ ἀμπέ(λου) κ(εράτια) β  
10[⁦ -ca.?- ⁩]  ̣ ((guide-dot)) ((guide-dot)) ((guide-dot)) κ(εράτια) ε  
[⁦ -ca.?- ⁩]ε̣ως ἀμπέ(λου) κ(εράτια) γ καὶ (ὑπὲρ) φοινίκ(ων) νο(μίσματα) β  ιβ´ π(αρά) κ(εράτια(?)) [⁦ -ca.?- ⁩]του πωμαρ(ίου) κ(εράτια) ι  
[⁦ -ca.?- ⁩] ((guide-dot)) ((guide-dot)) σίτ(ου) ⟦ϙ⟧ \ν/β (ὑπὲρ) φόρ(ου) φοινίκ(ων) νό(μισμα) α κ(εράτια) ι  
(ὑπὲρ) ἐνοικ(ίου) ἐλαιουργ(οῦ) τό(που) Τυμούνεως ἐλ(αίου) ξ(έσται) ριε  
／ τό(πος) Πιαϩ Βελϩ [  ̣  ̣]φ̣υ ((guide-dot)) ((guide-dot)) ((guide-dot)) σίτ(ου) πβ  𐅵, 
15／ τό(πος) Ἑρμείου ὑπὸ Ἑρμείαν γεωργ(ὸν) σίτ(ου) ρδ καὶ (ὑπὲρ) μη(χανῆς) σίτ(ου) δ καὶ (ὑπὲρ) χόρτ(ου) νό(μισμα) α  
／ μέρ(ος) 𐅵· προαστ̣ί̣(ου) Ῥοπλυείνου σίτ(ου) ιθ  𐅵  
⟦τόπ(ος) Τκιναρ(  ) ἐν̣ Μ̣ούχει σίτ(ου) ιε⟧ 
γ´ μέρ(ος) ἐνοικ(ίου) {\γ´ μέρ(ος)/} τοῦ βαφέ(ως) ὑπὸ ἐργ(άτου) ἐν Φῆτ κ(εράτια) ι̣α  𐅵  γ´  
(ὑπὲρ) δ μέρ(ους) ἐνοικ(ίου) ὑ̣πὸ τῶν δύο ὀρνεοτρόφ(ων) κ(εράτια) ιε  𐅵  δ´ (ὑπὲρ(?)) [⁦ -ca.?- ⁩] κ̣(ερατίου(?)) γ̣´  
20／ τό(πος) τοῦ μειζοτέρ(ου) ὑπὸ Γεωργί(ου) πρεσβυτέρ(ου) σίτ(ου) νη  𐅵  δ´ κρ(ιθῆς) (ἀρτάβαι) ια  𐅵  δ´ νο(μίσματα) β κ(εράτια) θ (ὑπὲρ) μηχα̣(νῆς) α σίτ(ου) β  
(γίνονται) ὁ(μοῦ) σίτ(ου) Ασ̣λ̣γ  ϛ´ νο(μίσματα) κγ π̣(αρὰ) κ(εράτια) κε  δ´ κερ(  ) οϛ  𐅵  γ´ καθ(  ) νο(μίσματα) κε κ(εράτια) γ̣  𐅵  δ´ ἀμπέ(λου) κ(εράτια) ι  𐅵  ","  ⁦ -ca.?- ⁩  ̣ου̣προ  ̣τονκ  ̣  ̣⁦ -ca.?- ⁩ 
⁦ -ca.?- ⁩ σίτου οα  𐅵  δ´ καὶ ὑπὲρ φοινίκ̣ων ⁦ -ca.?- ⁩ 
⁦ -ca.?- ⁩ ἐν Φῆτ σίτου νδ  ϛ´ καὶ ὑπὲρ μηχανῆς ⁦ -ca.?- ⁩ 
⁦ -ca.?- ⁩ σίτου ρκη  𐅵  δ´ καὶ ὑπὲρ ἀργυρικῶν ⁦ -ca.?- ⁩ 
5⁦ -ca.?- ⁩ ου̣ γεωργοῦ guide-dot guide-dot σίτου ρπβ  𐅵  ιβ´ καὶ ὑπὲρ ⁦ -ca.?- ⁩  ̣ νεοφύτου κεράτια β  
⁦ -ca.?- ⁩  ̣ σίτου πβ  ιβ´  κδ´ καὶ ὑπὲρ μηχανῆς σ̣ίτου νόμισμα α κεράτια ιϛ  
⁦ -ca.?- ⁩ guide-dot guide-dot σίτ̣ου σοε  𐅵  δ´ καὶ ὑπὲρ μηχανῆς σίτου ⁦ -ca.?- ⁩ κεράτια ιγ, 
⁦ -ca.?- ⁩α̣τη ἀμπέλου κεράτια β σίτου ιε  
⁦ -ca.?- ⁩τη σίτου πζ  𐅵 καὶ ὑπὲρ μηχανῆς γεούχου   ̣  ̣⁦ -ca.?- ⁩  ̣  ̣ο   νομίσματα γ̣ ἀμπέλου κεράτια β  
10⁦ -ca.?- ⁩  ̣ guide-dot guide-dot guide-dot κεράτια ε  
⁦ -ca.?- ⁩ε̣ως ἀμπέλου κεράτια γ καὶ ὑπὲρ φοινίκων νομίσματα β  ιβ´ παρά κεράτια? ⁦ -ca.?- ⁩του πωμαρίου κεράτια ι  
⁦ -ca.?- ⁩ guide-dot guide-dot σίτου ⟦ϙ⟧ \ν/β ὑπὲρ φόρου φοινίκων νόμισμα α κεράτια ι  
ὑπὲρ ἐνοικίου ἐλαιουργοῦ τόπου Τυμούνεως ἐλαίου ξέσται ριε  
／ τόπος Πιαϩ Βελϩ   ̣  ̣φ̣υ guide-dot guide-dot guide-dot σίτου πβ  𐅵, 
15／ τόπος Ἑρμείου ὑπὸ Ἑρμείαν γεωργὸν σίτου ρδ καὶ ὑπὲρ μηχανῆς σίτου δ καὶ ὑπὲρ χόρτου νόμισμα α  
／ μέρος 𐅵· προαστ̣ί̣ου Ῥοπλυείνου σίτου ιθ  𐅵  
⟦τόπος Τκιναρ   ἐν̣ Μ̣ούχει σίτου ιε⟧ 
γ´ μέρος ἐνοικίου {\γ´ μέρος/} τοῦ βαφέως ὑπὸ ἐργάτου ἐν Φῆτ κεράτια ι̣α  𐅵  γ´  
ὑπὲρ δ μέρους ἐνοικίου ὑ̣πὸ τῶν δύο ὀρνεοτρόφων κεράτια ιε  𐅵  δ´ ὑπὲρ? ⁦ -ca.?- ⁩ κ̣ερατίου? γ̣´  
20／ τόπος τοῦ μειζοτέρου ὑπὸ Γεωργίου πρεσβυτέρου σίτου νη  𐅵  δ´ κριθῆς ἀρτάβαι ια  𐅵  δ´ νομίσματα β κεράτια θ ὑπὲρ μηχα̣νῆς α σίτου β  
γίνονται ὁμοῦ σίτου Ασ̣λ̣γ  ϛ´ νομίσματα κγ π̣αρὰ κεράτια κε  δ´ κερ   οϛ  𐅵  γ´ καθ   νομίσματα κε κεράτια γ̣  𐅵  δ´ ἀμπέλου κεράτια ι  𐅵  ","25.369659,32.473946",25.369659,32.473946,33.12967788,19.15674521428572,4
