Unnamed: 0,Condition (HGV),Author (HGV),License (HGV),Culture (HGV),Script Type (HGV),Previous Edition (HGV),Preservation (HGV),Origin (HGV),Catalog(s) (HGV),Work (HGV),Summary (HGV),Recto/Verso (HGV),Post-Concordance BL Entries (HGV),Genre (HGV),Material (HGV),Support Dimensions (HGV),Publications (HGV),Title (HGV),Translations (HGV),Support Material (HGV),Note (general) (HGV),Support/Dimensions (HGV),Reuse Type (HGV),Images (HGV),People (HGV),Subjects (HGV),Hands (HGV),Commentary (HGV),General Notes (HGV),Place Stored (Ancient) (HGV),Inv. no. (HGV),Principal Edition (HGV),Lines (HGV),Citations (HGV),Availability (HGV),palaeo (HGV),Provenance (HGV),Religion (HGV),catalogue (HGV),Partial Edition (HGV),Date (HGV),translation (HGV),study (HGV),Reference Edition (HGV),Fragments (HGV),reference (HGV),Associated Names (HGV),Works (HGV),Inv. Id (HGV),Form and Layout (HGV),Places (HGV),illustration (HGV),Language (HGV),Print Illustrations (HGV),Note (local/note) (HGV),Note (related) (HGV),Content (HGV),Readings (HGV),Mentioned Dates (HGV),Archive (HGV),Fragments (Tris),General Notes (Tris),Genre (Tris),Print Illustrations (Tris),Reuse Type (Tris),Date (Tris),Publications (Tris),Subjects (Tris),illustration (Tris),Origin (Tris),Translations (Tris),Reference Edition (Tris),Partial Edition (Tris),Support Dimensions (Tris),Provenance (Tris),Availability (Tris),Work (Tris),Content (Tris),Form and Layout (Tris),catalogue (Tris),License (Tris),Previous Edition (Tris),Post-Concordance BL Entries (Tris),Support Material (Tris),Principal Edition (Tris),Citations (Tris),People (Tris),translation (Tris),Commentary (Tris),Inv. Id (Tris),Place Stored (Ancient) (Tris),Support/Dimensions (Tris),Script Type (Tris),Culture (Tris),Catalog(s) (Tris),Mentioned Dates (Tris),study (Tris),palaeo (Tris),Readings (Tris),Title (Tris),Material (Tris),Images (Tris),Religion (Tris),Works (Tris),Language (Tris),Inv. no. (Tris),Places (Tris),Archive (Tris),reference (Tris),text,cleanText,Coordinates,Latitude,Longitude,relLat,relLong,Cluster
1,,,© Heidelberger Gesamtverzeichnis der griechischen Papyrusurkunden Ägyptens. This work is licensed under a Creative Commons Attribution 3.0 License.,,,,,Arsinoites,,,,,; XIII 17,,Papyrus,,"BGU 1 179 (Krebs, Friedrich (Fritz); 1895)",keiner,,,,Papyrus,,http://berlpap.smb.museum/01841/...,mentioned people,Vertrag; Darlehen; Geld; Veteranen; Urkunde ist durchgestrichen,,Tag: 29. Juli.,,,"Berlin, Staatliche Museen P. 6965",,,,,,"Egypt, 00 - Arsinoites (Fayum)[found & written]",,,,"AD 138 - 161 (Antoninus Pius, year [ ], Mesore 05 (Jul 29))",,,,,,,,,,mentioned places,,Greek,"Gradenwitz, Einführung in die Papyruskunde, auf dem Vorsatzblatt",,,,,,,,,,"Gradenwitz, Einführung in die Papyruskunde, auf dem Vorsatzblatt",,138 - 161,BGU 1 179,Vertrag; Darlehen; Geld; Veteranen; Urkunde ist durchgestrichen,,Arsinoites,,,,,,,,,,,© Heidelberger Gesamtverzeichnis der griechischen Papyrusurkunden Ägyptens. This work is licensed under a Creative Commons Attribution 3.0 License.,,; XIII 17,,,,,,Tag: 29. Juli.,,,Papyrus,,,,,,,,keiner,Papyrus,http://berlpap.smb.museum/01841/...,,,,,,,,"  (*) [  ̣  ̣  ̣  ̣  ̣  ̣ Λογ]γῖνος Π[ρίσ]κος οὐετρανὸς 
[Σαβείνιος] ὁ̣ καὶ Γα[μη]λιεὺς(*) Γαίωι 
[  ̣  ̣  ̣  ̣  ̣  ̣  ̣ Μ]α̣κρείνωι οὐετ[ρ]ανῶι(*) Σεβαστίωι 
[τῷ καὶ Και]σαρείωι(*) χαίρειν. ὁμολογῶ(*)  
5[ἔχειν ἀπὸ συ]ναγομένων(*) ὑπὲρ τόκου 
[δραχμῶν τοῦ] ἐ̣μ̣οῦ(*) δισσοῦ κεφαλαίου δραχμά̣ς̣(*)  
[μηνῶν εἴκοσι](*) τ[εσ]σάρων ⟦κ⟧ (?)(*) δραχμῶν τριακο-
[σίων ὀγδοή]κοντα τεσσάρων μεθʼ ἃς 
[τοῦ ὑπερθε]σμοῦ(*) καθʼ ἃ ἐξέδου μοι γράμ-
10[ματα ἀργυρί]ου(*) δραχμὰς διακοσίας ὀκτώ(*)  
[τὰς λοιπὰς](*) δραχμὰς τόκου ἑκατὸν ἑβδ[ο-]
[μήκοντα ἓ]ξ \ἀποδώ̣σ̣ε̣ι̣ν/(*) αἵπερ(*) (δραχμαὶ) τπδ συνήχθησαν 
[ἀπὸ τοῦ   ̣  ̣ (ἔτους) Ἀ]ντωνίνου(*) Καίσαρος τοῦ κυρίου 
[ἕως Μεσορὴ](*) τριακάδος τοῦ ἐνεστῶτος 
15[  ̣  ̣ ἔτους ἃς](*) καὶ κεκαρπίσθαι σε μέχρι τῆς 
[ἐνεστῶσης] ἡμέρας, ἡ δὲ ἀπόδοσις ἔ̣σται 
[ὑπὸ σοῦ](*)[ τοῦ] τε προκειμένου κεφαλαίου 
[μου](*)[ καὶ τῶν] συναχθησομένων τόκων τοῦ 
[τε δανείου] (δραχμῶν) σὺν(*) καὶ ταῖς προκειμέναις 
20[ἀργυρίου](*)[ δρα]χμαῖς ἑκατὸν ἑβδομήκοντα 
[ἓξ ἕως Με]σορὴ τριακάδος τοῦ εἰσιόντος 
[  ̣  ̣ (ἔτους). (hand 2) (ἔτους)   ̣  ̣] Αὐτοκράτορος Καίσαρος Τίτου Αἰλίου 
[Ἁδριανοῦ Ἀντ]ωνίνου Σεβαστοῦ Εὐσεβοῦς Μεσορὴ ε  
(hand 3) [  ̣  ̣  ̣  ̣  ̣  ̣] Λογγῖνος Πρίσκος ἀπο-
25[δέδεγμα]ι̣(*) ((tachygraphic-marks)) τὰς τοῦ ἀργυρίου δραχ(μὰς)(*)  
[ἑκατὸν] ἑβδομήκοντα ἓξ ὡς πρό(κειται) 
 [καὶ ἀνα]κομιούμενος(*) τὰ χιρό-
[γρα]φ̣α(*) ☓☓☓☓☓ ","     ̣  ̣  ̣  ̣  ̣  ̣ Λογγῖνος Πρίσκος οὐετρανὸς 
Σαβείνιος ὁ̣ καὶ Γαμηλιεὺς Γαίωι 
  ̣  ̣  ̣  ̣  ̣  ̣  ̣ Μα̣κρείνωι οὐετρανῶι Σεβαστίωι 
τῷ καὶ Καισαρείωι χαίρειν. ὁμολογῶ  
5ἔχειν ἀπὸ συναγομένων ὑπὲρ τόκου 
δραχμῶν τοῦ ἐ̣μ̣οῦ δισσοῦ κεφαλαίου δραχμά̣ς̣  
μηνῶν εἴκοσι τεσσάρων ⟦κ⟧ ? δραχμῶν τριακο-
σίων ὀγδοήκοντα τεσσάρων μεθʼ ἃς 
τοῦ ὑπερθεσμοῦ καθʼ ἃ ἐξέδου μοι γράμ-
10ματα ἀργυρίου δραχμὰς διακοσίας ὀκτώ  
τὰς λοιπὰς δραχμὰς τόκου ἑκατὸν ἑβδο-
μήκοντα ἓξ \ἀποδώ̣σ̣ε̣ι̣ν/ αἵπερ δραχμαὶ τπδ συνήχθησαν 
ἀπὸ τοῦ   ̣  ̣ ἔτους Ἀντωνίνου Καίσαρος τοῦ κυρίου 
ἕως Μεσορὴ τριακάδος τοῦ ἐνεστῶτος 
15  ̣  ̣ ἔτους ἃς καὶ κεκαρπίσθαι σε μέχρι τῆς 
ἐνεστῶσης ἡμέρας, ἡ δὲ ἀπόδοσις ἔ̣σται 
ὑπὸ σοῦ τοῦ τε προκειμένου κεφαλαίου 
μου καὶ τῶν συναχθησομένων τόκων τοῦ 
τε δανείου δραχμῶν σὺν καὶ ταῖς προκειμέναις 
20ἀργυρίου δραχμαῖς ἑκατὸν ἑβδομήκοντα 
ἓξ ἕως Μεσορὴ τριακάδος τοῦ εἰσιόντος 
  ̣  ̣ ἔτους. hand 2 ἔτους   ̣  ̣ Αὐτοκράτορος Καίσαρος Τίτου Αἰλίου 
Ἁδριανοῦ Ἀντωνίνου Σεβαστοῦ Εὐσεβοῦς Μεσορὴ ε  
hand 3   ̣  ̣  ̣  ̣  ̣  ̣ Λογγῖνος Πρίσκος ἀπο-
25δέδεγμαι̣ tachygraphic-marks τὰς τοῦ ἀργυρίου δραχμὰς  
ἑκατὸν ἑβδομήκοντα ἓξ ὡς πρόκειται 
 καὶ ἀνακομιούμενος τὰ χιρό-
γραφ̣α ☓☓☓☓☓ ","29.25,30.75",29.25,30.75,31.785,15.553571428571429,7
2,,,© Heidelberger Gesamtverzeichnis der griechischen Papyrusurkunden Ägyptens. This work is licensed under a Creative Commons Attribution 3.0 License.,,,,,Arsinoites,,,,,XI 19,,Papyrus,,"BGU 2 603 (Krebs, Friedrich (Fritz); 1898)",keiner,"Erman - Krebs, Aus den Papyrus der königlichen Museen (1899), S. 200.; Johnson, Roman Egypt (1936), S. 136-137, Nr. 75",,,Papyrus,,http://berlpap.smb.museum/02434/...,mentioned people,Vertrag; Antrag; Pacht; Ernte; Oliven,,,,,"Berlin, Staatliche Museen P. 8407",,,,,,"Egypt, 00 - Arsinoites (Fayum)[found & written]",,,,AD 168 Aug 28,,,,,,,,,,mentioned places,,Greek,,,,,,,,,,,,,28. Aug. 168,BGU 2 603,Vertrag; Antrag; Pacht; Ernte; Oliven,,Arsinoites,"Erman - Krebs, Aus den Papyrus der königlichen Museen (1899), S. 200.; Johnson, Roman Egypt (1936), S. 136-137, Nr. 75",,,,,,,,,,© Heidelberger Gesamtverzeichnis der griechischen Papyrusurkunden Ägyptens. This work is licensed under a Creative Commons Attribution 3.0 License.,,XI 19,,,,,,,,,Papyrus,,,,,,,,keiner,Papyrus,http://berlpap.smb.museum/02434/...,,,,,,,,"  Οὐαλερίᾳ Γαίου ἀστῇ(*) διὰ̣ 
Προβινκιαρίου φροντ̣ι̣σ̣τ̣(οῦ) 
παρὰ Ἀμμωνᾶτος Διοσκόρο(υ) 
καὶ Κοπρῆτος Φάσι καὶ Σαραπίω-
5νος Νεμ[εσ]ίλλης τῶν γ. 
βουλόμεθα μισθώσασθαι 
ἐξ ἀλληλενγύης(*) τοὺς ἐπ[ι-]
κειμένους τοῦ ἐνεστῶτο(ς) 
η (ἔτους) καὶ ἐκπίπτ[ον]τος(*) εἰς τὸ 
10θ (ἔτος) ἐλαϊ(*)κ[οὺ]ς καὶ φ[οι]νικικοὺς 
καρποὺς τον(*) ὑπάρχοντά σ̣[οι] 
περὶ Φιλαδέ[λ]φει[α]ν ἐλεωνο̣-
παραδίσ[ο]υ(*) τὴν ἀπὸ νότου με-
ριδαν(*) Πκ̣εμενθιᾶι(*) καλο[υ-]
15μένου, φό[ρου] τοῦ παντὸς 
ἀργυρίου δραχμῶν ἑκα-
τὸν ἑξήκον\τα/ , ἐξαιρέτων ἐλαίας 
ἐγλεκτῆς̣ μελένης(*) ἀρ-
ταβην(*) μίαν(*) καὶ φοίνικος 
20μονοξύλου ἀρτ[αβ]ην(*) μίαν(*)  
μέτρῳ ὀγδ[ό]ου(*) ἀνυπολ[ό-]
γων καὶ ἀκινδύνων καὶ τὸν 
φόρον ἀποδώσωμεν(*) μη[νὶ] 
[Ἁδρια]νῷ καὶ [παραδώσομεν](*)  
25ἀ̣π̣ὸ̣ συνκομιδῆς καρπῶν. 
(hand 2) Προβινκιάρις με-
μίσθωκα ὡς πρό-
κιται. (hand 3) (ἔτους) η Ἀντωνί[ν(ου)] 
καὶ Οὐήρου τῶν κυρίων 
30Σεβαστῶν Ἀρμενιακῶν 
Μηδικῶν Παρθικῶν 
Μεγίστων ἐπαγο(μενῶν) ε. 
τὸν δὲ προκίμενον {φ} 
φόρον ἐν δραχμᾶς ἑκα-
35τὸν ἑξήκοντα καὶ ἐξαιρέ-
των χωρὶς τῶν προκι-
μένων ἑτέραν ἀρτά[β(ην)] 
ἐλέας(*) ἐγλεκτῆς μετ̣[  ̣  ̣  ̣] 
μέτρῳ ὀγδόῳ. ","  Οὐαλερίᾳ Γαίου ἀστῇ διὰ̣ 
Προβινκιαρίου φροντ̣ι̣σ̣τ̣οῦ 
παρὰ Ἀμμωνᾶτος Διοσκόρου 
καὶ Κοπρῆτος Φάσι καὶ Σαραπίω-
5νος Νεμεσίλλης τῶν γ. 
βουλόμεθα μισθώσασθαι 
ἐξ ἀλληλενγύης τοὺς ἐπι-
κειμένους τοῦ ἐνεστῶτος 
η ἔτους καὶ ἐκπίπτοντος εἰς τὸ 
10θ ἔτος ἐλαϊκοὺς καὶ φοινικικοὺς 
καρποὺς τον ὑπάρχοντά σ̣οι 
περὶ Φιλαδέλφειαν ἐλεωνο̣-
παραδίσου τὴν ἀπὸ νότου με-
ριδαν Πκ̣εμενθιᾶι καλου-
15μένου, φόρου τοῦ παντὸς 
ἀργυρίου δραχμῶν ἑκα-
τὸν ἑξήκον\τα/ , ἐξαιρέτων ἐλαίας 
ἐγλεκτῆς̣ μελένης ἀρ-
ταβην μίαν καὶ φοίνικος 
20μονοξύλου ἀρταβην μίαν  
μέτρῳ ὀγδόου ἀνυπολό-
γων καὶ ἀκινδύνων καὶ τὸν 
φόρον ἀποδώσωμεν μηνὶ 
Ἁδριανῷ καὶ παραδώσομεν  
25ἀ̣π̣ὸ̣ συνκομιδῆς καρπῶν. 
hand 2 Προβινκιάρις με-
μίσθωκα ὡς πρό-
κιται. hand 3 ἔτους η Ἀντωνίνου 
καὶ Οὐήρου τῶν κυρίων 
30Σεβαστῶν Ἀρμενιακῶν 
Μηδικῶν Παρθικῶν 
Μεγίστων ἐπαγομενῶν ε. 
τὸν δὲ προκίμενον {φ} 
φόρον ἐν δραχμᾶς ἑκα-
35τὸν ἑξήκοντα καὶ ἐξαιρέ-
των χωρὶς τῶν προκι-
μένων ἑτέραν ἀρτάβην 
ἐλέας ἐγλεκτῆς μετ̣  ̣  ̣  ̣ 
μέτρῳ ὀγδόῳ. ","29.25,30.75",29.25,30.75,31.785,15.553571428571429,7
3,,,© Heidelberger Gesamtverzeichnis der griechischen Papyrusurkunden Ägyptens. This work is licensed under a Creative Commons Attribution 3.0 License.,,,,,Arsinoites,,,,,XII 16,,Papyrus,,"BGU 3 814 (Zereteli, G.; 1903)",keiner,"Schubart, Ein Jahrtausend am Nil (1912) 67 und (1923) 71.; Winter, Life and Letters (1933), S. 102-103; Johnson, Roman Egypt (1936), S. 478-479, Nr. 306",,,Papyrus,,http://berlpap.smb.museum/01961/...,mentioned people,Brief (privat); ein junger Soldat an seine Mutter; dringende Bitte um Geld; weil sein Bruder bei einem Besuch seine Ersparnisse für den Kauf eines Wagens aufgebraucht hat; Bitte um Sendung von Kleidung und anderen Waren; Beschwerde; daß er nichts von seinen Eltern bekommt wie seine Kameraden; die ihn verspotten,,"Zu Z. 6 vgl. APF 57, 2011, S. 98.",,,"Berlin, Staatliche Museen P. 7098",,,,,,"Egypt, 00 - Arsinoites (Fayum)[found & written]",,,,AD 200 - 299,,,,,,,,,,,,Greek,,,,,,,,,,,,,III,BGU 3 814,Brief (privat); ein junger Soldat an seine Mutter; dringende Bitte um Geld; weil sein Bruder bei einem Besuch seine Ersparnisse für den Kauf eines Wagens aufgebraucht hat; Bitte um Sendung von Kleidung und anderen Waren; Beschwerde; daß er nichts von seinen Eltern bekommt wie seine Kameraden; die ihn verspotten,,Arsinoites,"Schubart, Ein Jahrtausend am Nil (1912) 67 und (1923) 71.; Winter, Life and Letters (1933), S. 102-103; Johnson, Roman Egypt (1936), S. 478-479, Nr. 306",,,,,,,,,,© Heidelberger Gesamtverzeichnis der griechischen Papyrusurkunden Ägyptens. This work is licensed under a Creative Commons Attribution 3.0 License.,,XII 16,,,,,,"Zu Z. 6 vgl. APF 57, 2011, S. 98.",,,Papyrus,,,,,,,,keiner,Papyrus,http://berlpap.smb.museum/01961/...,,,,,,,,"  [  ̣  ̣  ̣  ̣γλυκυτ(?)]ά̣τ[ῃ(?)](?)(*) [μου μητρ]ὶ πλεῖστα χαίρειν. 
[πρὸ μὲν πά]ντων ε[ὔχομαί σ]ε ὑ(*)γιαίνειν μετὰ τῶν σῶν 
[πάντων. κ]αλῶς π[οιήσεις] κ[ο]μισάμενος(*) μου τὸ ἐπι-
[στόλιον, εἰ π]έμψις(*) μ[οι δια]κοσίας δραχμάς. ὅτε Γέμει̣ν̣ο̣ς̣(*)  
5[  ̣  ̣  ̣  ̣  ̣  ̣  ̣  ̣](*) ἦλθεν, ο̣[ὐκ ἔσχ]ον εἰ μὴ εἴκοσι στατῆρες(*), 
[νῦν δὲ οὐ]χ ἕνα , ὅτ[ι ἡμι]ονικὸν ἅρμα ἔλαβα καὶ ὅ-
[λον τὸν χ]αλκὸν [δεδα]πάνηκα(*) εἰς αὐτω(*). ταῦτά σοι 
[ἔγραψ]α̣ ἵνʼ εἰδῇς. [πέμψει]ς μοι ἀβόλλην καὶ βύρρον(*)  
[  ̣  ̣  ̣  ̣]νταν καὶ [ζεῦγο]ς̣ φασκίων καὶ ζεῦγος ἱματίω̣(ν) 
10[δερμ]ατίνων καὶ [ἔλαιο]ν̣ καὶ τὸ τ\ρ/ουλιν(*) ὡς εἶπές μοι 
[  ̣  ̣  ̣  ̣]υγαυτην κ[αὶ ζεῦγο]ς̣ κερβικαρίων καὶ γερμανον 
[  ̣  ̣  ̣  ̣]εια[ν] αὐτοῦ. [πρὸς] τ[ὸ] λοιπὸν οὖν, μῆτηρ(*), πέμψις(*)  
[τὰ ἐπ]ιμήνεια(*) ἐν[τάχι]ον. ταῦτά μοι ἔλεγες, ὅτε ἦλθα 
[πρός σ]ε, ὅτι πρὸ τοῦ [εἰσέ]λθοις εἰς τὴν παρεμπολήν(*) σο̣υ 
15[πρός] σε πέμπω ἕν[α τ]ῶν ἀδελφῶν σου καὶ οὐδέν μοι 
[ἔπε]μψε[ς], ἀλλὰ ἀφ[ῆ]κ̣[ές] μοι οὕτως μηδὲν ἔχων(*)  
[- ca.13 -]  ̣  ̣ μηδὲ ἄλλου(*) μηδέν. οὐκ εἶπες̣ ὅτι 
[  ̣]  ̣  ̣[  ̣  ̣ οὐ]κ ἔχω̣ν οὐ χαλκὸν ο̣[ὐ]κ οὐδέ̣ν̣, ἀλλὰ ἀφῆκές(*)  
[μοι οὕ]τ̣ω̣[ς] ὡ̣ς κ̣υ̣ων̣(*) καὶ ὁ πατήρ μου πρὸς ἐ̣μ̣ὲ̣ ἐλθ  ̣  ̣  ̣  ̣  
20οὐκ ἔδωκ[έν μο]ι̣ ὀβολὸν οὐ βύρρον(*) οὐκ οὐδέν, ἀλλὰ πάντες 
καταγελῶ̣σί μοι, ὅτι ὁ πατὴρ αὐτοῦ στρατεύεται, οὐδὲν 
αὐτῷ δέδ[ω]κε, ἔλεγε ὅτι ἐὰν ἀπέλθω εἰς οἶκον, πέμπω σ[οι] 
πά̣ν̣τα· οὐδέ̣ν̣ μ̣[ο]ι ἐπέμψαται(*). διὰ τεί(*); ἡ μήτηρ Οὐαλερίου 
ἔπεμψε α[ὐ]τῷ ζεῦγος ὑποζωνῶν καὶ κεραμεῖον ἐλαίου 
25κ[αὶ] σφυρίδαν(*) κρεδίων καὶ δίλασσον καὶ διακοσίας δραχμὰς 
  ̣[  ̣  ̣  ̣]εο  ̣λ̣α̣ρ̣ουτος(*). ἐρωτῶ σε οὖν, μῆτηρ(*), πέμψις(*) πρὸς ἐμέ, 
μὴ ἀφήσις(*) μοι οὕτος(*), ἀλλὰ ἀπῆλθα, κέχρημαι χαλκὸν 
π[α]ρὰ συστρατιώτου καὶ παρὰ τοῦ ὀπτίωνός μου καὶ ὁ ἀδελ-
φός μου Γέμελλος ἔπεμψέ μοι ἐπιστολὴν καὶ βρακέλλας. 
30γείνωσκε(*), ὅτι λοιποῦμαι(*), ὅτι οὐκ ἀπῆλθ̣α ἐνγὺς(*) τοῦ ἀδελφ̣ο̣ῦ̣ 
κ[αὶ] αὐτὸς λυπεῖτ[αι] ὅτι οὐκ ἀπῆλ[θ]α ἐνγὺς(*) αὐτοῦ· ἔπεμ-
ψέ [μοι(*) ἐπι]στολὴν μεμφόμενός μου, ὅτι εἰς ἄλλην χώραν 
[ἀπῆλθα. γ]ράφω σοι οὖν ταῦτα, ἵνʼ εἰδῇς, μήτηρ(*). καλῶς 
[ποιήσεις κ]ομισάμενος(*) μου τὸ ἐπιστόλιν ἐντάχειον(*)  
35[εἰ πέμψει]ς ἐμαί(*). γείνωσκε(*), ὅτι ὁ ἀδελφός μου Γέμελλος 
[  ̣  ̣  ̣]λην(*) <ἔπεμψε καὶ> ἀπῆ[λ]θε. ἀσπάζομαι τοὺς ἐν οἰκί[ᾳ] πάντες(*)  
[τοὺς σοὺς], ἀσπάζομαι Ἀπωλλινάριον καὶ Οὐαλέρ[ι]ον καὶ Γέμιν[ον], 
[ἀσπάζομαι καὶ το]ὺς φιλοῦντος(*) ἡμᾶς πάντες(*). ","    ̣  ̣  ̣  ̣γλυκυτ?ά̣τῃ?? μου μητρὶ πλεῖστα χαίρειν. 
πρὸ μὲν πάντων εὔχομαί σε ὑγιαίνειν μετὰ τῶν σῶν 
πάντων. καλῶς ποιήσεις κομισάμενος μου τὸ ἐπι-
στόλιον, εἰ πέμψις μοι διακοσίας δραχμάς. ὅτε Γέμει̣ν̣ο̣ς̣  
5  ̣  ̣  ̣  ̣  ̣  ̣  ̣  ̣ ἦλθεν, ο̣ὐκ ἔσχον εἰ μὴ εἴκοσι στατῆρες, 
νῦν δὲ οὐχ ἕνα , ὅτι ἡμιονικὸν ἅρμα ἔλαβα καὶ ὅ-
λον τὸν χαλκὸν δεδαπάνηκα εἰς αὐτω. ταῦτά σοι 
ἔγραψα̣ ἵνʼ εἰδῇς. πέμψεις μοι ἀβόλλην καὶ βύρρον  
  ̣  ̣  ̣  ̣νταν καὶ ζεῦγος̣ φασκίων καὶ ζεῦγος ἱματίω̣ν 
10δερματίνων καὶ ἔλαιον̣ καὶ τὸ τ\ρ/ουλιν ὡς εἶπές μοι 
  ̣  ̣  ̣  ̣υγαυτην καὶ ζεῦγος̣ κερβικαρίων καὶ γερμανον 
  ̣  ̣  ̣  ̣ειαν αὐτοῦ. πρὸς τὸ λοιπὸν οὖν, μῆτηρ, πέμψις  
τὰ ἐπιμήνεια ἐντάχιον. ταῦτά μοι ἔλεγες, ὅτε ἦλθα 
πρός σε, ὅτι πρὸ τοῦ εἰσέλθοις εἰς τὴν παρεμπολήν σο̣υ 
15πρός σε πέμπω ἕνα τῶν ἀδελφῶν σου καὶ οὐδέν μοι 
ἔπεμψες, ἀλλὰ ἀφῆκ̣ές μοι οὕτως μηδὲν ἔχων  
- ca.13 -  ̣  ̣ μηδὲ ἄλλου μηδέν. οὐκ εἶπες̣ ὅτι 
  ̣  ̣  ̣  ̣  ̣ οὐκ ἔχω̣ν οὐ χαλκὸν ο̣ὐκ οὐδέ̣ν̣, ἀλλὰ ἀφῆκές  
μοι οὕτ̣ω̣ς ὡ̣ς κ̣υ̣ων̣ καὶ ὁ πατήρ μου πρὸς ἐ̣μ̣ὲ̣ ἐλθ  ̣  ̣  ̣  ̣  
20οὐκ ἔδωκέν μοι̣ ὀβολὸν οὐ βύρρον οὐκ οὐδέν, ἀλλὰ πάντες 
καταγελῶ̣σί μοι, ὅτι ὁ πατὴρ αὐτοῦ στρατεύεται, οὐδὲν 
αὐτῷ δέδωκε, ἔλεγε ὅτι ἐὰν ἀπέλθω εἰς οἶκον, πέμπω σοι 
πά̣ν̣τα· οὐδέ̣ν̣ μ̣οι ἐπέμψαται. διὰ τεί; ἡ μήτηρ Οὐαλερίου 
ἔπεμψε αὐτῷ ζεῦγος ὑποζωνῶν καὶ κεραμεῖον ἐλαίου 
25καὶ σφυρίδαν κρεδίων καὶ δίλασσον καὶ διακοσίας δραχμὰς 
  ̣  ̣  ̣  ̣εο  ̣λ̣α̣ρ̣ουτος. ἐρωτῶ σε οὖν, μῆτηρ, πέμψις πρὸς ἐμέ, 
μὴ ἀφήσις μοι οὕτος, ἀλλὰ ἀπῆλθα, κέχρημαι χαλκὸν 
παρὰ συστρατιώτου καὶ παρὰ τοῦ ὀπτίωνός μου καὶ ὁ ἀδελ-
φός μου Γέμελλος ἔπεμψέ μοι ἐπιστολὴν καὶ βρακέλλας. 
30γείνωσκε, ὅτι λοιποῦμαι, ὅτι οὐκ ἀπῆλθ̣α ἐνγὺς τοῦ ἀδελφ̣ο̣ῦ̣ 
καὶ αὐτὸς λυπεῖται ὅτι οὐκ ἀπῆλθα ἐνγὺς αὐτοῦ· ἔπεμ-
ψέ μοι ἐπιστολὴν μεμφόμενός μου, ὅτι εἰς ἄλλην χώραν 
ἀπῆλθα. γράφω σοι οὖν ταῦτα, ἵνʼ εἰδῇς, μήτηρ. καλῶς 
ποιήσεις κομισάμενος μου τὸ ἐπιστόλιν ἐντάχειον  
35εἰ πέμψεις ἐμαί. γείνωσκε, ὅτι ὁ ἀδελφός μου Γέμελλος 
  ̣  ̣  ̣λην ἔπεμψε καὶ ἀπῆλθε. ἀσπάζομαι τοὺς ἐν οἰκίᾳ πάντες  
τοὺς σοὺς, ἀσπάζομαι Ἀπωλλινάριον καὶ Οὐαλέριον καὶ Γέμινον, 
ἀσπάζομαι καὶ τοὺς φιλοῦντος ἡμᾶς πάντες. ","29.25,30.75",29.25,30.75,31.785,15.553571428571429,7
8,,,© Heidelberger Gesamtverzeichnis der griechischen Papyrusurkunden Ägyptens. This work is licensed under a Creative Commons Attribution 3.0 License.,,,,,Themistu meris,,,,,IX 35; X 26,,Papyrus,,"BGU 15 2481 (Nelson, Carroll A.; 1983)",Sale of Various Items,,,,Papyrus,,http://berlpap.smb.museum/04631/...,mentioned people,Verkauf; Oliven; Pflanzung,,,,,"Berlin, Staatliche Museen P. 21532",,,,,,"Egypt, 00b - Themistou Meris[written]; Egypt, 00 - Arsinoites (Fayum)[found]",,,,AD 138 - 161,,,,,,,,,,mentioned places,,Greek,Microfiche im Band,,,,,,,,,,Microfiche im Band,,138 - 161,BGU 15 2481,Verkauf; Oliven; Pflanzung,,Themistu meris (Arsinoites),,,,,,,,,,,© Heidelberger Gesamtverzeichnis der griechischen Papyrusurkunden Ägyptens. This work is licensed under a Creative Commons Attribution 3.0 License.,,IX 35; X 26,,,,,,,,,Papyrus,,,,,,,,Sale of Various Items,Papyrus,http://berlpap.smb.museum/04631/...,,,,,,,,"  ἔτους [⁦ -ca.?- ⁩ Αὐτοκράτορος] 
Κα̣ί̣σ̣α̣ρ̣ο̣ς Ἀ̣ντ̣ων̣ε̣ί̣ν̣ο̣υ̣ Σ̣[εβαστοῦ] 
μηνὸς Ἐπεὶφ δ ἐν   ̣  ̣[⁦ -ca.?- ⁩ τῆς] 
Θεμ̣ίσ̣τ̣ου μερ[ί]δ̣ο̣ς [τοῦ Ἀρσι(νοίτου) νομοῦ]. 
5ὁμολογεῖ Σώτας Ν̣ε̣ [⁦ -ca.?- ⁩ ὡς (ἐτῶν) τεσσα-]
ράκ(οντα) οὐλὴ πήχ[ει] δ̣ε̣ξ̣[ιῷ Ἥρωνι] 
Ἥρωνος [ὡς (ἐτῶν) ⁦ -ca.?- ⁩]-
πέντε οὐλὴ δα̣κ̣τ̣ύ̣λ̣ῳ̣ [⁦ -ca.?- ⁩ χειρὸς] 
ἀριστερᾶς πεπρακέναι [αὐτῷ τὸν] 
10ὁμολογοῦντα κιβωτ̣[ὸν ⁦ -ca.?- ⁩ καὶ] 
κλίνην μία[ν] κα̣ὶ̣   ̣[⁦ -ca.?- ⁩] 
μίαν καὶ ἐλε̣[ῶνα(?)](*) [⁦ -ca.?- ⁩] 
ληφα καὶ ἀπέχ[ειν τὸν ὁμολο-]
[γ]ο̣ῦ̣ν̣τα παρʼ αὐ[τοῦ ⁦ -ca.?- ⁩ τὴν] 
15συνπεφωνημ[ένην τιμὴν ἀρ-]
γυρίου δραχμὰ[ς ⁦ -ca.?- ⁩ καὶ μη-]
δὲν̣ ἐνκαλεῖν τὸν ὁ[μολογοῦντα] 
τῷ Ἥρωνει(*) περὶ τ̣[⁦ -ca.?- ⁩] 
τιμῆς̣ ἀλλὰ   ̣  ̣  ̣  ̣[⁦ -ca.?- ⁩] 
20τὸ ἀργύριον εἰς λόγ̣[ον ⁦ -ca.?- ⁩ τῶν ἐκ-]
φορίων προσόδ̣[ου ⁦ -ca.?- ⁩] 
ὑπογρ(αφεὺς) τω̣[⁦ -ca.?- ⁩] 
θ (hand 2) Σώτας Ν̣[ε ⁦ -ca.?- ⁩ ὁμολογῶ πε-]
πρακενε(*) τ̣[ῷ Ἥρωνι τὰς προκει-]
25μένας κι[βωτὸν ⁦ -ca.?- ⁩ καὶ κλί-]
νην μίαν [καὶ ⁦ -ca.?- ⁩] 
κὲ(*) ἀπεχο̣(*) τ̣[ὴν τιμὴν καὶ βε]- (hand 1) 
[βε]βιώσω(*) π̣ά̣σ̣[ῃ βεβαιώσει. ⁦ -ca.?- ⁩ ἔ-]
γραψα ὑπὲρ αὐ[τοῦ ⁦ -ca.?- ⁩ φα-]
30μένου μὴ εἰ[δέναι γράμματα] 
⁦ vac. ? ⁩  
ἐντέτακ(ται) διὰ̣ [γραφείου ⁦ -ca.?- ⁩] 
[  ̣  ̣]  ̣[  ̣  ̣]  ̣  ̣  ̣  ̣[⁦ -ca.?- ⁩] ","  ἔτους ⁦ -ca.?- ⁩ Αὐτοκράτορος 
Κα̣ί̣σ̣α̣ρ̣ο̣ς Ἀ̣ντ̣ων̣ε̣ί̣ν̣ο̣υ̣ Σ̣εβαστοῦ 
μηνὸς Ἐπεὶφ δ ἐν   ̣  ̣⁦ -ca.?- ⁩ τῆς 
Θεμ̣ίσ̣τ̣ου μερίδ̣ο̣ς τοῦ Ἀρσινοίτου νομοῦ. 
5ὁμολογεῖ Σώτας Ν̣ε̣ ⁦ -ca.?- ⁩ ὡς ἐτῶν τεσσα-
ράκοντα οὐλὴ πήχει δ̣ε̣ξ̣ιῷ Ἥρωνι 
Ἥρωνος ὡς ἐτῶν ⁦ -ca.?- ⁩-
πέντε οὐλὴ δα̣κ̣τ̣ύ̣λ̣ῳ̣ ⁦ -ca.?- ⁩ χειρὸς 
ἀριστερᾶς πεπρακέναι αὐτῷ τὸν 
10ὁμολογοῦντα κιβωτ̣ὸν ⁦ -ca.?- ⁩ καὶ 
κλίνην μίαν κα̣ὶ̣   ̣⁦ -ca.?- ⁩ 
μίαν καὶ ἐλε̣ῶνα? ⁦ -ca.?- ⁩ 
ληφα καὶ ἀπέχειν τὸν ὁμολο-
γο̣ῦ̣ν̣τα παρʼ αὐτοῦ ⁦ -ca.?- ⁩ τὴν 
15συνπεφωνημένην τιμὴν ἀρ-
γυρίου δραχμὰς ⁦ -ca.?- ⁩ καὶ μη-
δὲν̣ ἐνκαλεῖν τὸν ὁμολογοῦντα 
τῷ Ἥρωνει περὶ τ̣⁦ -ca.?- ⁩ 
τιμῆς̣ ἀλλὰ   ̣  ̣  ̣  ̣⁦ -ca.?- ⁩ 
20τὸ ἀργύριον εἰς λόγ̣ον ⁦ -ca.?- ⁩ τῶν ἐκ-
φορίων προσόδ̣ου ⁦ -ca.?- ⁩ 
ὑπογραφεὺς τω̣⁦ -ca.?- ⁩ 
θ hand 2 Σώτας Ν̣ε ⁦ -ca.?- ⁩ ὁμολογῶ πε-
πρακενε τ̣ῷ Ἥρωνι τὰς προκει-
25μένας κιβωτὸν ⁦ -ca.?- ⁩ καὶ κλί-
νην μίαν καὶ ⁦ -ca.?- ⁩ 
κὲ ἀπεχο̣ τ̣ὴν τιμὴν καὶ βε- hand 1 
βεβιώσω π̣ά̣σ̣ῃ βεβαιώσει. ⁦ -ca.?- ⁩ ἔ-
γραψα ὑπὲρ αὐτοῦ ⁦ -ca.?- ⁩ φα-
30μένου μὴ εἰδέναι γράμματα 
⁦ vac. ? ⁩  
ἐντέτακται διὰ̣ γραφείου ⁦ -ca.?- ⁩ 
  ̣  ̣  ̣  ̣  ̣  ̣  ̣  ̣  ̣⁦ -ca.?- ⁩ ","29.25,30.75",29.25,30.75,31.785,15.553571428571429,7
38,,,© Heidelberger Gesamtverzeichnis der griechischen Papyrusurkunden Ägyptens. This work is licensed under a Creative Commons Attribution 3.0 License.,,,,,Arsinoites,,,,,X 77,,Papyrus,,"P. Freib. 4 53 (Daniel, Robert Walter; 1986)",Private Memorandum,,,,Papyrus,,http://www.ub.uni-freiburg.de/index.php?id=3724&papid=000068...,mentioned people,Memorandum; Steuer; Zahlung; Geld; Öl; Kauf; Papyrusrollen; Natron; Gegenstände,,"Alternativdatierung: 12. Apr. 39 v.Chr. Zur Datierung vgl. ZPE 84,1990,75.",,,"Freiburg, Universitätsbibliothek 68",,,,,,"Egypt, 00c - Polemonos Meris[written]; Egypt, 00 - Arsinoites (Fayum)[found]",,,,"BC 39 Apr 18? (P12 or K7, year 13, Pharmouthi 19); or BC 68 Apr 25? (P12 or K7, year 13, Pharmouthi 19)",,,,,,,,,,mentioned places,,Greek,Tafel IV,,,,,,,,,,Tafel IV,,18. Apr. 39 v.Chr. (Jahr unsicher),P.Freib. 4 53,Memorandum; Steuer; Zahlung; Geld; Öl; Kauf; Papyrusrollen; Natron; Gegenstände,,Arsinoites,,,,,,,,,,,© Heidelberger Gesamtverzeichnis der griechischen Papyrusurkunden Ägyptens. This work is licensed under a Creative Commons Attribution 3.0 License.,,X 77,,,,,,"Alternativdatierung: 12. Apr. 39 v.Chr. Zur Datierung vgl. ZPE 84,1990,75.",,,Papyrus,,,,,,,,Private Memorandum,Papyrus,http://www.ub.uni-freiburg.de/index.php?id=3724&papid=000068...,,,,,,,,"  (ἔτους) ι̣γ̣ Φαρμοῦ(θι) ιθ̣  
ὑπομνηματιζμο(*)  
εἰς πό̣λιν Διονυ(σίῳ). 
δ̣ι̣αγ̣ρά̣ψαι τὸ ναύ-
5[βιο]ν τῶν κατοίκω(ν) 
ἐπὶ τὴν βασ(ιλικὴν) τράπ(εζαν). 
—— 
παρʼ Ἀπολλωνίου 
τοῦ Δημη(τρίου) ναυβίου 
ἰδίου κλήρου τοῦ 
10ιγ (ἔτους) Ἰβιῶνος Εἰκο-
σιπενταρού(ρων) χα(λκοῦ) Βοε  
ὁ αὐτὸς Ξυλ(ίτιδος) Δχ  
ὁ αὐτὸς Μα̣γδώ(λων) Δ  
ὁ αὐτὸς Τεβτύ(νεως) Β  
15(γίνονται) (τάλαντα) β  χοε  
καταγωγιν(*)  ϡν  
συμβόλου ρλ  
(γίνονται) σ̣(ύμπαν(?)) (τάλαντα) β  Αψνε  
αἳ ἀργυ(ρίου) κη ἀνὰ Αω  
20(τάλαντα) β  χ ⟦  ̣  ̣⟧ κα[ὶ] χα(λκοῦ) Αρνε  ","  ἔτους ι̣γ̣ Φαρμοῦθι ιθ̣  
ὑπομνηματιζμο  
εἰς πό̣λιν Διονυσίῳ. 
δ̣ι̣αγ̣ρά̣ψαι τὸ ναύ-
5βιον τῶν κατοίκων 
ἐπὶ τὴν βασιλικὴν τράπεζαν. 
—— 
παρʼ Ἀπολλωνίου 
τοῦ Δημητρίου ναυβίου 
ἰδίου κλήρου τοῦ 
10ιγ ἔτους Ἰβιῶνος Εἰκο-
σιπενταρούρων χαλκοῦ Βοε  
ὁ αὐτὸς Ξυλίτιδος Δχ  
ὁ αὐτὸς Μα̣γδώλων Δ  
ὁ αὐτὸς Τεβτύνεως Β  
15γίνονται τάλαντα β  χοε  
καταγωγιν  ϡν  
συμβόλου ρλ  
γίνονται σ̣ύμπαν? τάλαντα β  Αψνε  
αἳ ἀργυρίου κη ἀνὰ Αω  
20τάλαντα β  χ ⟦  ̣  ̣⟧ καὶ χαλκοῦ Αρνε  ","29.25,30.75",29.25,30.75,31.785,15.553571428571429,7
40,,,© Heidelberger Gesamtverzeichnis der griechischen Papyrusurkunden Ägyptens. This work is licensed under a Creative Commons Attribution 3.0 License.,,,,,Arsinoites,,,,,,,Papyrus,,"P. Heid. Gr. 4 300 (Hagedorn, Dieter; 1986)",Grunderwerbsanzeige,,,,Papyrus,,https://papy.zaw.uni-heidelberg.de/gv0/Papyri/P.Heid._IV/300...,mentioned people,Anzeige; Grundstück; Erwerb; Oliven- und Obstbäume; Rohr; Geld,,,,,"Heidelberg, Institut für Papyrologie P. G 852",,,,,,"Egypt, 00 - Arsinoites (Fayum)[found & written]",,,,AD 96 Feb 5,,,,,,,,,,mentioned places,,Greek,Tafel VII,,,,,,,,,,Tafel VII,,5. Febr. 96,P.Heid. 4 300,Anzeige; Grundstück; Erwerb; Oliven- und Obstbäume; Rohr; Geld,,Arsinoites,,,,,,,,,,,© Heidelberger Gesamtverzeichnis der griechischen Papyrusurkunden Ägyptens. This work is licensed under a Creative Commons Attribution 3.0 License.,,,,,,,,,,,Papyrus,,,,,,,,Grunderwerbsanzeige,Papyrus,https://papy.zaw.uni-heidelberg.de/gv0/Papyri/P.Heid._IV/300...,,,,,,,,"  -- -- -- -- -- -- -- -- -- --  
1[⁦ -ca.?- ⁩]π̣ο  ̣[  ̣  ̣]  ̣[⁦ -ca.?- ⁩] 
[⁦ -ca.?- ⁩]τ̣ροσ̣μ̣ε̣[⁦ -ca.?- ⁩] 
[⁦ -ca.?- ⁩]ω̣  ̣  ̣[  ̣  ̣] διὰ   ̣  ̣  ̣  ̣οστ[⁦ -ca.?- ⁩] 
[  ̣]  ̣[  ̣  ̣  ̣  ̣]  ̣  ̣  ̣σ̣αντος Σ̣ύρου̣ τοῦ Φανίου π̣[ερὶ   ̣  ̣  ̣  ̣  ̣  ̣  ̣] 
5τῆς̣ Ἡρ̣α̣κ̣λ̣είδου μερ̣ίδος ἐλαιωνοπαραδείσου σὺ̣ν̣ 
καλαμείᾳ(*) ἀρούρ̣[α]ς δύο , ἐν μὲν ἑκτολογουμένω̣ν̣ τάξει 
ἄρου[ραν] μίαν τ̣ε̣ιμῆς(*) ἀργυρίου δραχμῶν πεντακο̣σί̣ω̣[ν], 
ἐν δὲ κατοικικῇ [τά]ξει ἡ λοιπὴ ἄρουρα μ[ί]α τειμῆς(*)  
ἀργυρ[ίο]υ̣ δραχμῶν δισχειλίων(*) διακοσίων . διὸ ἐπι-
10δίδωμι τὴν προσαπογραφήν. (hand 2) Πτολεμαῖος γρ(αμματεύς). 
~~~~~~~~ 
κ̣ατ̣ακεχώ(ρισται). (ἔτους) ιε̣ Αὐτοκράτορος Καίσαρος 
Δομιτιανοῦ Σεβαστοῦ Γερμανικοῦ, Μεχ(εὶρ) ι̣. ","  -- -- -- -- -- -- -- -- -- --  
1⁦ -ca.?- ⁩π̣ο  ̣  ̣  ̣  ̣⁦ -ca.?- ⁩ 
⁦ -ca.?- ⁩τ̣ροσ̣μ̣ε̣⁦ -ca.?- ⁩ 
⁦ -ca.?- ⁩ω̣  ̣  ̣  ̣  ̣ διὰ   ̣  ̣  ̣  ̣οστ⁦ -ca.?- ⁩ 
  ̣  ̣  ̣  ̣  ̣  ̣  ̣  ̣  ̣σ̣αντος Σ̣ύρου̣ τοῦ Φανίου π̣ερὶ   ̣  ̣  ̣  ̣  ̣  ̣  ̣ 
5τῆς̣ Ἡρ̣α̣κ̣λ̣είδου μερ̣ίδος ἐλαιωνοπαραδείσου σὺ̣ν̣ 
καλαμείᾳ ἀρούρ̣ας δύο , ἐν μὲν ἑκτολογουμένω̣ν̣ τάξει 
ἄρουραν μίαν τ̣ε̣ιμῆς ἀργυρίου δραχμῶν πεντακο̣σί̣ω̣ν, 
ἐν δὲ κατοικικῇ τάξει ἡ λοιπὴ ἄρουρα μία τειμῆς  
ἀργυρίου̣ δραχμῶν δισχειλίων διακοσίων . διὸ ἐπι-
10δίδωμι τὴν προσαπογραφήν. hand 2 Πτολεμαῖος γραμματεύς. 
~~~~~~~~ 
κ̣ατ̣ακεχώρισται. ἔτους ιε̣ Αὐτοκράτορος Καίσαρος 
Δομιτιανοῦ Σεβαστοῦ Γερμανικοῦ, Μεχεὶρ ι̣. ","29.25,30.75",29.25,30.75,31.785,15.553571428571429,7
43,,,© Heidelberger Gesamtverzeichnis der griechischen Papyrusurkunden Ägyptens. This work is licensed under a Creative Commons Attribution 3.0 License.,,,,,Arsinoites,,,,,IX 114,,Papyrus,,"P. Köln Gr. 5 220 (Schaefer, Wolfgang; 1985) = Harrauer, Handbuch der griechischen Paläographie 26 (Harrauer, Hermann; 2010)",Weindarlehen,,,,Papyrus,,http://www.uni-koeln.de/phil-fak/ifa/NRWakademie/papyrologie...,mentioned people,Vertrag; Darlehen; Wein; Feige,,"Alternativdatierung: 1. Apr. 191 v. Chr. Zur Datierung vgl. BL IX, S. 114. Vgl. Harrauer, Paläographie, Textband, S. 02f., Nr. 26.",,,"Cologne, Papyrussammlung P. 7975",,,,,,"Egypt, 00 - Arsinoites (Fayum)[found & written]",,,,"BC 191 Apr 1? (P04 or P05, year 14, Mecheir 24) or BC 208 Apr 5? (P04 or P05, year 14, Mecheir 24)",,,,,,,,,,mentioned places,,Greek,"Tafel XI; Harrauer, Paläographie, Tafelband, Abb. 26",,,,,,,,,,"Tafel XI; Harrauer, Paläographie, Tafelband, Abb. 26",,1. Apr. 191 v.Chr. (Jahr unsicher),P.Köln 5 220,Vertrag; Darlehen; Wein; Feige,,Arsinoites,,,,,,,,,,,© Heidelberger Gesamtverzeichnis der griechischen Papyrusurkunden Ägyptens. This work is licensed under a Creative Commons Attribution 3.0 License.,,IX 114,,,,,,"Alternativdatierung: 1. Apr. 191 v. Chr. Zur Datierung vgl. BL IX, S. 114. Vgl. Harrauer, Paläographie, Textband, S. 02f., Nr. 26.",,,Papyrus,,,,,,,,Weindarlehen,Papyrus,http://www.uni-koeln.de/phil-fak/ifa/NRWakademie/papyrologie...,,,,,,,,"  [- ca.9 - Μακεδὼ]ν̣ τριακοντά-
[ρουρος   ̣  ̣  ̣  ̣  ̣  ̣  ̣  ̣]  ̣ καὶ [Ἰσ]ι̣δώρωι 
[τοῖς ἐξειληφόσι]ν̣ τὴν ἀπόμοιραν 
[- ca.11 -]  ̣μ̣[  ̣  ̣]υ χα̣[ί]ρειν. [ὁ]μ̣ο-
5λογῶ [ἐσχηκ]έναι παρʼ ὑμῶν 
τοὺ̣ς τ̣ε̣[σσα]ρ̣[ά]κοντα πέντε 
μετρητὰς τοῦ οἴνου οὓς̣ συνεγρα-
ψάμην δώσειν εἰς τὴν ἀπ̣ό[μοι-]
ραν [τ]ο̣ῦ ὑπάρχοντός μοι ἀ[μπ]ε-
10λῶνος περὶ τὴν προγεγραμμέ-
νην κώμην ἐν τι(*) ἰδίωι κλήρωι 
τιμῆς τὸν μετρητὴν ἕκασ̣τ̣ον 
χαλκοῦ πρὸς ἀργύριον δραχ̣μ̣ῶν 
ἑπτακοσίων ὃ γίνεται χα̣[λ]κοῦ 
15πρὸς ἀργύριον τάλαντα πέντε 
δραχμαὶ χίλιαι πεντακόσιαι, 
(γίνονται) (τάλαντα) ε (δραχμαὶ) Αφ, ἃ καὶ τάξομαι ἐπὶ̣ 
τὴν βασιλικὴν τράπεζαν 
ἕως Μεχεὶρ τριακ[ά]δος τοῦ τ[εσ-]
20σαρεσκαιδεκάτου ἔτους 
ἢ ἀποτείσω ἡμ[ι]όλιον. π[ροσ-]
διαγραψα δὲ καὶ τῶν συκί[νων] 
καρπῶν δραχμὰς τριάκ[οντ]α. 
καὶ ἡ πρᾶξις ὑμῖν ἔστω ἔκ τε 
25ἐμοῦ καὶ τῶν ὑπαρχόντων 
μοι π̣ά̣ντων πράσσοντι π̣[ρὸ]ς̣ 
[βασιλ]ικά. 
ἔρρωσθε. (ἔτους) ιδ Μεχεὶρ κ̣δ̣. ","  - ca.9 - Μακεδὼν̣ τριακοντά-
ρουρος   ̣  ̣  ̣  ̣  ̣  ̣  ̣  ̣  ̣ καὶ Ἰσι̣δώρωι 
τοῖς ἐξειληφόσιν̣ τὴν ἀπόμοιραν 
- ca.11 -  ̣μ̣  ̣  ̣υ χα̣ίρειν. ὁμ̣ο-
5λογῶ ἐσχηκέναι παρʼ ὑμῶν 
τοὺ̣ς τ̣ε̣σσαρ̣άκοντα πέντε 
μετρητὰς τοῦ οἴνου οὓς̣ συνεγρα-
ψάμην δώσειν εἰς τὴν ἀπ̣όμοι-
ραν το̣ῦ ὑπάρχοντός μοι ἀμπε-
10λῶνος περὶ τὴν προγεγραμμέ-
νην κώμην ἐν τι ἰδίωι κλήρωι 
τιμῆς τὸν μετρητὴν ἕκασ̣τ̣ον 
χαλκοῦ πρὸς ἀργύριον δραχ̣μ̣ῶν 
ἑπτακοσίων ὃ γίνεται χα̣λκοῦ 
15πρὸς ἀργύριον τάλαντα πέντε 
δραχμαὶ χίλιαι πεντακόσιαι, 
γίνονται τάλαντα ε δραχμαὶ Αφ, ἃ καὶ τάξομαι ἐπὶ̣ 
τὴν βασιλικὴν τράπεζαν 
ἕως Μεχεὶρ τριακάδος τοῦ τεσ-
20σαρεσκαιδεκάτου ἔτους 
ἢ ἀποτείσω ἡμιόλιον. προσ-
διαγραψα δὲ καὶ τῶν συκίνων 
καρπῶν δραχμὰς τριάκοντα. 
καὶ ἡ πρᾶξις ὑμῖν ἔστω ἔκ τε 
25ἐμοῦ καὶ τῶν ὑπαρχόντων 
μοι π̣ά̣ντων πράσσοντι π̣ρὸς̣ 
βασιλικά. 
ἔρρωσθε. ἔτους ιδ Μεχεὶρ κ̣δ̣. ","29.25,30.75",29.25,30.75,31.785,15.553571428571429,7
78,,,© Heidelberger Gesamtverzeichnis der griechischen Papyrusurkunden Ägyptens. This work is licensed under a Creative Commons Attribution 3.0 License.,,,,,Arsinoites,,,,,,,Papyrus,,"P. Petrie 3 143 (Mahaffy, John P. / Smyly, J. Gilbart; 1905) = P. Petrie 2 33 a (Mahaffy, John P. / ; 1893) = P. Lond. 3 p. XVI no. 571 descr. (Kenyon, Frederic G. / Bell, Harold Idris; 1907)",A Steward’s Account,,,,Papyrus,,http://www.bl.uk/manuscripts/FullDisplay.aspx?ref=Papyrus_57...,mentioned people,Abrechnung; Ausgaben; Brot; Löhne; Hirte; Getreide,,,,,"London, British Library Pap 571",,,,,,"Egypt, 00a? - Gurob[found]; Egypt, 00 - Arsinoites (Fayum)[written]",,,,BC 299 - 200,,,,,,,,,,,,Greek,,,,,,,,,,,,,III v.Chr.,P.Lond. III 571 descr.,Abrechnung; Ausgaben; Brot; Löhne; Hirte; Getreide,,Arsinoites,,,,,,,,,,,© Heidelberger Gesamtverzeichnis der griechischen Papyrusurkunden Ägyptens. This work is licensed under a Creative Commons Attribution 3.0 License.,,,,,,,,,,,Papyrus,,,,,,,,A Steward’s Account,Papyrus,http://www.bl.uk/manuscripts/FullDisplay.aspx?ref=Papyrus_57...,,,,,,,,"  λόγος πα[  ̣  ̣  ̣]σ̣κ̣α̣τ̣ο̣ς̣ τῶν κατὰ τὴν 
οἰκίαν ἀ̣[νηλωμάτων ⁦ -ca.?- ⁩](*)  
μηνὸς Χοιὰχ ἔχω ἀπὸ φορέτρου ὑπο-
ζυγίων (δραχμὰς) κη [(ὀβολοὺς) β  𐅵](*)  
5ἐνοίκιον τοῦ οἰκήματος τοῦ Ἁθὺρ 
καὶ Χοιὰχ (τριώβολον)  
(γίνονται) (δραχμαὶ) κη  (πεντώβολον)  
[ἀν]ήλωμα 
εἰς τοὺς σάκκους τρίχ̣ες(*)  (τριώβολον)  
10γ ἄρτων τῶν ἀποσταλέντων σοι 
ἄνω (ἀρτάβας) β κάτεργον (τριώβολον)  
οἰκοδόμωι τοῦ οἰκήματος (δραχμὴν) α  (ὀβολὸν)  
[ἐ]ργάτοις(*) τοῖς ὑπηρετοῦσι (τριώβολον)  
[ἐ]ργάτηι τῶι κ[  ̣  ̣]φοντι(*) τὸν ποτα-
15μογείτονα(*) ἐπὶ τὸ οἴκημα (ὀβολὸν) α  𐅵  
  ̣  ̣  ̣ καὶ ψελίου καὶ δρεπάνου (ἡμιωβέλιον) 
τῶι τὴν πλίν[θο]ν προσάγοντι 
  ̣  ̣τον[⁦ -ca.?- ⁩] (ὀβολὸν) α  𐅵  
τῶι(*) τὸ λοιπὸν [⁦ -ca.?- ⁩] 
20οἰκοδόμωι γα[⁦ -ca.?- ⁩] 
ἐργάταις τοῖς ὑπηρετοῦσι ἡμε-
ρῶν τέτταρα [⁦ -ca.?- ⁩]τεων θ (ἀνὰ) (ὀβολὸν) α  𐅵(*) (δραχμὰς) β (ὀβολὸν) α  𐅵  
καὶ τῶι   ̣  ̣  ̣οντι τὰ ξύλα (ὀβολὸν) α  𐅵  
δοκοὶ με (ἀνὰ) (ἡμιωβέλιον) (τέταρτον ὀβολοῦ) (*) (δραχμὰς) ε (ὀβολοὺς) δ  𐅵  δ´  
25ἄρτων τῶν ἀποσταλέντων σοι ἄνω 
(ἀρτάβην) α κάτεργον (ὀβολὸν) α  𐅵  
καὶ τὰ ὀψώνια τοῖς κατὰ τὴν οἰκίαν 
τοὺ Ἁθὺρ Πετοβάστει (δραχμὰς) δ̣(*)  
Ψενοβάστει βουκόλωι (δραχμὰς) β  (τριώβολον)  
30Ἁρμεῶτι ὑφορβῶι (δραχμὰς) β  (τριώβολον)  
Κίσσωι, καὶ Νικαίωι(*) τὸ ἔλαιον (δραχμὴν) α  
τοῖς κτήμασιν(*) κρι(θῆς) (ἀρτάβας) ιζ χο(ίνικα 1) (ἀνὰ) (ὀβολοὺς) δ  𐅵 (δραχμαὶ) ιβ (ὀβολοὶ) δ  𐅵  δ´(*)  
γράστεως(*) τῆς ἀγορασθείσης(*) τοῖς 
ἵπ[π]οις (ἀρτάβην) α  η´  ιϛ´(*)  
35καὶ τὰ ἀποστα[λέντα ⁦ -ca.?- ⁩] 
Ἀριστίωι ὄρνιθες [⁦ -ca.?- ⁩] ","  λόγος πα  ̣  ̣  ̣σ̣κ̣α̣τ̣ο̣ς̣ τῶν κατὰ τὴν 
οἰκίαν ἀ̣νηλωμάτων ⁦ -ca.?- ⁩  
μηνὸς Χοιὰχ ἔχω ἀπὸ φορέτρου ὑπο-
ζυγίων δραχμὰς κη ὀβολοὺς β  𐅵  
5ἐνοίκιον τοῦ οἰκήματος τοῦ Ἁθὺρ 
καὶ Χοιὰχ τριώβολον  
γίνονται δραχμαὶ κη  πεντώβολον  
ἀνήλωμα 
εἰς τοὺς σάκκους τρίχ̣ες  τριώβολον  
10γ ἄρτων τῶν ἀποσταλέντων σοι 
ἄνω ἀρτάβας β κάτεργον τριώβολον  
οἰκοδόμωι τοῦ οἰκήματος δραχμὴν α  ὀβολὸν  
ἐργάτοις τοῖς ὑπηρετοῦσι τριώβολον  
ἐργάτηι τῶι κ  ̣  ̣φοντι τὸν ποτα-
15μογείτονα ἐπὶ τὸ οἴκημα ὀβολὸν α  𐅵  
  ̣  ̣  ̣ καὶ ψελίου καὶ δρεπάνου ἡμιωβέλιον 
τῶι τὴν πλίνθον προσάγοντι 
  ̣  ̣τον⁦ -ca.?- ⁩ ὀβολὸν α  𐅵  
τῶι τὸ λοιπὸν ⁦ -ca.?- ⁩ 
20οἰκοδόμωι γα⁦ -ca.?- ⁩ 
ἐργάταις τοῖς ὑπηρετοῦσι ἡμε-
ρῶν τέτταρα ⁦ -ca.?- ⁩τεων θ ἀνὰ ὀβολὸν α  𐅵 δραχμὰς β ὀβολὸν α  𐅵  
καὶ τῶι   ̣  ̣  ̣οντι τὰ ξύλα ὀβολὸν α  𐅵  
δοκοὶ με ἀνὰ ἡμιωβέλιον τέταρτον ὀβολοῦ  δραχμὰς ε ὀβολοὺς δ  𐅵  δ´  
25ἄρτων τῶν ἀποσταλέντων σοι ἄνω 
ἀρτάβην α κάτεργον ὀβολὸν α  𐅵  
καὶ τὰ ὀψώνια τοῖς κατὰ τὴν οἰκίαν 
τοὺ Ἁθὺρ Πετοβάστει δραχμὰς δ̣  
Ψενοβάστει βουκόλωι δραχμὰς β  τριώβολον  
30Ἁρμεῶτι ὑφορβῶι δραχμὰς β  τριώβολον  
Κίσσωι, καὶ Νικαίωι τὸ ἔλαιον δραχμὴν α  
τοῖς κτήμασιν κριθῆς ἀρτάβας ιζ χοίνικα 1 ἀνὰ ὀβολοὺς δ  𐅵 δραχμαὶ ιβ ὀβολοὶ δ  𐅵  δ´  
γράστεως τῆς ἀγορασθείσης τοῖς 
ἵπποις ἀρτάβην α  η´  ιϛ´  
35καὶ τὰ ἀποσταλέντα ⁦ -ca.?- ⁩ 
Ἀριστίωι ὄρνιθες ⁦ -ca.?- ⁩ ","29.25,30.75",29.25,30.75,31.785,15.553571428571429,7
79,,,© Heidelberger Gesamtverzeichnis der griechischen Papyrusurkunden Ägyptens. This work is licensed under a Creative Commons Attribution 3.0 License.,,,,,Arsinoites,,,,,,,Papyrus,,"P. Petrie 3 137 (Mahaffy, John P. / Smyly, J. Gilbart; 1905)",Private Accounts,,,,Papyrus,,,,Abrechnung; Brot; Öl; Gemüse,,,,,"Dublin, Trinity College Pap. FF number unknown",,,,,,"Egypt, 00a? - Gurob[found]; Egypt, 00 - Arsinoites (Fayum)[written]",,,,BC 299 - 200,,,,,,,,,,,,Greek,,,,,,,,,,,,,III v.Chr.,P.Petr. 3 137,Abrechnung; Brot; Öl; Gemüse,,Arsinoites,,,,,,,,,,,© Heidelberger Gesamtverzeichnis der griechischen Papyrusurkunden Ägyptens. This work is licensed under a Creative Commons Attribution 3.0 License.,,,,,,,,,,,Papyrus,,,,,,,,Private Accounts,Papyrus,,,,,,,,,"    ̣  ̣  ̣  
δ ἄρτοι σοὶ (ἡμιωβέλιον) 
ἄρτοι ἐμοὶ (ὀβολὸς) α  δ´ (ὧν) 
κατελίφθη ἄρτων α  𐅵  
5ἔλαιον (τέταρτον ὀβολοῦ) (γίνονται) (διώβολον)  
ε ἄρτοι (ἡμιωβέλιον) 
ὑδροφόρωι (ἡμιωβέλιον)   ̣  ̣  ̣  ̣ (τέταρτον ὀβολοῦ) 
κράμβη (τέταρτον ὀβολοῦ) 
ἔλαιον (τέταρτον ὀβολοῦ) 
10ὄξος χ(αλκοῦς) α  
ῥαφάνια χ(αλκοῦς) α  
σκόρδ(ον) χ(αλκοῦς) α  
ξύλα χ(αλκοῦς) α  
ἔλαιον (ἡμιωβέλιον) (γίνονται) (ὀβολοὶ) β  𐅵  δ´  
15ϛ βαλανεῖον (τέταρτον ὀβολοῦ) 
ἔλαιον (τέταρτον ὀβολοῦ) (γίνεται) (ἡμιωβέλιον) (γίνονται) (δραχμαὶ) β  (πεντώβολον) χ(αλκοῦς) α  
ζ ἄρτοι ἐμοὶ (ἡμιωβέλιον) 
Τρύφων (ἡμιωβέλιον) (τέταρτον ὀβολοῦ) (γίνεται) (ὀβολὸς) α  δ´  
η ἄρτοι ἐμοὶ (ὀβολὸς)  
20ἄρτοι σοὶ (ἡμιωβέλιον) 
ἔλαιον (τέταρτον ὀβολοῦ) 
σεῦτλον χ(αλκοῦς) α (γίνεται) (ὀβολὸς) α  𐅵  δ´ χα(λκοῦς) α  
(γίνονται) α (ὀβολοὶ) β  δ´  ","    ̣  ̣  ̣  
δ ἄρτοι σοὶ ἡμιωβέλιον 
ἄρτοι ἐμοὶ ὀβολὸς α  δ´ ὧν 
κατελίφθη ἄρτων α  𐅵  
5ἔλαιον τέταρτον ὀβολοῦ γίνονται διώβολον  
ε ἄρτοι ἡμιωβέλιον 
ὑδροφόρωι ἡμιωβέλιον   ̣  ̣  ̣  ̣ τέταρτον ὀβολοῦ 
κράμβη τέταρτον ὀβολοῦ 
ἔλαιον τέταρτον ὀβολοῦ 
10ὄξος χαλκοῦς α  
ῥαφάνια χαλκοῦς α  
σκόρδον χαλκοῦς α  
ξύλα χαλκοῦς α  
ἔλαιον ἡμιωβέλιον γίνονται ὀβολοὶ β  𐅵  δ´  
15ϛ βαλανεῖον τέταρτον ὀβολοῦ 
ἔλαιον τέταρτον ὀβολοῦ γίνεται ἡμιωβέλιον γίνονται δραχμαὶ β  πεντώβολον χαλκοῦς α  
ζ ἄρτοι ἐμοὶ ἡμιωβέλιον 
Τρύφων ἡμιωβέλιον τέταρτον ὀβολοῦ γίνεται ὀβολὸς α  δ´  
η ἄρτοι ἐμοὶ ὀβολὸς  
20ἄρτοι σοὶ ἡμιωβέλιον 
ἔλαιον τέταρτον ὀβολοῦ 
σεῦτλον χαλκοῦς α γίνεται ὀβολὸς α  𐅵  δ´ χαλκοῦς α  
γίνονται α ὀβολοὶ β  δ´  ","29.25,30.75",29.25,30.75,31.785,15.553571428571429,7
80,,,© Heidelberger Gesamtverzeichnis der griechischen Papyrusurkunden Ägyptens. This work is licensed under a Creative Commons Attribution 3.0 License.,,,,,Arsinoites,,,,,,,Papyrus,,"P. Petrie 3 140 a-d (Mahaffy, John P. / Smyly, J. Gilbart; 1905)",Private Accounts,,,,Papyrus,,,,Abrechnung; Gemüse; Fleisch; Brot; Öl; Kleidung,,,,,"Dublin, Trinity College Pap. FF number unknown",,,,,,"Egypt, 00a? - Gurob[found]; Egypt, 00 - Arsinoites (Fayum)[written]",,,,BC 299 - 200,,,,,,,,,,,,Greek,,,,,,,,,,,,,III v.Chr.,P.Petr. 3 140 (a) - (d),Abrechnung; Gemüse; Fleisch; Brot; Öl; Kleidung,,Arsinoites,,,,,,,,,,,© Heidelberger Gesamtverzeichnis der griechischen Papyrusurkunden Ägyptens. This work is licensed under a Creative Commons Attribution 3.0 License.,,,,,,,,,,,Papyrus,,,,,,,,Private Accounts,Papyrus,,,,,,,,,"  πτωχῶι (τέταρτον ὀβολοῦ) , γναφεῖ (ἡμιωβέλιον) , 
τῶι ὄνωι ἔλαιον (τέταρτον ὀβολοῦ) , ἅλας (τέταρτον ὀβολοῦ) 
ξύλα \κλιβάνωι/ (ἡμιωβέλιον) , περικεφαλαίας 
καὶ θήκης (τέταρτον ὀβολοῦ) , ληνὸς (ἡμιωβέλιον) (τέταρτον ὀβολοῦ) 
5βαλανεῖ (τέταρτον ὀβολοῦ) , ξύλα (τέταρτον ὀβολοῦ) , χύτρα χ(αλκοῦς 1), 
κρόμμυα (τέταρτον ὀβολοῦ) , ῥῖποι (τριώβολον) (γίνεται) α (ἡμιωβέλιον) χ(αλκοῦς 1) 
οἴνου χο(ῖνιξ) α  𐅵 (δραχμαὶ) β (ἡμιωβέλιον) , σῦκα (ὀβολὸς), 
κρέων μν(ῶν) γ(*)  (τετρώβολον) (γίνονται) (δραχμαὶ) δ χ(αλκοῦς 1) ","  πτωχῶι τέταρτον ὀβολοῦ , γναφεῖ ἡμιωβέλιον , 
τῶι ὄνωι ἔλαιον τέταρτον ὀβολοῦ , ἅλας τέταρτον ὀβολοῦ 
ξύλα \κλιβάνωι/ ἡμιωβέλιον , περικεφαλαίας 
καὶ θήκης τέταρτον ὀβολοῦ , ληνὸς ἡμιωβέλιον τέταρτον ὀβολοῦ 
5βαλανεῖ τέταρτον ὀβολοῦ , ξύλα τέταρτον ὀβολοῦ , χύτρα χαλκοῦς 1, 
κρόμμυα τέταρτον ὀβολοῦ , ῥῖποι τριώβολον γίνεται α ἡμιωβέλιον χαλκοῦς 1 
οἴνου χοῖνιξ α  𐅵 δραχμαὶ β ἡμιωβέλιον , σῦκα ὀβολὸς, 
κρέων μνῶν γ  τετρώβολον γίνονται δραχμαὶ δ χαλκοῦς 1 ","29.25,30.75",29.25,30.75,31.785,15.553571428571429,7
81,,,© Heidelberger Gesamtverzeichnis der griechischen Papyrusurkunden Ägyptens. This work is licensed under a Creative Commons Attribution 3.0 License.,,,,,Arsinoites,,,,,IX 211,,Papyrus,,"P. Petrie 3 142 (Mahaffy, John P. / Smyly, J. Gilbart; 1905)",Private Accounts,,,,Papyrus,,,,Abrechnung; Wein; Öl; Nüsse; Feigen; Geflügel,,,,,"Dublin, Trinity College Pap. F 133",,,,,,"Egypt, 00a? - Gurob[found]; Egypt, 00 - Arsinoites (Fayum)[written]",,,,BC 299 - 200,,,,,,,,,,mentioned places,,Greek,,,,,,,,,,,,,III v.Chr.,P.Petr. 3 142,Abrechnung; Wein; Öl; Nüsse; Feigen; Geflügel,,Arsinoites,,,,,,,,,,,© Heidelberger Gesamtverzeichnis der griechischen Papyrusurkunden Ägyptens. This work is licensed under a Creative Commons Attribution 3.0 License.,,IX 211,,,,,,,,,Papyrus,,,,,,,,Private Accounts,Papyrus,,,,,,,,,"  λοιπὸν (δραχμὴ) α (ὀβολὸς) α  δ´ χ(αλκοῦς 1) 
ϛ ὄψον (ἡμιωβέλιον) 
ὠιὰ (ὀβολὸς)  
οἴνος (διώβολον)  
5ξύλα τέ(ταρτον ὀβολοῦ) 
ἔλαιον τέ(ταρτον ὀβολοῦ) χ(αλκοῦς 1) 
εἰς βαλανεῖον τέ(ταρτον ὀβολοῦ) 
κοῦρει (ὀβολὸς) α  𐅵  
λοιπὸν (ὀβολὸς) α  𐅵  
10ζ \Ἡγησίλαι/ κάρυα χο(ίνικες) β, Χαλκιδι(κὰ) 
(δραχμαὶ) β  
βασιλικῶν(*) χο(ινίκες) β (δραχμαὶ) [β] 
Ποντικῶν χο(ῖνιξ) α  α  
ε  ̣  ̣ ἔλαιου πε̣λ̣  ̣  ̣  
15[⁦ -ca.?- ⁩]α (ὀβολοὶ) γ  𐅵  
ἰσχάδων πρ(  ) γ (δραχμαὶ) β  
ὄρνιθες (δραχμαὶ) γ  (τριώβολον)  
σῦκα (δραχμὴ) α  
στεφάνια τῶι Ἀδώ-
20νει (ὀβολοὶ) ε  𐅵  
ἐργάτηι (ἡμιωβέλιον) 
χορδαὶ (δραχμὴ) α (ἡμιωβέλιον) 
(γίνονται) ιδ  (διώβολον)  
η εἰς βαλανεῖον τέ(ταρτον ὀβολοῦ) 
25λάχανα τέ(ταρτον ὀβολοῦ) 
θ ὕδωρ τέ(ταρτον ὀβολοῦ) 
εἰς δεικτήριον (διώβολον)  
στέφανοι (ὀβολὸς)  
[⁦ -ca.?- ⁩]α (ὀβολοὶ) δ  δ´  ","  λοιπὸν δραχμὴ α ὀβολὸς α  δ´ χαλκοῦς 1 
ϛ ὄψον ἡμιωβέλιον 
ὠιὰ ὀβολὸς  
οἴνος διώβολον  
5ξύλα τέταρτον ὀβολοῦ 
ἔλαιον τέταρτον ὀβολοῦ χαλκοῦς 1 
εἰς βαλανεῖον τέταρτον ὀβολοῦ 
κοῦρει ὀβολὸς α  𐅵  
λοιπὸν ὀβολὸς α  𐅵  
10ζ \Ἡγησίλαι/ κάρυα χοίνικες β, Χαλκιδικὰ 
δραχμαὶ β  
βασιλικῶν χοινίκες β δραχμαὶ β 
Ποντικῶν χοῖνιξ α  α  
ε  ̣  ̣ ἔλαιου πε̣λ̣  ̣  ̣  
15⁦ -ca.?- ⁩α ὀβολοὶ γ  𐅵  
ἰσχάδων πρ   γ δραχμαὶ β  
ὄρνιθες δραχμαὶ γ  τριώβολον  
σῦκα δραχμὴ α  
στεφάνια τῶι Ἀδώ-
20νει ὀβολοὶ ε  𐅵  
ἐργάτηι ἡμιωβέλιον 
χορδαὶ δραχμὴ α ἡμιωβέλιον 
γίνονται ιδ  διώβολον  
η εἰς βαλανεῖον τέταρτον ὀβολοῦ 
25λάχανα τέταρτον ὀβολοῦ 
θ ὕδωρ τέταρτον ὀβολοῦ 
εἰς δεικτήριον διώβολον  
στέφανοι ὀβολὸς  
⁦ -ca.?- ⁩α ὀβολοὶ δ  δ´  ","29.25,30.75",29.25,30.75,31.785,15.553571428571429,7
83,,,© Heidelberger Gesamtverzeichnis der griechischen Papyrusurkunden Ägyptens. This work is licensed under a Creative Commons Attribution 3.0 License.,,,,,Arsinoites,,,,,,,Papyrus,,"P. Prag 3 230 (Mitthof, Fritz / Papathomas, Amphilochios; 2011)",Anweisung zur Lieferung von Öl an einen Zimmermann,,,,Papyrus,,http://www.psi-online.it/documents/pprag;3;230...,,Anweisung (Theon an den Ölmüller Sambas); Lieferung von Öl an Kolluthos (Zimmermann); Entlohnung für Bauarbeiten,,Gehört zum Archiv des Ölmüllers Sambas.,,,"Prague, National Library P. Wessely Prag. Gr. II 251",,,,,,"Egypt, 00 - Arsinoites (Fayum)[found & written]",,,,AD 500 - 599,,,,,,,,P.Prag. inv. Gr. II 251,,mentioned places,,Greek,Tav. XVI,,,,,,Theon,,,,Tav. XVI,,VI,P.Prag. 3 230,Anweisung (Theon an den Ölmüller Sambas); Lieferung von Öl an Kolluthos (Zimmermann); Entlohnung für Bauarbeiten,,Arsinoites,,,,,,,,,,,© Heidelberger Gesamtverzeichnis der griechischen Papyrusurkunden Ägyptens. This work is licensed under a Creative Commons Attribution 3.0 License.,,,,,,,,Gehört zum Archiv des Ölmüllers Sambas.,P.Prag. inv. Gr. II 251,,Papyrus,,,,,,,,Anweisung zur Lieferung von Öl an einen Zimmermann,Papyrus,http://www.psi-online.it/documents/pprag;3;230...,,,,,,,,"  † 
[⳨ Θέω]ν̣ Σα̣μβᾷ ἐλ̣α̣ιουργῷ. δύο ξέστας ἐλαίου παράσχου Κολούθῳ(*) τέκτ(ονι) ὑ̣[περ] 
[σαλα]ρ(ίου) νο(μίσματος) α // φιλοκαλ(ίας) κελλείων(*) ἐ̣ποικ(ίου) Φανήσεως δ(ι’) Ἰ(*)ωσὴφ ἀρχιπρ(εσβυτέρου), ἐ̣[λ(αίου) ξ(έστας)] β̣ [μόν(ους).] 
[- ca.5 -]  ̣[- ca.5 -] ἰ[ν](δικτίονος). δ̣[ι’] ἐ̣[μοῦ Π]οῦσι †. (hand 2) ἐσημει(ωσάμην) ἐλέου(*) ξέστας δύο μόν(ους) †. (hand 1?) (abbreviation). ","  † 
⳨ Θέων̣ Σα̣μβᾷ ἐλ̣α̣ιουργῷ. δύο ξέστας ἐλαίου παράσχου Κολούθῳ τέκτονι ὑ̣περ 
σαλαρίου νομίσματος α // φιλοκαλίας κελλείων ἐ̣ποικίου Φανήσεως δι’ Ἰωσὴφ ἀρχιπρεσβυτέρου, ἐ̣λαίου ξέστας β̣ μόνους. 
- ca.5 -  ̣- ca.5 - ἰνδικτίονος. δ̣ι’ ἐ̣μοῦ Ποῦσι †. hand 2 ἐσημειωσάμην ἐλέου ξέστας δύο μόνους †. hand 1? abbreviation. ","29.25,30.75",29.25,30.75,31.785,15.553571428571429,7
89,,,© Heidelberger Gesamtverzeichnis der griechischen Papyrusurkunden Ägyptens. This work is licensed under a Creative Commons Attribution 3.0 License.,,,,,Arsinoites,,,,,,,Papyrus,,"P. Strasb. Gr. 4 295 (Schwartz, Jacques; 1963)",Comptes par village,,,,Papyrus,,,mentioned people,Abrechnung; Wein; Öl; Lieferungen; Geld; Steuern (?),,,,,"Strasbourg, Bibliothèque Nationale P. gr. 779",,,,,,"Egypt, 00 - Arsinoites (Fayum)[found & written]",,,,AD 250 - 299,,,,,,,,,,mentioned places,,Greek,,,,,,,,,,,,,2. Hälfte III,P.Strasb. 4 295,Abrechnung; Wein; Öl; Lieferungen; Geld; Steuern (?),,Arsinoites (?),,,,,,,,,,,© Heidelberger Gesamtverzeichnis der griechischen Papyrusurkunden Ägyptens. This work is licensed under a Creative Commons Attribution 3.0 License.,,,,,,,,,,,Papyrus,,,,,,,,Comptes par village,Papyrus,,,,,,,,,"  Κυνῶν (ἄρουραι) φκϛ  δ´  η´  ιϛ´ [⁦ -ca.?- ⁩] 
ἀφʼ ὧν διεγράφη τῇ δημοσίᾳ τρ[απέζῃ ⁦ -ca.?- ⁩] 
καὶ παρεδέχ(θη) ὧν ναῦλα οὐκ ἐδό[θη διʼ αὐτῆς ὑπὲρ τοῦ] 
οἴνου ἀποσταλ(έντος) εἰς Θηβαί(*)δα ι κ̣[⁦ -ca.?- ⁩] 
5διὰ Διοσκορίωνος κ̣α̣ὶ̣ Ἁρποκρατίω(νος)   ̣[⁦ -ca.?- ⁩] 
  ̣εις(  ) καὶ παραδοχ(ὴ) (τάλαντα) β (δραχμαὶ) Βτκβ    ̣[⁦ -ca.?- ⁩ τι-]
σιν ὑπὲρ ναύλου τῶν ἀπ[οσ]ταλ(έντων) με  ̣[⁦ -ca.?- ⁩] 
ρο  ̣  ̣  ̣ ἐ(λαίου) (ξέσται) νη ἐκ (δηναρίου) α (γίνονται δραχμαὶ) σλβ    ̣[⁦ -ca.?- ⁩] 
Ἐλευσῖνος (ἄρουραι) τκθ  𐅵  δ´  ιϛ´  ξδ´ [⁦ -ca.?- ⁩] 
10ἀφʼ ὧν παρεδέχ(θη) ὧν ναῦλα οὐ[κ ἐδόθη διὰ τῆς δημο-]
σίας τρ[α]π̣έζης [π]ερὶ τῆς ἀποστ[ο]λ(ῆς) εἰς Θ[ηβαίδα] 
διὰ Στίλβωνος ἐπιμελητοῦ ἑσθῆ̣τ(ος) [⁦ -ca.?- ⁩] 
[  ̣  ̣]  ̣  ̣ ἀποδεκ(τ ) (ἀρτάβαι) θ Παῦνι διὰ Χαίρω[νος καὶ] 
τῶν̣ ἀποδεκ(τῶν) (ἀρτάβαι) κδ γ(ίνονται) (ἀρτάβαι) λγ ἐκ (δραχμῶν) μ (γίνονται δραχμαὶ) [Ατκ] 
15ἀν  ̣[  ̣]τισιν ὑπὲρ ναύλου τῶ̣ν ἀπο̣σ̣τ̣α̣λ̣(έντων)   ̣[⁦ -ca.?- ⁩] 
καὶ Εὐ[σ]τοργὶς̣ <ἐ(λαίου)> (ξέσται) ρνε ἐκ (δηναρίου) α <(γίνονται) (δραχμαὶ)> χκ κρι[θ  ̣  ̣⁦ -ca.?- ⁩] 
πρ  ̣τ̣α (ἀρτάβαι) β (δραχμαὶ) π (γίνονται δραχμαὶ) ψ πα̣ρ(  ) (τάλαντον) α    ̣[⁦ -ca.?- ⁩] 
Μούχεως (ἄρουραι) Αφιγ  ιϛ´  λβ´ [⁦ -ca.?- ⁩] ","  Κυνῶν ἄρουραι φκϛ  δ´  η´  ιϛ´ ⁦ -ca.?- ⁩ 
ἀφʼ ὧν διεγράφη τῇ δημοσίᾳ τραπέζῃ ⁦ -ca.?- ⁩ 
καὶ παρεδέχθη ὧν ναῦλα οὐκ ἐδόθη διʼ αὐτῆς ὑπὲρ τοῦ 
οἴνου ἀποσταλέντος εἰς Θηβαίδα ι κ̣⁦ -ca.?- ⁩ 
5διὰ Διοσκορίωνος κ̣α̣ὶ̣ Ἁρποκρατίωνος   ̣⁦ -ca.?- ⁩ 
  ̣εις   καὶ παραδοχὴ τάλαντα β δραχμαὶ Βτκβ    ̣⁦ -ca.?- ⁩ τι-
σιν ὑπὲρ ναύλου τῶν ἀποσταλέντων με  ̣⁦ -ca.?- ⁩ 
ρο  ̣  ̣  ̣ ἐλαίου ξέσται νη ἐκ δηναρίου α γίνονται δραχμαὶ σλβ    ̣⁦ -ca.?- ⁩ 
Ἐλευσῖνος ἄρουραι τκθ  𐅵  δ´  ιϛ´  ξδ´ ⁦ -ca.?- ⁩ 
10ἀφʼ ὧν παρεδέχθη ὧν ναῦλα οὐκ ἐδόθη διὰ τῆς δημο-
σίας τραπ̣έζης περὶ τῆς ἀποστολῆς εἰς Θηβαίδα 
διὰ Στίλβωνος ἐπιμελητοῦ ἑσθῆ̣τος ⁦ -ca.?- ⁩ 
  ̣  ̣  ̣  ̣ ἀποδεκτ  ἀρτάβαι θ Παῦνι διὰ Χαίρωνος καὶ 
τῶν̣ ἀποδεκτῶν ἀρτάβαι κδ γίνονται ἀρτάβαι λγ ἐκ δραχμῶν μ γίνονται δραχμαὶ Ατκ 
15ἀν  ̣  ̣τισιν ὑπὲρ ναύλου τῶ̣ν ἀπο̣σ̣τ̣α̣λ̣έντων   ̣⁦ -ca.?- ⁩ 
καὶ Εὐστοργὶς̣ ἐλαίου ξέσται ρνε ἐκ δηναρίου α γίνονται δραχμαὶ χκ κριθ  ̣  ̣⁦ -ca.?- ⁩ 
πρ  ̣τ̣α ἀρτάβαι β δραχμαὶ π γίνονται δραχμαὶ ψ πα̣ρ   τάλαντον α    ̣⁦ -ca.?- ⁩ 
Μούχεως ἄρουραι Αφιγ  ιϛ´  λβ´ ⁦ -ca.?- ⁩ ","29.25,30.75",29.25,30.75,31.785,15.553571428571429,7
114,,,© Heidelberger Gesamtverzeichnis der griechischen Papyrusurkunden Ägyptens. This work is licensed under a Creative Commons Attribution 3.0 License.,,,,,Arsinoites,,,,,,,Papyrus,,"SB 16 12372 (Rupprecht, Hans-Albert / Hengstl, Joachim; 1985) = Chronique d‘Égypte (CdE) 54 (1979), p. 95-100 (Sijpesteijn, Pieter Johannes / ; 1979)",Darlehensfragment,"P.J. Sijpesteijn, CE 54, 1979, S. 97-98",,,Papyrus,,,mentioned people,Namen; Beamte; Darlehen; Kleruche; Rückzahlung; Termin; Strafe; Zinsen; Überziehung; Syngraphophylax; Bestätigung; Unterschrift,,"Alternativdatierung: 6. Jan. 153 v.Chr., vgl. ed. pr.",,,". formerly: Baarn, Private collection Moen P. 14",,,,,,"Egypt, 00 - Arsinoites (Fayum)[found]; Egypt, 00c - Oxyryncha[written]",,,,"BC 153 Jan 6? (P06 K2 (EP), year 2[0] - 2[8]?, Daisios = Choiak 08) or BC 161 Jan 8? (P06 K2 (EP), year 2[0] - 2[8]?, Daisios = Choiak 08)",,,,,,,,,,mentioned places,,Greek,"CE 54, 1979, Fig. 1 (S. 96)",,,,,,,,,,"CE 54, 1979, Fig. 1 (S. 96)",,6. Jan. 153 v.Chr. (Jahr unsicher),SB 16 12372,Namen; Beamte; Darlehen; Kleruche; Rückzahlung; Termin; Strafe; Zinsen; Überziehung; Syngraphophylax; Bestätigung; Unterschrift,,Arsinoites,"P.J. Sijpesteijn, CE 54, 1979, S. 97-98",,,,,,,,,,© Heidelberger Gesamtverzeichnis der griechischen Papyrusurkunden Ägyptens. This work is licensed under a Creative Commons Attribution 3.0 License.,,,,,,,,"Alternativdatierung: 6. Jan. 153 v.Chr., vgl. ed. pr.",,,Papyrus,,,,,,,,Darlehensfragment,Papyrus,,,,,,,,,"  -- -- -- -- -- -- -- -- -- --  
1θεῶν Εὐεργετῶν καὶ θεῶν Φιλοπατόρων καὶ θε[ῶν Ἐπιφανῶν] 
καὶ θεῶν Φιλομητόρων ἀθλοφόρου Βερενίκης Εὐε[ργέτιδος ⁦ -ca.?- ⁩] 
τῆς Πτολεμαίου τοῦ Πτολεμαίου κανηφόρου Ἀρσιν[όης Φιλαδέλφου] 
Τ̣ε̣ι̣μ̣α̣ν̣ό̣η̣ς̣ τῆς Κλεοδόν̣ο̣υ̣ ἱερείας Ἀρσινόης Φιλο[πάτορος Δημαρίου] 
5τῆς Μητροφανου(*) μηνὸς Δαισίου ὀγδόηι Χοιὰχ ὀγδόηι [ἐν Ὀξυρύγχοις] 
τοῦ Ἀρσινοίτου νομοῦ. ἐδάνεισεν Αἶσχρος Κασι[⁦ -ca.?- ⁩] 
-- -- -- -- -- -- -- -- -- --  
7[⁦ -ca.?- ⁩ τῶν] 
Βίωνος τῆς πέμπτης ἱππαρχίας ἑκατοντάρουρος [Ἀπολλωνίωι] 
Ἀπολλωνίου Πέρσηι τῆς ἐπιγονῆς χαλκοῦ νομ[ίσματος δραχμὰς] 
10τρισχιλίας τετρακοσίας πεντήκοντα . τόδε [τὸ δάνειον] 
τρισχιλίας τετρακοσίας πεντήκοντα δραχμ[ὰς τοῦ χαλκοῦ] 
ἀποδότω Ἀπολλώνιος Αἴσχρωι ἕως Μεχεὶρ τρια[κάδος τοῦ ἑνὸς] 
καὶ εἰκοστοῦ ἔτους. ἐὰν δὲ μὴ ἀποδῶι καθʼ ἃ γέ[γραπται, ἀποτει-]
σάτω Ἀπολλώνιος Αἴσχρωι παραχρῆμα [τὰ τοῦ χαλκοῦ Γυν] 
15ἡμιόλιον καὶ τοῦ ὑπερπεσόντος χρόνου τό[κους ⁦ -ca.?- ⁩] 
-- -- -- -- -- -- -- -- -- --  
16Traces  
Πουλυδάμας Πριηνεὺς οἱ ἓξ τῶν Βίωνος τῆς [πέμπτης ἱππαρ-]
χίας ἑκατοντάρουρο[ι ⁦ -ca.?- ⁩] συγγραφοφύλα[ξ Ὄλυμπος.] 
—— 
Ἀπολλώνιος Ἀπολλωνίου ἔχω τὸ δά[νειον χαλκοῦ δραχμὰς] 
τρισχιλίας τετρακοσίας πεντήκοντα [καὶ ἀποδώσω] 
καθότι προγέγραπται καὶ τέθειμαι τὴ[ν συγγρα-]
φὴν κυρίαν παρὰ Ὀλύμπωι. 
—— 
  
Ὄλυμπος ἔχω κυρίαν. ","  -- -- -- -- -- -- -- -- -- --  
1θεῶν Εὐεργετῶν καὶ θεῶν Φιλοπατόρων καὶ θεῶν Ἐπιφανῶν 
καὶ θεῶν Φιλομητόρων ἀθλοφόρου Βερενίκης Εὐεργέτιδος ⁦ -ca.?- ⁩ 
τῆς Πτολεμαίου τοῦ Πτολεμαίου κανηφόρου Ἀρσινόης Φιλαδέλφου 
Τ̣ε̣ι̣μ̣α̣ν̣ό̣η̣ς̣ τῆς Κλεοδόν̣ο̣υ̣ ἱερείας Ἀρσινόης Φιλοπάτορος Δημαρίου 
5τῆς Μητροφανου μηνὸς Δαισίου ὀγδόηι Χοιὰχ ὀγδόηι ἐν Ὀξυρύγχοις 
τοῦ Ἀρσινοίτου νομοῦ. ἐδάνεισεν Αἶσχρος Κασι⁦ -ca.?- ⁩ 
-- -- -- -- -- -- -- -- -- --  
7⁦ -ca.?- ⁩ τῶν 
Βίωνος τῆς πέμπτης ἱππαρχίας ἑκατοντάρουρος Ἀπολλωνίωι 
Ἀπολλωνίου Πέρσηι τῆς ἐπιγονῆς χαλκοῦ νομίσματος δραχμὰς 
10τρισχιλίας τετρακοσίας πεντήκοντα . τόδε τὸ δάνειον 
τρισχιλίας τετρακοσίας πεντήκοντα δραχμὰς τοῦ χαλκοῦ 
ἀποδότω Ἀπολλώνιος Αἴσχρωι ἕως Μεχεὶρ τριακάδος τοῦ ἑνὸς 
καὶ εἰκοστοῦ ἔτους. ἐὰν δὲ μὴ ἀποδῶι καθʼ ἃ γέγραπται, ἀποτει-
σάτω Ἀπολλώνιος Αἴσχρωι παραχρῆμα τὰ τοῦ χαλκοῦ Γυν 
15ἡμιόλιον καὶ τοῦ ὑπερπεσόντος χρόνου τόκους ⁦ -ca.?- ⁩ 
-- -- -- -- -- -- -- -- -- --  
16Traces  
Πουλυδάμας Πριηνεὺς οἱ ἓξ τῶν Βίωνος τῆς πέμπτης ἱππαρ-
χίας ἑκατοντάρουροι ⁦ -ca.?- ⁩ συγγραφοφύλαξ Ὄλυμπος. 
—— 
Ἀπολλώνιος Ἀπολλωνίου ἔχω τὸ δάνειον χαλκοῦ δραχμὰς 
τρισχιλίας τετρακοσίας πεντήκοντα καὶ ἀποδώσω 
καθότι προγέγραπται καὶ τέθειμαι τὴν συγγρα-
φὴν κυρίαν παρὰ Ὀλύμπωι. 
—— 
  
Ὄλυμπος ἔχω κυρίαν. ","29.25,30.75",29.25,30.75,31.785,15.553571428571429,7
119,,,© Heidelberger Gesamtverzeichnis der griechischen Papyrusurkunden Ägyptens. This work is licensed under a Creative Commons Attribution 3.0 License.,,,,,Arsinoites,,,,,,,Papyrus,,"SB 16 13009 (Rupprecht, Hans-Albert / Hengstl, Joachim; 1988) = ZPE 50 (1983), p. 83 no. 5 (Omar, Sayed / ; 1983)",Teilpacht,"S. Omar, ZPE 50, 1983, S. 84",,,Papyrus,"other text(s) on the same object: 14690, 14691, 14692, 14693, 14694, 14695, 14696, 29481",http://ipap.csad.ox.ac.uk/4DLink4/4DACTION/IPAPwebquery?vPub...,mentioned people,Vertrag; Pacht; Teilung; Unterverpachtung; Ernte; Datteln; Oliven; Namen,,Duplikat: SB XVI 13008. Gehört zu derselben Rolle wie SB XVI 13005 - 13008 und 13010 - 13011. Rückseite: SB XX 14239.,,,"Cairo, Egyptian Museum SR 3049 / 36 Ro [13009]",,,,,,"Egypt, 00 - Arsinoites (Fayum)[written]; Egypt, 00b - Theadelpheia (Batn el-Harit)[found]",,,,AD 144 Jun 4 - 23,,,,,,,,,,mentioned places,,Greek,"ZPE 50, 1983, Tafel IV",,,,,,,,,,"ZPE 50, 1983, Tafel IV",,4. - 23. Juni 144,SB 16 13009,Vertrag; Pacht; Teilung; Unterverpachtung; Ernte; Datteln; Oliven; Namen,,Arsinoites,"S. Omar, ZPE 50, 1983, S. 84",,,,,,,,,,© Heidelberger Gesamtverzeichnis der griechischen Papyrusurkunden Ägyptens. This work is licensed under a Creative Commons Attribution 3.0 License.,,,,,,,,Duplikat: SB XVI 13008. Gehört zu derselben Rolle wie SB XVI 13005 - 13008 und 13010 - 13011. Rückseite: SB XX 14239.,,,Papyrus,,,,,,,,Teilpacht,Papyrus,http://ipap.csad.ox.ac.uk/4DLink4/4DACTION/IPAPwebquery?vPub...,,,,,,,,"  Διοσκόρῳ Διοσκόρου ἀπʼ [ἀ]μ-
φόδου Θεσμοφορίου 
παρὰ Ἁρποκρᾶ[τ]ος τοῦ Ἥρω-
νος ἀναγρ[α]φ̣ο̣μ̣έ̣ν̣ου ἐπʼ ἀ̣[μ-]
5φόδου Μακεδόνων καὶ Δη-
μητρίου̣ το[ῦ] Ἀ̣νδροῦ̣τ̣ος ἀπʼ ἀμ-
φόδου Ἀρά̣β̣ω̣[ν]. β[ο]υλόμεθα 
κοινωνήσιν(*) σ[οι] ἕκαστος ἡ̣-
μῶν κατὰ τὸ τρίτον μέρος 
10πρὸς μόνο̣υ̣ς το̣ὺ̣ς ἐπικιμέ-
ν̣[ο]υ̣ς̣ τ̣ο̣[ῦ ἐνε]σ̣[τῶ]τ̣ο̣ς̣ ζ (ἔτους) φοι-
νι̣κ̣ι̣[κ]ο̣ὺ̣ς καὶ ἐλ̣[α]εϊκοὺς(*) κ-
αρπ̣ο̣ὺ̣ς̣ ἐ̣κ̣π̣[ί]πτ̣ο̣ντας εἰς 
τ̣ὸ ε[ἰσ]ι̣ὸν [η] (ἔτος) τῶ̣[ν πά]ντω[ν] ἐ-
15λα[ε]ι̣νω[ν](*) φυτ[ῶν] κα̣[ὶ] φ̣[οι-]
νίκων ἐν ᾗ τυγ[χάνεις ἔχειν] 
ἐ[ν] μισθώσι(*) πω̣[  ̣]  ̣[  ̣  ̣  ̣  ̣ ἀπ-]
ατην(*) περὶ τὸ Ἔ[ξω Ψεῦρ, ἡ]μ-
ῶν ἀποδιδό[ν]τ̣[ων] σ̣ὺ̣ν̣ σ̣[οὶ]   ̣  ̣  ̣  
20κ̣α̣τ̣[ὰ] τὸ ἐπιβά̣[λλ]ο̣ν̣ ἑκάστ-
ου ἡ̣[μῶν] τ̣ρ̣[ί]τ̣ο̣[ν μ]έ̣[ρο]ς̣ τ̣[  ̣  ̣] 
φόρο[  ̣ δρ]αχμῶν π̣[εν]τ̣[ήκο]ν̣-
τα ἓξ τᾶς(*) διὰ [τοῦ ἀνα]φ̣ο̣[ρίου] 
σου̣ π̣ροθ̣ε̣σ̣μ̣ί̣α̣ι̣[ς ἀκολούθ-]
25ω̣ς, ἐὰν φ̣α̣[ίνητα]ι̣ μ̣ι̣σ̣θ̣[ῶ-]
σαι ἐπὶ τούτ[οις.] 
⁦ vac. ? ⁩  
[Ἁρπο]κρ̣[ᾶ]ς ὡ(ς) (ἐτῶν) ν ἄσημ(ος) 
κα[ὶ] Δ[η]μ̣[ήτρ]ι̣ο̣ς̣ [ὡς (ἐτῶν)]   ̣γ̣ οὐλ(ὴ)   ̣  ̣[  ̣  ̣  ̣] 
[⁦ -ca.?- ⁩]ω̣  ̣[  ̣  ̣  ̣  ̣]  ̣  ̣  ̣  ̣[  ̣  ̣  ̣]  ̣ν̣. 
30⁦ vac. ? ⁩  
30ἔ[τ]ο̣υ̣ς̣ [ἑβ]δ̣[ό]μ̣ο̣υ Αὐτοκράτορος 
Κ[αίσαρος Τίτ]ου Α̣ἰ̣λ̣ί̣ου 
Ἁδ̣ρ̣[ι]α̣ν̣[οῦ Ἀ]ντωνίνου 
Σ[ε]βαστο[ῦ] Ε̣ὐ[σε]βοῦς, Παῦνι β̣[  ̣] ","  Διοσκόρῳ Διοσκόρου ἀπʼ ἀμ-
φόδου Θεσμοφορίου 
παρὰ Ἁρποκρᾶτος τοῦ Ἥρω-
νος ἀναγραφ̣ο̣μ̣έ̣ν̣ου ἐπʼ ἀ̣μ-
5φόδου Μακεδόνων καὶ Δη-
μητρίου̣ τοῦ Ἀ̣νδροῦ̣τ̣ος ἀπʼ ἀμ-
φόδου Ἀρά̣β̣ω̣ν. βουλόμεθα 
κοινωνήσιν σοι ἕκαστος ἡ̣-
μῶν κατὰ τὸ τρίτον μέρος 
10πρὸς μόνο̣υ̣ς το̣ὺ̣ς ἐπικιμέ-
ν̣ου̣ς̣ τ̣ο̣ῦ ἐνεσ̣τῶτ̣ο̣ς̣ ζ ἔτους φοι-
νι̣κ̣ι̣κο̣ὺ̣ς καὶ ἐλ̣αεϊκοὺς κ-
αρπ̣ο̣ὺ̣ς̣ ἐ̣κ̣π̣ίπτ̣ο̣ντας εἰς 
τ̣ὸ εἰσι̣ὸν η ἔτος τῶ̣ν πάντων ἐ-
15λαει̣νων φυτῶν κα̣ὶ φ̣οι-
νίκων ἐν ᾗ τυγχάνεις ἔχειν 
ἐν μισθώσι πω̣  ̣  ̣  ̣  ̣  ̣  ̣ ἀπ-
ατην περὶ τὸ Ἔξω Ψεῦρ, ἡμ-
ῶν ἀποδιδόντ̣ων σ̣ὺ̣ν̣ σ̣οὶ   ̣  ̣  ̣  
20κ̣α̣τ̣ὰ τὸ ἐπιβά̣λλο̣ν̣ ἑκάστ-
ου ἡ̣μῶν τ̣ρ̣ίτ̣ο̣ν μέ̣ρος̣ τ̣  ̣  ̣ 
φόρο  ̣ δραχμῶν π̣εντ̣ήκον̣-
τα ἓξ τᾶς διὰ τοῦ ἀναφ̣ο̣ρίου 
σου̣ π̣ροθ̣ε̣σ̣μ̣ί̣α̣ι̣ς ἀκολούθ-
25ω̣ς, ἐὰν φ̣α̣ίνηται̣ μ̣ι̣σ̣θ̣ῶ-
σαι ἐπὶ τούτοις. 
⁦ vac. ? ⁩  
Ἁρποκρ̣ᾶς ὡς ἐτῶν ν ἄσημος 
καὶ Δημ̣ήτρι̣ο̣ς̣ ὡς ἐτῶν   ̣γ̣ οὐλὴ   ̣  ̣  ̣  ̣  ̣ 
⁦ -ca.?- ⁩ω̣  ̣  ̣  ̣  ̣  ̣  ̣  ̣  ̣  ̣  ̣  ̣  ̣  ̣ν̣. 
30⁦ vac. ? ⁩  
30ἔτο̣υ̣ς̣ ἑβδ̣όμ̣ο̣υ Αὐτοκράτορος 
Καίσαρος Τίτου Α̣ἰ̣λ̣ί̣ου 
Ἁδ̣ρ̣ια̣ν̣οῦ Ἀντωνίνου 
Σεβαστοῦ Ε̣ὐσεβοῦς, Παῦνι β̣  ̣ ","29.25,30.75",29.25,30.75,31.785,15.553571428571429,7
124,,,© Heidelberger Gesamtverzeichnis der griechischen Papyrusurkunden Ägyptens. This work is licensed under a Creative Commons Attribution 3.0 License.,,,,,Arsinoites,,,,,XII 275,,Papyrus,,"Stud. Pal. 20 2 (Wessely, Carl; 1921) = CPR 1 12 (Wessely, Carl; 1895) = Harrauer, Handbuch der griechischen Paläographie 94 (Harrauer, Hermann; 2010)",keiner,"Johnson, Roman Egypt (1936), S. 443, Nr. 275",,,Papyrus,,http://data.onb.ac.at/rec/RZ00001291...,mentioned people,Vertrag; Pfändung; Spangen (Kleider) aus Gold,,"Vgl. Harrauer, Paläographie, Textband, S. 278f., Nr. 94.",,,"Vienna, Nationalbibliothek G 2002; . formerly: Vienna, Nationalbibliothek AN 216; Vienna, Nationalbibliothek VN 2314",,,,,,"Egypt, 00 - Arsinoites (Fayum)[found & written]",,,,AD 93 Sep 29,,,,,,,,,,,,Greek,"S. 3 (Z. 8 - 10); Harrauer, Paläographie, Tafelband, Abb. 81",,,,,,,,,,"S. 3 (Z. 8 - 10); Harrauer, Paläographie, Tafelband, Abb. 81",,29. Sept. 93,CPR I 12,Vertrag; Pfändung; Spangen (Kleider) aus Gold,,Arsinoites,"Johnson, Roman Egypt (1936), S. 443, Nr. 275",,,,,,,,,,© Heidelberger Gesamtverzeichnis der griechischen Papyrusurkunden Ägyptens. This work is licensed under a Creative Commons Attribution 3.0 License.,,XII 275,,,,,,"Vgl. Harrauer, Paläographie, Textband, S. 278f., Nr. 94.",,,Papyrus,,,,,,,,keiner,Papyrus,http://data.onb.ac.at/rec/RZ00001291...,,,,,,,,"  Λούκιος Σν̣ανουβᾶς 
Διονυσίωι Διδύμου 
χαίρειν· παρεθέμην σοι 
\ἐνέχυρα/ π̣ε̣ρ̣ο̣ν̣ε̣ί̣δ̣ων(*) ζεῦγος 
5βολλωτῶν(*) ὁλκῆς μναι-
αίων ἑπτὰ ἡμίσους χρυσοῦ 
δοκιμίου σταθμῶι ἐντοπί-
ωι πρὸς ἀργυρίου δραχμὰς 
δισχιλίας ἑκατὸν ἑξήκοντα, 
10(γίνονται) (δραχμαὶ) Βρξ, τόκου τῇ μνᾷ ἀργυ-
ρικῶν ὀβολῶν τεσσάρων 
καὶ ἐπάναγκον ἕως τῆς τρια-
κάδος τοῦ ἐνεστο͂τος(*) μηνὸς 
Φ[αῶ]φι τοῦ ἐνεστῶτος τρισ-
15καιδεκάτου(*) ἔ̣τ̣ο̣υ̣ς̣ Δ̣[ο]μ̣ιτιαν[οῦ] 
[Καίσαρος το]ῦ κυρίο[υ λυ]θρώσο-
[μ]αι· εἰ δη̣[⁦ -ca.?- ⁩] ἐξα̣φ̣ήσομαι τῶν 
προκιμένων π̣ερο̣ν̣ε̣ίδων(*)  
κ̣αὶ οὐδὲν καλεσωι(*). ἔτους 
20[τ]ρισκαιδεκάτου(*) Αὐτοκ[ρά]τορος 
Καίσαρος Δο[μ]ιτιανοῦ Σε[βαστοῦ] 
Γερμανικοῦ, Φαῶφι β. ","  Λούκιος Σν̣ανουβᾶς 
Διονυσίωι Διδύμου 
χαίρειν· παρεθέμην σοι 
\ἐνέχυρα/ π̣ε̣ρ̣ο̣ν̣ε̣ί̣δ̣ων ζεῦγος 
5βολλωτῶν ὁλκῆς μναι-
αίων ἑπτὰ ἡμίσους χρυσοῦ 
δοκιμίου σταθμῶι ἐντοπί-
ωι πρὸς ἀργυρίου δραχμὰς 
δισχιλίας ἑκατὸν ἑξήκοντα, 
10γίνονται δραχμαὶ Βρξ, τόκου τῇ μνᾷ ἀργυ-
ρικῶν ὀβολῶν τεσσάρων 
καὶ ἐπάναγκον ἕως τῆς τρια-
κάδος τοῦ ἐνεστο͂τος μηνὸς 
Φαῶφι τοῦ ἐνεστῶτος τρισ-
15καιδεκάτου ἔ̣τ̣ο̣υ̣ς̣ Δ̣ομ̣ιτιανοῦ 
Καίσαρος τοῦ κυρίου λυθρώσο-
μαι· εἰ δη̣⁦ -ca.?- ⁩ ἐξα̣φ̣ήσομαι τῶν 
προκιμένων π̣ερο̣ν̣ε̣ίδων  
κ̣αὶ οὐδὲν καλεσωι. ἔτους 
20τρισκαιδεκάτου Αὐτοκράτορος 
Καίσαρος Δομιτιανοῦ Σεβαστοῦ 
Γερμανικοῦ, Φαῶφι β. ","29.25,30.75",29.25,30.75,31.785,15.553571428571429,7
125,,,© Heidelberger Gesamtverzeichnis der griechischen Papyrusurkunden Ägyptens. This work is licensed under a Creative Commons Attribution 3.0 License.,,,,,Arsinoites,,,,,VIII 464; IX 344; X 270; XIII 252,,Papyrus,,"Stud. Pal. 20 67 Ro (Wessely, Carl; 1921)",keiner,"Lewis, Life in Egypt (1983), S. 52",,,Papyrus,other text(s) on the same object: 15025,http://data.onb.ac.at/rec/RZ00001343...,mentioned people,Liste; Hausrat; Inventar,,,,,"Vienna, Nationalbibliothek G 2066 Ro; . formerly: Vienna, Nationalbibliothek AN 281 Ro",,,,,,"Egypt, 00 - Arsinoites (Fayum)[found & written]",,,,AD 100 - 299,,,,,,,,,,mentioned places,,Greek,,,,,,,,,,,,,27. Apr. 199,SPP 20 67 V Kol. I,Abrechnung; Steuern (?); Geld,,Arsinoites,,,,,,,,,,,© Heidelberger Gesamtverzeichnis der griechischen Papyrusurkunden Ägyptens. This work is licensed under a Creative Commons Attribution 3.0 License.,,VIII 464,,,,,,,,,Papyrus,,,,,,,,keiner,Papyrus,http://data.onb.ac.at/rec/RZ00001344...,,,,,,,,"  ἀναγρ(αφὴ) σκευῶν ἐν καταγείῳ εὑρεθέντ(ων) 
λεκάνη χαλκῆ α  
στάμνος κασσιτερι(νός) α  
βησίον κασσιτερ(ινόν) α  
5ὅ φασιν ὑποτ(ε)θ(εῖσθαι) [  ̣  ̣  ̣  ̣  ̣] ὑ̣πὸ̣ Σιλβ(ανοῦ) 
μέτρον ξύλ(ινον) περισεσιδηρωμ(ένον) <α> 
λουτρίδιν μικρόν α  
λυχνία χαλκ(ῆ) σὺν ἐπιθέμ(ατι) α  
καὶ ἐν καμ(αρ )(*) πινάκιο(ν) κασσιτ(ερινόν) α  
10ὀξυβάφια τρύλλια κασσιτ(ερινά) γ  
λύχνος μεικρὸς(*) χαλκοῦς α  
γαυνάκης χρυσάντινο(ς)(*)  α  
περ̣ί̣[στ]ρωμα ὁμοί(ως) α  
κ̣ά̣μ̣π̣τρα ὑπʼ αὐτ[ῷ ⁦ -ca.?- ⁩] 
15καὶ ἐν τοῖς ἄνω τ[ό]ποις 
κούκκουμος χαλκοῦς α  
βησίον κασσιτερ(ινόν) α  
τήγανον χαλκοῦν α  
ἠθμὸς μεικρὰ(*) χαλκ(ῆ) α  
20σκάφια β πηλοστρόφια β  
δρέπανα̣ γ  
πίναξ κασσιτερινό(ς) α  
ξέστης χαλκ(οῦς) α  
μέτρον χαλκ(οῦν) α  
25μέτρα ξύλινα περισεσιδ(ηρωμένα) β  
[λ]ωδίκια χρυσάντ(ινα)(*)  γ  
τ̣  ̣ε̣ιδη̣ χρωματ  ̣(  ) β  
[περ]ίστρωμα λινοῦν μέγα α  
κεβρικάρι̣α̣ πράσινα β  
30περίστρωμ(α) χρωμα[τ](  ) [⁦ -ca.?- ⁩] α  
τύλαι μεσταί β  
κοιτώνιων(*)  α  
κράβ[βα]τος α  
κιβωτώς(*)  α  
35βωσίον χαλκ(οῦν) μικ(ρὸν) α  
κ̣α̣ι̣  ̣  ̣  ̣  ̣α̣ ἐκ τ(ῶν) παρὰ Τινού̣τ(ιος) 
[  ̣  ̣  ̣  ̣  ̣] ἀ̣ρ̣γ̣υ̣ρ̣ᾶ δ  
δισακκία α  
κ̣αὶ̣ ἐν προχείρῳ παρὰ Τινοῦτι(*)  
40λώκιον κασσιτ(ερινὸν) μικρόν α  
πινάκιν ὁμοί(ως) κασσιτ(ερινόν) <α> 
θύσκη ὁμοί(ως) <α> 
ποτήριον ὁμοί(ως) <α> 
ὑδρινεῖον μικ(ρὸν) ὁμοί(ως) <α> 
45λύχνος χαλκ(οῦς) μικρός <α> ","  ἀναγραφὴ σκευῶν ἐν καταγείῳ εὑρεθέντων 
λεκάνη χαλκῆ α  
στάμνος κασσιτερινός α  
βησίον κασσιτερινόν α  
5ὅ φασιν ὑποτεθεῖσθαι   ̣  ̣  ̣  ̣  ̣ ὑ̣πὸ̣ Σιλβανοῦ 
μέτρον ξύλινον περισεσιδηρωμένον α 
λουτρίδιν μικρόν α  
λυχνία χαλκῆ σὺν ἐπιθέματι α  
καὶ ἐν καμαρ  πινάκιον κασσιτερινόν α  
10ὀξυβάφια τρύλλια κασσιτερινά γ  
λύχνος μεικρὸς χαλκοῦς α  
γαυνάκης χρυσάντινος  α  
περ̣ί̣στρωμα ὁμοίως α  
κ̣ά̣μ̣π̣τρα ὑπʼ αὐτῷ ⁦ -ca.?- ⁩ 
15καὶ ἐν τοῖς ἄνω τόποις 
κούκκουμος χαλκοῦς α  
βησίον κασσιτερινόν α  
τήγανον χαλκοῦν α  
ἠθμὸς μεικρὰ χαλκῆ α  
20σκάφια β πηλοστρόφια β  
δρέπανα̣ γ  
πίναξ κασσιτερινός α  
ξέστης χαλκοῦς α  
μέτρον χαλκοῦν α  
25μέτρα ξύλινα περισεσιδηρωμένα β  
λωδίκια χρυσάντινα  γ  
τ̣  ̣ε̣ιδη̣ χρωματ  ̣   β  
περίστρωμα λινοῦν μέγα α  
κεβρικάρι̣α̣ πράσινα β  
30περίστρωμα χρωματ   ⁦ -ca.?- ⁩ α  
τύλαι μεσταί β  
κοιτώνιων  α  
κράββατος α  
κιβωτώς  α  
35βωσίον χαλκοῦν μικρὸν α  
κ̣α̣ι̣  ̣  ̣  ̣  ̣α̣ ἐκ τῶν παρὰ Τινού̣τιος 
  ̣  ̣  ̣  ̣  ̣ ἀ̣ρ̣γ̣υ̣ρ̣ᾶ δ  
δισακκία α  
κ̣αὶ̣ ἐν προχείρῳ παρὰ Τινοῦτι  
40λώκιον κασσιτερινὸν μικρόν α  
πινάκιν ὁμοίως κασσιτερινόν α 
θύσκη ὁμοίως α 
ποτήριον ὁμοίως α 
ὑδρινεῖον μικρὸν ὁμοίως α 
45λύχνος χαλκοῦς μικρός α ","29.25,30.75",29.25,30.75,31.785,15.553571428571429,7
