Unnamed: 0,Condition (HGV),Author (HGV),License (HGV),Culture (HGV),Script Type (HGV),Previous Edition (HGV),Preservation (HGV),Origin (HGV),Catalog(s) (HGV),Work (HGV),Summary (HGV),Recto/Verso (HGV),Post-Concordance BL Entries (HGV),Genre (HGV),Material (HGV),Support Dimensions (HGV),Publications (HGV),Title (HGV),Translations (HGV),Support Material (HGV),Note (general) (HGV),Support/Dimensions (HGV),Reuse Type (HGV),Images (HGV),People (HGV),Subjects (HGV),Hands (HGV),Commentary (HGV),General Notes (HGV),Place Stored (Ancient) (HGV),Inv. no. (HGV),Principal Edition (HGV),Lines (HGV),Citations (HGV),Availability (HGV),palaeo (HGV),Provenance (HGV),Religion (HGV),catalogue (HGV),Partial Edition (HGV),Date (HGV),translation (HGV),study (HGV),Reference Edition (HGV),Fragments (HGV),reference (HGV),Associated Names (HGV),Works (HGV),Inv. Id (HGV),Form and Layout (HGV),Places (HGV),illustration (HGV),Language (HGV),Print Illustrations (HGV),Note (local/note) (HGV),Note (related) (HGV),Content (HGV),Readings (HGV),Mentioned Dates (HGV),Archive (HGV),Fragments (Tris),General Notes (Tris),Genre (Tris),Print Illustrations (Tris),Reuse Type (Tris),Date (Tris),Publications (Tris),Subjects (Tris),illustration (Tris),Origin (Tris),Translations (Tris),Reference Edition (Tris),Partial Edition (Tris),Support Dimensions (Tris),Provenance (Tris),Availability (Tris),Work (Tris),Content (Tris),Form and Layout (Tris),catalogue (Tris),License (Tris),Previous Edition (Tris),Post-Concordance BL Entries (Tris),Support Material (Tris),Principal Edition (Tris),Citations (Tris),People (Tris),translation (Tris),Commentary (Tris),Inv. Id (Tris),Place Stored (Ancient) (Tris),Support/Dimensions (Tris),Script Type (Tris),Culture (Tris),Catalog(s) (Tris),Mentioned Dates (Tris),study (Tris),palaeo (Tris),Readings (Tris),Title (Tris),Material (Tris),Images (Tris),Religion (Tris),Works (Tris),Language (Tris),Inv. no. (Tris),Places (Tris),Archive (Tris),reference (Tris),text,cleanText,Coordinates,Latitude,Longitude,relLat,relLong,Cluster
24,,,© Heidelberger Gesamtverzeichnis der griechischen Papyrusurkunden Ägyptens. This work is licensed under a Creative Commons Attribution 3.0 License.,,,,,Lykopolis,,,,,,,Papyrus,,"P. Abinn. 42 (Bell, Harold Idris / Martin, Victor / Turner, Eric Gardner / van Berchem, Denis; 1962) = P. Gen. 1 79 (Nicole, Jules / / / ; 1906) = P. Lond. 2 p. 318 no. 422 (Kenyon, Frederic G. / / / ; 1898)",keiner,,,,Papyrus,,https://archives.bge-geneve.ch/ark:/17786/vtae88e7ea22063092...,mentioned people,Anweisung; Romanus an Geladios; Verhaftung eines flüchtigen Barbiers wegen Betrugs und Diebstahls,,Zur Datierung vgl. den Zeitraum des Archivs.,,,"London, British Library Pap 422",,,,,,"Egypt, U13 - Lykopolis (Assiut)[written]; Egypt, 00b - Dionysias (Qasr Qarun)[found]",,,,AD 325 - 375 (cf. the range of the archive),,,,,,,,,,mentioned places,,Greek,,,,,,,Flavius Abinnaeus praefectus alae,,,,,,Mitte IV,"P.Gen. I 79 und P.Lond. II 422, S. 318",Anweisung; Romanus an Geladios; Verhaftung eines flüchtigen Barbiers wegen Betrugs und Diebstahls,,Lykopolis,,,,,,,,,,,© Heidelberger Gesamtverzeichnis der griechischen Papyrusurkunden Ägyptens. This work is licensed under a Creative Commons Attribution 3.0 License.,,,,,,,,Zur Datierung vgl. den Zeitraum des Archivs.,,,Papyrus,,,,,,,,keiner,Papyrus,https://archives.bge-geneve.ch/ark:/17786/vtae88e7ea22063092...,,,,,,,,"  ὑπομνηστικὸν Ῥωμανοῦ δουκηναρίου 
πρὸς τὸν κοντουβερνάλιον Γελάδιον 
ἀπερχόμενον εἰς τ[ὸ]ν Ἀρσινοείτην· 
ὥστε ἀναζητήσῃς ἐν τῇ πόλει Κρόνιον 
5κουρέα οἰκοῦντα ἐκῖσαι(*), καὶ ἀπαιτήσῃς 
αὐτὸν τὸ ἀργύριον τῶν ἀλλοτρίων ἐνεχύ-
ρων ὑπὲρ ὧν ἔθηκ̣εν καὶ ἔσχεν ἀργυρίον(*)  
μυριάδας ἑβδομήκοντα διὰ τὸ ἐσχη-
κέναι αὐτὸν ἐν τῇ Λυκω(*) καὶ φυγῇ ἐχρήσατο· 
10εἰ δὲ ἀντιλέγει πε̣[ρ]ὶ τὴν ἀπόδοσει\ν/(*) τοῦ ἀργυρίου 
παράσχου τὴν χιρ[α]ν(*) τῷ κυρίῳ μου καὶ ἀδελ-
φῷ π[ρ]ιμικῆρι τῆ[ς] οὐιξιλλατίωνος καὶ 
σιδηρῶσαι αὐτὸν καὶ παραδώσῃ σοι ⟦α[υ]⟧-
⟦τον⟧ διὰ τὸ καὶ ἐνταῦθα εὑρέθη πωλήσας 
15καμήλια κλεψιμε͂α(*), καὶ ἐνταῦθα κατέ-
χεται ἡ γυνή. ἀλʼ(*) ὅρα μὴ ἀμελήσῃς. 
ἐρρῶσθαί σε εὔχομαι, ἄδελφε. ","  ὑπομνηστικὸν Ῥωμανοῦ δουκηναρίου 
πρὸς τὸν κοντουβερνάλιον Γελάδιον 
ἀπερχόμενον εἰς τὸν Ἀρσινοείτην· 
ὥστε ἀναζητήσῃς ἐν τῇ πόλει Κρόνιον 
5κουρέα οἰκοῦντα ἐκῖσαι, καὶ ἀπαιτήσῃς 
αὐτὸν τὸ ἀργύριον τῶν ἀλλοτρίων ἐνεχύ-
ρων ὑπὲρ ὧν ἔθηκ̣εν καὶ ἔσχεν ἀργυρίον  
μυριάδας ἑβδομήκοντα διὰ τὸ ἐσχη-
κέναι αὐτὸν ἐν τῇ Λυκω καὶ φυγῇ ἐχρήσατο· 
10εἰ δὲ ἀντιλέγει πε̣ρὶ τὴν ἀπόδοσει\ν/ τοῦ ἀργυρίου 
παράσχου τὴν χιραν τῷ κυρίῳ μου καὶ ἀδελ-
φῷ πριμικῆρι τῆς οὐιξιλλατίωνος καὶ 
σιδηρῶσαι αὐτὸν καὶ παραδώσῃ σοι ⟦αυ⟧-
⟦τον⟧ διὰ τὸ καὶ ἐνταῦθα εὑρέθη πωλήσας 
15καμήλια κλεψιμε͂α, καὶ ἐνταῦθα κατέ-
χεται ἡ γυνή. ἀλʼ ὅρα μὴ ἀμελήσῃς. 
ἐρρῶσθαί σε εὔχομαι, ἄδελφε. ","27.181346,31.1825335",27.181346,31.1825335,32.122376130000006,17.474464428571427,20
