Unnamed: 0,Condition (HGV),Author (HGV),License (HGV),Culture (HGV),Script Type (HGV),Previous Edition (HGV),Preservation (HGV),Origin (HGV),Catalog(s) (HGV),Work (HGV),Summary (HGV),Recto/Verso (HGV),Post-Concordance BL Entries (HGV),Genre (HGV),Material (HGV),Support Dimensions (HGV),Publications (HGV),Title (HGV),Translations (HGV),Support Material (HGV),Note (general) (HGV),Support/Dimensions (HGV),Reuse Type (HGV),Images (HGV),People (HGV),Subjects (HGV),Hands (HGV),Commentary (HGV),General Notes (HGV),Place Stored (Ancient) (HGV),Inv. no. (HGV),Principal Edition (HGV),Lines (HGV),Citations (HGV),Availability (HGV),palaeo (HGV),Provenance (HGV),Religion (HGV),catalogue (HGV),Partial Edition (HGV),Date (HGV),translation (HGV),study (HGV),Reference Edition (HGV),Fragments (HGV),reference (HGV),Associated Names (HGV),Works (HGV),Inv. Id (HGV),Form and Layout (HGV),Places (HGV),illustration (HGV),Language (HGV),Print Illustrations (HGV),Note (local/note) (HGV),Note (related) (HGV),Content (HGV),Readings (HGV),Mentioned Dates (HGV),Archive (HGV),Fragments (Tris),General Notes (Tris),Genre (Tris),Print Illustrations (Tris),Reuse Type (Tris),Date (Tris),Publications (Tris),Subjects (Tris),illustration (Tris),Origin (Tris),Translations (Tris),Reference Edition (Tris),Partial Edition (Tris),Support Dimensions (Tris),Provenance (Tris),Availability (Tris),Work (Tris),Content (Tris),Form and Layout (Tris),catalogue (Tris),License (Tris),Previous Edition (Tris),Post-Concordance BL Entries (Tris),Support Material (Tris),Principal Edition (Tris),Citations (Tris),People (Tris),translation (Tris),Commentary (Tris),Inv. Id (Tris),Place Stored (Ancient) (Tris),Support/Dimensions (Tris),Script Type (Tris),Culture (Tris),Catalog(s) (Tris),Mentioned Dates (Tris),study (Tris),palaeo (Tris),Readings (Tris),Title (Tris),Material (Tris),Images (Tris),Religion (Tris),Works (Tris),Language (Tris),Inv. no. (Tris),Places (Tris),Archive (Tris),reference (Tris),text,cleanText,Coordinates,Latitude,Longitude,relLat,relLong,Cluster
54,,,© Heidelberger Gesamtverzeichnis der griechischen Papyrusurkunden Ägyptens. This work is licensed under a Creative Commons Attribution 3.0 License.,,,,,Ptolemais Euergetis,,,,,IX 172,,Papyrus,,"P. Münch. 3 101 (Hagedorn, Ursula; 1986)",Unterhaltszahlung für ein Mündel,,,,Papyrus,,,mentioned people,Vertrag; Geld; Bank; Zahlung; Mündel; Unterhalt,,,,,"Munich, Bayerische Staatsbibliothek P. gr. 22",,,,,,"Egypt, 00d - Krokodilopolis (Medinet el-Fayum)[written]; Egypt, 00 - Arsinoites (Fayum)[found]",,,,AD 150 Aug 29 - Sep 27,,,,,,,,,,mentioned places,,Greek,Abb. 45,,,,,Z. 12:28. Sept. - 26. Nov. 148 Z. 13:28. Aug. 150 Z. 9:27. Jan. - 25. Febr. 148,,,,,Abb. 45,,29. Aug. - 27. Sept. 150,P.Münch. 3 101,Vertrag; Geld; Bank; Zahlung; Mündel; Unterhalt,,Ptolemais Euergetis (Arsinoites),,,,,,,,,,,© Heidelberger Gesamtverzeichnis der griechischen Papyrusurkunden Ägyptens. This work is licensed under a Creative Commons Attribution 3.0 License.,,IX 172,,,,,,,,,Papyrus,,,,Z. 12:28. Sept. - 26. Nov. 148 Z. 13:28. Aug. 150 Z. 9:27. Jan. - 25. Febr. 148,,,,Unterhaltszahlung für ein Mündel,Papyrus,,,,,,,,,"  ἔτους τεσσαρεσκαιδεκάτ[ο]υ̣ Αὐτοκράτορ[ος Καίσαρος Τίτου Αἰλίου Ἁδριανοῦ] 
Ἀντωνίνου Σεβαστοῦ Εὐσεβοῦς Θὼ[θ   ̣ διὰ τῆς Διδύμου κεκοσ-]
μητευκότος τραπέζης Φρεμεί. [Στοτοήτιος   ̣  ̣  ̣  ̣  ̣  ̣ τοῦ Στο-]
τοήτιος ὡς (ἐτῶν) κη οὐλ(ὴ) δακτύλῳ γ χ[ειρὸς δεξιᾶς, ἐπίτροπος ⁦ -ca.?- ⁩] 
5ἀφήλικος Ὥρου τοῦ̣ [Ὀ]ννώφρεω[ς ἐπακολουθούσης τῆς τοῦ] 
ἀφήλικος μητρὸς [Σ]αγάθιος Α  ̣[- ca.13 - τοῦ Ὀν-]
νώφρεως ὡς (ἐτῶν) νη οὐλ(ὴ) ὀφρύει(*) ἀρισ[τερᾷ. ἔχειν αὐτὸν παρὰ] 
τοῦ Στοτοήτιος τροφῖα(*) τοῦ προκ[ειμένου ἀφήλικος μηνῶν] 
ὀκτὼ τῶν ἀπὸ Μεχεὶρ μηνὸς το[ῦ ἑνδεκάτου ἔτους μέχρι] 
10Θὼθ λ τοῦ δωδεκάτου ἔτους ὡ̣[ς ἑκάστου μηνὸς δραχμὰς] 
ἓξ τὰς ἐπὶ τ[ὸ] αὐτω(*) δραχμὰς τ[εσσεράκοντα ὀκτώ] , 
τῶ̣ν δ[ὲ] ἀπὸ [τ]οῦ Φαῶφι τοῦ αὐτο[ῦ δωδεκάτου ἔτους] 
μέχρι ἐπαγομένων πέπτης(*) τ̣[οῦ τρεισκαιδεκάτου] 
ἔτους μηνῶν [εἴ]κοσι τριῶν τὰς σ[υναγομένας ἐπὶ τὸ αὐτὸ] 
15ἀργυρίου δραχμὰς ἑκατὸν τριάκ[οντα ὀκτὼ   ̣  ̣  ̣  ̣  ̣  ̣  ̣  ̣, ἃς] 
ἀποδώσει ἕως τῆς δευτέρας [καὶ εἰκάδος τοῦ ὄντος] 
μηνὸ̣ς Θώθ, μένοντος τοῦ λ[όγου τῷ Α  ̣  ̣  ̣  ̣  ̣  ̣  ̣ περὶ] 
ὧν ὀ[φ]είλει αὐτῷ ὁ Στοτοήτιος [ἄλλων δραχμῶν   ̣  ̣  ̣  ̣  ̣  ̣] 
καθʼ ἃς ἔχει ἐνγράπτους ἀσφ[αλείας ⁦ -ca.?- ⁩] 
20ναι τοὺς προκειμένους τόκους [⁦ -ca.?- ⁩] 
προκείμεν(α) τρ[ο]φεῖα. ","  ἔτους τεσσαρεσκαιδεκάτου̣ Αὐτοκράτορος Καίσαρος Τίτου Αἰλίου Ἁδριανοῦ 
Ἀντωνίνου Σεβαστοῦ Εὐσεβοῦς Θὼθ   ̣ διὰ τῆς Διδύμου κεκοσ-
μητευκότος τραπέζης Φρεμεί. Στοτοήτιος   ̣  ̣  ̣  ̣  ̣  ̣ τοῦ Στο-
τοήτιος ὡς ἐτῶν κη οὐλὴ δακτύλῳ γ χειρὸς δεξιᾶς, ἐπίτροπος ⁦ -ca.?- ⁩ 
5ἀφήλικος Ὥρου τοῦ̣ Ὀννώφρεως ἐπακολουθούσης τῆς τοῦ 
ἀφήλικος μητρὸς Σαγάθιος Α  ̣- ca.13 - τοῦ Ὀν-
νώφρεως ὡς ἐτῶν νη οὐλὴ ὀφρύει ἀριστερᾷ. ἔχειν αὐτὸν παρὰ 
τοῦ Στοτοήτιος τροφῖα τοῦ προκειμένου ἀφήλικος μηνῶν 
ὀκτὼ τῶν ἀπὸ Μεχεὶρ μηνὸς τοῦ ἑνδεκάτου ἔτους μέχρι 
10Θὼθ λ τοῦ δωδεκάτου ἔτους ὡ̣ς ἑκάστου μηνὸς δραχμὰς 
ἓξ τὰς ἐπὶ τὸ αὐτω δραχμὰς τεσσεράκοντα ὀκτώ , 
τῶ̣ν δὲ ἀπὸ τοῦ Φαῶφι τοῦ αὐτοῦ δωδεκάτου ἔτους 
μέχρι ἐπαγομένων πέπτης τ̣οῦ τρεισκαιδεκάτου 
ἔτους μηνῶν εἴκοσι τριῶν τὰς συναγομένας ἐπὶ τὸ αὐτὸ 
15ἀργυρίου δραχμὰς ἑκατὸν τριάκοντα ὀκτὼ   ̣  ̣  ̣  ̣  ̣  ̣  ̣  ̣, ἃς 
ἀποδώσει ἕως τῆς δευτέρας καὶ εἰκάδος τοῦ ὄντος 
μηνὸ̣ς Θώθ, μένοντος τοῦ λόγου τῷ Α  ̣  ̣  ̣  ̣  ̣  ̣  ̣ περὶ 
ὧν ὀφείλει αὐτῷ ὁ Στοτοήτιος ἄλλων δραχμῶν   ̣  ̣  ̣  ̣  ̣  ̣ 
καθʼ ἃς ἔχει ἐνγράπτους ἀσφαλείας ⁦ -ca.?- ⁩ 
20ναι τοὺς προκειμένους τόκους ⁦ -ca.?- ⁩ 
προκείμενα τροφεῖα. ","29.3149635,30.8399565",29.3149635,30.8399565,31.855166070000003,15.493248178571427,18
126,,,© Heidelberger Gesamtverzeichnis der griechischen Papyrusurkunden Ägyptens. This work is licensed under a Creative Commons Attribution 3.0 License.,,,,,Arsinoiton Polis,,,,,VIII 472; IX 348,,Papyrus,,"Stud. Pal. 20 219 (Wessely, Carl; 1921)",keiner,"Montevecchi, Contratti (1950), S. 104",,,Papyrus,,http://data.onb.ac.at/rec/RZ00001749...,mentioned people,Vertrag; Arbeit; Vermietung des Sohnes; Herberge; Notarsunterschrift,,,,,"Vienna, Nationalbibliothek G 2217; . formerly: Vienna, Nationalbibliothek AN 433; Vienna, Nationalbibliothek VN 6014",,,,,,"Egypt, 00d - Krokodilopolis (Medinet el-Fayum)[written]; Egypt, 00 - Arsinoites (Fayum)[found]",,,,AD 604 Aug 11,,,,,,,,,,mentioned places,,Greek,"Diethart - Worp, Notarsunterschriften, Tafel 7, Ars. 7.2.1 (Z. 38 - 40)",,,,,,,,,,"Diethart - Worp, Notarsunterschriften, Tafel 7, Ars. 7.2.1 (Z. 38 - 40)",,11. Aug. 604,SPP 20 219,Vertrag; Arbeit; Vermietung des Sohnes; Herberge; Notarsunterschrift,,Arsinoiton Polis,"Montevecchi, Contratti (1950), S. 104",,,,,,,,,,© Heidelberger Gesamtverzeichnis der griechischen Papyrusurkunden Ägyptens. This work is licensed under a Creative Commons Attribution 3.0 License.,,VIII 472; IX 348,,,,,,,,,Papyrus,,,,,,,,keiner,Papyrus,http://data.onb.ac.at/rec/RZ00001749...,,,,,,,,"  [† ἐ]ν ὀνόματι τῆς ἁγίας (καὶ) ὁμοουσ(ίου) 
[τρι]άδος πατρὸς (καὶ) υἱοῦ (καὶ) ἁγίου πνεύμ(ατος) 
[(καὶ) τῆς] δεσποίνης ἡμῶν τῆς θεοτόκου 
(καὶ) πάντων τῶν ἁγίων βασιλείας τοῦ 
5εὐσεβεστάτου ἡμῶν δεσπ(ότου) Φλ(αυίου) Φωκᾶ 
τοῦ αἰωνίου Αὐγούστου ἔτους β  
Μεσορὴ ι̣η̣ ὀγδόης ἰν(δικτίονος) ἐν Ἀρ(σινόῃ)(*). 
Αὐρηλία Χαρὰ θυγάτηρ Κομήτου 
χήρα ἀπὸ τῆς Ἀρσινοιτῶν πόλεως 
10ἀπὸ ἀμφόδου Βιθυνῶν Ἰ(*)σίωνος 
τῷ θαυμασιωτάτῳ Γεωργίῳ 
υἱ(*)ῷ τοῦ ἐν μακαρίᾳ τῇ μνήμῃ 
Ἰωάννου χ(αίρειν)· ὁμολογῶ μεμισθω-
κέναι σοι τὸν ἐμὸν υἱ(*)ὸν Ἄπα Ὂλ 
15ὀνόματι παραμένοντά σοι καὶ ποι-
οῦντα πρὸς σὲ τὴν τοῦ σταβλί-
του χρείαν ἀκαταγνώστως καὶ 
ἀπεριφρονήτως ἐπὶ ἐνιαυτὸν 
ἕνα ἀριθμο[ύμεν]ον ἀπὸ εἰκάδος 
20τοῦ ὄντος μηνὸς Μεσορὴ τῆς 
παρούσης ὀγδ[ό]ης ἰν(δικτίονος) ἐπὶ μισθῷ 
τοῦ αὐτοῦ ἑνὸς ἐνιαυτοῦ χρυσίου 
νομισματίου [ἑ]νὸς καὶ σίτου ἀρτα-
βῶν ἑπτὰ(*) καὶ ἐ[λ]αίου ξεστῶν ἕξ, 
25χρ(υσίου) νο(μισμάτιον) α (καὶ) σί(του) (ἀρτάβαι) ζ(*) (καὶ) ἐλαί(ου) ξέστ(αι) ϛ, 
καὶ τῶν ἐ[ξ ἔ]θους συνηθειῶν 
ἐξ ὧν ἔσχον παρὰ σοῦ νυνὶ ἐκ(*) προ-
χρείας(*) τὸ ἓν νόμισμα καὶ μὴ δύ-
νασθαί με λαβεῖν παρὰ σοῦ τὸν αὐτό[ν] 
30μου υἱ(*)ὸν πρὸ συμπληρώσεως τοῦ 
αὐτοῦ ἐνιαυτοῦ· εἰ(*) δὲ λάβω αὐτὸν 
πρὸ συμπληρώσεως τοῦ αὐτοῦ 
ἑνὸς ἐνιαυτοῦ ἐπὶ τῷ με ἀνα-
[δ]οῦναί σοι ὅπερ νῦν ἔσχον ἓν νό-
35μισμα καὶ ἀπολλεῖν με αὐτό̣[ν](*)· 
[κ]αὶ ἐπερ(ωτηθεὶς) ὡμ(ολόγησα). † Χαρὰ Κομήτο[υ] 
ἡ προκ(ειμένη) στοιχ(εῖ) μ̣ο̣ι̣ τὰ προ-
γεγραμμ(ένα) ὡς πρ(όκειται). Ἠλίας Ἰ̣ω̣(άννου)(*)  
ἔγρ(αψα) (ὑπὲρ) αὐτου(*). 
40† di emu Hlia  monogr. διʼ ἐμοῦ 
Ἠλία Ἰ̣ω̣(άννου)(*)  ","  † ἐν ὀνόματι τῆς ἁγίας καὶ ὁμοουσίου 
τριάδος πατρὸς καὶ υἱοῦ καὶ ἁγίου πνεύματος 
καὶ τῆς δεσποίνης ἡμῶν τῆς θεοτόκου 
καὶ πάντων τῶν ἁγίων βασιλείας τοῦ 
5εὐσεβεστάτου ἡμῶν δεσπότου Φλαυίου Φωκᾶ 
τοῦ αἰωνίου Αὐγούστου ἔτους β  
Μεσορὴ ι̣η̣ ὀγδόης ἰνδικτίονος ἐν Ἀρσινόῃ. 
Αὐρηλία Χαρὰ θυγάτηρ Κομήτου 
χήρα ἀπὸ τῆς Ἀρσινοιτῶν πόλεως 
10ἀπὸ ἀμφόδου Βιθυνῶν Ἰσίωνος 
τῷ θαυμασιωτάτῳ Γεωργίῳ 
υἱῷ τοῦ ἐν μακαρίᾳ τῇ μνήμῃ 
Ἰωάννου χαίρειν· ὁμολογῶ μεμισθω-
κέναι σοι τὸν ἐμὸν υἱὸν Ἄπα Ὂλ 
15ὀνόματι παραμένοντά σοι καὶ ποι-
οῦντα πρὸς σὲ τὴν τοῦ σταβλί-
του χρείαν ἀκαταγνώστως καὶ 
ἀπεριφρονήτως ἐπὶ ἐνιαυτὸν 
ἕνα ἀριθμούμενον ἀπὸ εἰκάδος 
20τοῦ ὄντος μηνὸς Μεσορὴ τῆς 
παρούσης ὀγδόης ἰνδικτίονος ἐπὶ μισθῷ 
τοῦ αὐτοῦ ἑνὸς ἐνιαυτοῦ χρυσίου 
νομισματίου ἑνὸς καὶ σίτου ἀρτα-
βῶν ἑπτὰ καὶ ἐλαίου ξεστῶν ἕξ, 
25χρυσίου νομισμάτιον α καὶ σίτου ἀρτάβαι ζ καὶ ἐλαίου ξέσται ϛ, 
καὶ τῶν ἐξ ἔθους συνηθειῶν 
ἐξ ὧν ἔσχον παρὰ σοῦ νυνὶ ἐκ προ-
χρείας τὸ ἓν νόμισμα καὶ μὴ δύ-
νασθαί με λαβεῖν παρὰ σοῦ τὸν αὐτόν 
30μου υἱὸν πρὸ συμπληρώσεως τοῦ 
αὐτοῦ ἐνιαυτοῦ· εἰ δὲ λάβω αὐτὸν 
πρὸ συμπληρώσεως τοῦ αὐτοῦ 
ἑνὸς ἐνιαυτοῦ ἐπὶ τῷ με ἀνα-
δοῦναί σοι ὅπερ νῦν ἔσχον ἓν νό-
35μισμα καὶ ἀπολλεῖν με αὐτό̣ν· 
καὶ ἐπερωτηθεὶς ὡμολόγησα. † Χαρὰ Κομήτου 
ἡ προκειμένη στοιχεῖ μ̣ο̣ι̣ τὰ προ-
γεγραμμένα ὡς πρόκειται. Ἠλίας Ἰ̣ω̣άννου  
ἔγραψα ὑπὲρ αὐτου. 
40† di emu Hlia  monogr. διʼ ἐμοῦ 
Ἠλία Ἰ̣ω̣άννου  ","29.3149635,30.8399565",29.3149635,30.8399565,31.855166070000003,15.493248178571427,18
