Unnamed: 0,Condition (HGV),Author (HGV),License (HGV),Culture (HGV),Script Type (HGV),Previous Edition (HGV),Preservation (HGV),Origin (HGV),Catalog(s) (HGV),Work (HGV),Summary (HGV),Recto/Verso (HGV),Post-Concordance BL Entries (HGV),Genre (HGV),Material (HGV),Support Dimensions (HGV),Publications (HGV),Title (HGV),Translations (HGV),Support Material (HGV),Note (general) (HGV),Support/Dimensions (HGV),Reuse Type (HGV),Images (HGV),People (HGV),Subjects (HGV),Hands (HGV),Commentary (HGV),General Notes (HGV),Place Stored (Ancient) (HGV),Inv. no. (HGV),Principal Edition (HGV),Lines (HGV),Citations (HGV),Availability (HGV),palaeo (HGV),Provenance (HGV),Religion (HGV),catalogue (HGV),Partial Edition (HGV),Date (HGV),translation (HGV),study (HGV),Reference Edition (HGV),Fragments (HGV),reference (HGV),Associated Names (HGV),Works (HGV),Inv. Id (HGV),Form and Layout (HGV),Places (HGV),illustration (HGV),Language (HGV),Print Illustrations (HGV),Note (local/note) (HGV),Note (related) (HGV),Content (HGV),Readings (HGV),Mentioned Dates (HGV),Archive (HGV),Fragments (Tris),General Notes (Tris),Genre (Tris),Print Illustrations (Tris),Reuse Type (Tris),Date (Tris),Publications (Tris),Subjects (Tris),illustration (Tris),Origin (Tris),Translations (Tris),Reference Edition (Tris),Partial Edition (Tris),Support Dimensions (Tris),Provenance (Tris),Availability (Tris),Work (Tris),Content (Tris),Form and Layout (Tris),catalogue (Tris),License (Tris),Previous Edition (Tris),Post-Concordance BL Entries (Tris),Support Material (Tris),Principal Edition (Tris),Citations (Tris),People (Tris),translation (Tris),Commentary (Tris),Inv. Id (Tris),Place Stored (Ancient) (Tris),Support/Dimensions (Tris),Script Type (Tris),Culture (Tris),Catalog(s) (Tris),Mentioned Dates (Tris),study (Tris),palaeo (Tris),Readings (Tris),Title (Tris),Material (Tris),Images (Tris),Religion (Tris),Works (Tris),Language (Tris),Inv. no. (Tris),Places (Tris),Archive (Tris),reference (Tris),text,cleanText,Coordinates,Latitude,Longitude,relLat,relLong,Cluster
84,,,This work is licensed under a Creative Commons Attribution-NonCommercial 3.0 License.,,,,,Provenance Unknown,,,"List of stolen property. List of articles left behind at her death by a certain Tloulla, and subsequently stolen by her husband, Paul. The inventory was prepared by her father doubtless as a preliminary step in obtaining redress on account of the loss of portion of her dowry",,IX 220; X 165; XII 163,,Papyrus,,"P. Princ. 2 95 (Kase, Edmund Harris Jr.; 1936)",Inventory of Stolen Property,,,"The hand is a large, upright cursive",1 papyrus fragment; 31 x 19 cm,,http://www.columbia.edu/cgi-bin/dlo?obj=princeton.apis.p564...,mentioned people,Papyri; List,,"Zur Datierung vgl. BL X, S. 165. Zu Z. 22 vgl. Russo, Gioielli, S. 48-50, Nr. 62.",,,"Princeton, University Library AM 8956",,,P.Princ.:2:95,,,Egypt[found & written],,,,Vth c. AD(?),,,,,,,,AM 8956,,,,In Greek,,,,,,,,,,,,,V (?),P.Princ. 2 95,Liste; Inventar; Gegenstände; die der Vater nicht von der Mitgift seiner verstorbenen Tochter zurückerhalten hat,,unbekannt,,,,,,,,,,,© Heidelberger Gesamtverzeichnis der griechischen Papyrusurkunden Ägyptens. This work is licensed under a Creative Commons Attribution 3.0 License.,,IX 220; X 165; XII 163,,,,,,"Zur Datierung vgl. BL X, S. 165. Zu Z. 22 vgl. Russo, Gioielli, S. 48-50, Nr. 62.",,,Papyrus,,,,,,,,Inventory of Stolen Property,Papyrus,http://www.columbia.edu/cgi-bin/dlo?obj=princeton.apis.p564...,,,,,,,,"  ☧ γνῶσις φανερῶν σκευῶν καταλειφθέντ(ων) 
παρὰ τῆς μακαρίας μου θυγατρὸς 
Τλούλλας λημφθέντων βιαίως 
παρὰ τοῦ αὐτῆς ἀνδρὸς Παύλου 
5οὕτως· 
χρυσοῦ — ν(ομίσματα) ιβ  𐅵 // 
βρεκτήριον χαλκ(οῦν) — α  
κάδος — α  
τκουσου — α  
10τήγανα — β  
ἅμαξαν πατητικὴν — α  
ἐργαλιδίων σιδηρ(είων) νο(μίσμα) α̣ [⁦ -ca.?- ⁩] 
  ̣  ̣[  ̣  ̣]  ̣  ̣  ̣  ̣[  ̣]  ̣[  ̣]κ̣ω̣τ̣ [⁦ -ca.?- ⁩] 
λωδίκιον πορφ(υροῦν) α  
15κιβωτιν(*)  α  
ἕλκεστον ὀριχαλκ(οῦν) — α  
κρεμουριν α  
ἱ(*)μάτια τέσσ[αρα] 
μαφόρια β  
20στρῶμα σαλάχινον — α  
λαμ̣π̣άδιον — [⁦ -ca.?- ⁩] 
ἀλισ̣ι̣διν(*) ἤτοι ἐνώτι[ον] πτυχί[α ⁦ -ca.?- ⁩] ","  ☧ γνῶσις φανερῶν σκευῶν καταλειφθέντων 
παρὰ τῆς μακαρίας μου θυγατρὸς 
Τλούλλας λημφθέντων βιαίως 
παρὰ τοῦ αὐτῆς ἀνδρὸς Παύλου 
5οὕτως· 
χρυσοῦ — νομίσματα ιβ  𐅵 // 
βρεκτήριον χαλκοῦν — α  
κάδος — α  
τκουσου — α  
10τήγανα — β  
ἅμαξαν πατητικὴν — α  
ἐργαλιδίων σιδηρείων νομίσμα α̣ ⁦ -ca.?- ⁩ 
  ̣  ̣  ̣  ̣  ̣  ̣  ̣  ̣  ̣  ̣  ̣κ̣ω̣τ̣ ⁦ -ca.?- ⁩ 
λωδίκιον πορφυροῦν α  
15κιβωτιν  α  
ἕλκεστον ὀριχαλκοῦν — α  
κρεμουριν α  
ἱμάτια τέσσαρα 
μαφόρια β  
20στρῶμα σαλάχινον — α  
λαμ̣π̣άδιον — ⁦ -ca.?- ⁩ 
ἀλισ̣ι̣διν ἤτοι ἐνώτιον πτυχία ⁦ -ca.?- ⁩ ","37.75,15.25",37.75,15.25,19.695,7.660714285714286,2
