Unnamed: 0,Condition (HGV),Author (HGV),License (HGV),Culture (HGV),Script Type (HGV),Previous Edition (HGV),Preservation (HGV),Origin (HGV),Catalog(s) (HGV),Work (HGV),Summary (HGV),Recto/Verso (HGV),Post-Concordance BL Entries (HGV),Genre (HGV),Material (HGV),Support Dimensions (HGV),Publications (HGV),Title (HGV),Translations (HGV),Support Material (HGV),Note (general) (HGV),Support/Dimensions (HGV),Reuse Type (HGV),Images (HGV),People (HGV),Subjects (HGV),Hands (HGV),Commentary (HGV),General Notes (HGV),Place Stored (Ancient) (HGV),Inv. no. (HGV),Principal Edition (HGV),Lines (HGV),Citations (HGV),Availability (HGV),palaeo (HGV),Provenance (HGV),Religion (HGV),catalogue (HGV),Partial Edition (HGV),Date (HGV),translation (HGV),study (HGV),Reference Edition (HGV),Fragments (HGV),reference (HGV),Associated Names (HGV),Works (HGV),Inv. Id (HGV),Form and Layout (HGV),Places (HGV),illustration (HGV),Language (HGV),Print Illustrations (HGV),Note (local/note) (HGV),Note (related) (HGV),Content (HGV),Readings (HGV),Mentioned Dates (HGV),Archive (HGV),Fragments (Tris),General Notes (Tris),Genre (Tris),Print Illustrations (Tris),Reuse Type (Tris),Date (Tris),Publications (Tris),Subjects (Tris),illustration (Tris),Origin (Tris),Translations (Tris),Reference Edition (Tris),Partial Edition (Tris),Support Dimensions (Tris),Provenance (Tris),Availability (Tris),Work (Tris),Content (Tris),Form and Layout (Tris),catalogue (Tris),License (Tris),Previous Edition (Tris),Post-Concordance BL Entries (Tris),Support Material (Tris),Principal Edition (Tris),Citations (Tris),People (Tris),translation (Tris),Commentary (Tris),Inv. Id (Tris),Place Stored (Ancient) (Tris),Support/Dimensions (Tris),Script Type (Tris),Culture (Tris),Catalog(s) (Tris),Mentioned Dates (Tris),study (Tris),palaeo (Tris),Readings (Tris),Title (Tris),Material (Tris),Images (Tris),Religion (Tris),Works (Tris),Language (Tris),Inv. no. (Tris),Places (Tris),Archive (Tris),reference (Tris),text,cleanText,Coordinates,Latitude,Longitude,relLat,relLong,Cluster
131,,,© Heidelberger Gesamtverzeichnis der griechischen Papyrusurkunden Ägyptens. This work is licensed under a Creative Commons Attribution 3.0 License.,,,,,Theben,,,,,XI 287; XII 286,,Papyrus,,"UPZ 2 204 (Wilcken, Ulrich; 1957)",Lampenöl und Geld für die Truppen des Boethos,,,,Papyrus,,,mentioned people,"Zahlungsanweisung (Lampenöl, Geld); Subskriptionen; Militär",,,,,"Paris, Louvre without number",,,,,,"Egypt, U04b - Dios Polis (Thebes east)[destination]; Egypt, U04b - Dios Polis (Thebes east)[found & written]",,,,"BC 134 Jul 31 ((P08), year 36, Epeiph 09)",,,,,,,,,,mentioned places,,Greek,,,,,,,Royal bank of Thebes,,,,,,31. Juli 134 v.Chr.,UPZ 2 204,"Zahlungsanweisung (Lampenöl, Geld); Subskriptionen; Militär",,Theben,,,,,,,,,,,© Heidelberger Gesamtverzeichnis der griechischen Papyrusurkunden Ägyptens. This work is licensed under a Creative Commons Attribution 3.0 License.,,XI 287; XII 286,,,,,,,,,Papyrus,,,,,,,,Lampenöl und Geld für die Truppen des Boethos,Papyrus,,,,,,,,,"  -- -- -- -- -- -- -- -- -- --  
1[⁦ -ca.?- ⁩]  ̣ος  ̣  ̣  ̣  ̣[⁦ -ca.?- ⁩]  ̣  ̣  ̣  ̣αι[⁦ -ca.?- ⁩] τὸ εἰς αὐτ̣ὸ̣ν   ̣  ̣ν  ̣[⁦ -ca.?- ⁩] ἐφοδείας 
[⁦ -ca.?- ⁩]  ̣  ̣ τῶν παρεμβολῶν [τα]ῖς συνακολουθούσαις \δυ[νάμεσ]ι/ Β[οή]θωι τῶι συγγενεῖ καὶ ἐπιστρατήγωι
                              καὶ στρατηγῶι 
[τῆς Θηβαίδος σιταρχ]ῆ̣σαι τὸ καθῆκον [κῖκι] καὶ ἐλλύχνια εἰς τὰς [ν]ύ̣κτ̣ας κερα  ̣  ̣ν̣α̣ς̣ ε εἰς ἕκασ(τον) τῆς ἡμέρ̣ας κί(κιος) κο(τύλην) α  
[⁦ -ca.?- ⁩]  ̣υντ̣α̣ κ[ί]κιος κο(τύλας) δ ἐλλύχνια Α̣β τὰ συναγόμενα ἡμερῶν λ ἀπὸ α τοῦ Ἐπεὶφ ἕως λ  
5[⁦ -ca.?- ⁩ κίκιος] με(τρητὴν) α [χό(ας) ι] κο(τύλας) ϛ ἐλλ[υ]χνίων Α̣κϛ  δ´ εὐτύχει. (ἔτους) λϛ Ἐπεὶφ θ. 
[⁦ -ca.?- ⁩ Προο]ῦ με(τρητὴν) α χ(όας) ι κο(τύλας) ϛ (γίνεται) [με(τρητὴς) α χ(όαι) ι κ]ο(τύλαι) ϛ. 
[⁦ -ca.?- ⁩] Προοῦ κί(κιος) με(τρητὴν) ἕνα χό(ας) δέ[κα] . κο(τύλας) ἕξ (γίνεται) με(τρητὴς) α [χό(αι) ι κο(τύλαι)] ϛ. [(ἔτους)] λϛ Ἐπεὶφ θ. 
⁦ vac. ? ⁩  
[⁦ -ca.?- ⁩]ειται χα(λκοῦ) (τάλαντον) ἓν Αω[ο]ε (γίνεται) (τάλαντον) α  Αωξε. (ἔτους) λϛ Ἐπεὶφ θ. ","  -- -- -- -- -- -- -- -- -- --  
1⁦ -ca.?- ⁩  ̣ος  ̣  ̣  ̣  ̣⁦ -ca.?- ⁩  ̣  ̣  ̣  ̣αι⁦ -ca.?- ⁩ τὸ εἰς αὐτ̣ὸ̣ν   ̣  ̣ν  ̣⁦ -ca.?- ⁩ ἐφοδείας 
⁦ -ca.?- ⁩  ̣  ̣ τῶν παρεμβολῶν ταῖς συνακολουθούσαις \δυνάμεσι/ Βοήθωι τῶι συγγενεῖ καὶ ἐπιστρατήγωι
                              καὶ στρατηγῶι 
τῆς Θηβαίδος σιταρχῆ̣σαι τὸ καθῆκον κῖκι καὶ ἐλλύχνια εἰς τὰς νύ̣κτ̣ας κερα  ̣  ̣ν̣α̣ς̣ ε εἰς ἕκαστον τῆς ἡμέρ̣ας κίκιος κοτύλην α  
⁦ -ca.?- ⁩  ̣υντ̣α̣ κίκιος κοτύλας δ ἐλλύχνια Α̣β τὰ συναγόμενα ἡμερῶν λ ἀπὸ α τοῦ Ἐπεὶφ ἕως λ  
5⁦ -ca.?- ⁩ κίκιος μετρητὴν α χόας ι κοτύλας ϛ ἐλλυχνίων Α̣κϛ  δ´ εὐτύχει. ἔτους λϛ Ἐπεὶφ θ. 
⁦ -ca.?- ⁩ Προοῦ μετρητὴν α χόας ι κοτύλας ϛ γίνεται μετρητὴς α χόαι ι κοτύλαι ϛ. 
⁦ -ca.?- ⁩ Προοῦ κίκιος μετρητὴν ἕνα χόας δέκα . κοτύλας ἕξ γίνεται μετρητὴς α χόαι ι κοτύλαι ϛ. ἔτους λϛ Ἐπεὶφ θ. 
⁦ vac. ? ⁩  
⁦ -ca.?- ⁩ειται χαλκοῦ τάλαντον ἓν Αωοε γίνεται τάλαντον α  Αωξε. ἔτους λϛ Ἐπεὶφ θ. ","25.6666551,32.631884",25.6666551,32.631884,33.25286952,18.88096312142857,14
