Unnamed: 0,Condition (HGV),Author (HGV),License (HGV),Culture (HGV),Script Type (HGV),Previous Edition (HGV),Preservation (HGV),Origin (HGV),Catalog(s) (HGV),Work (HGV),Summary (HGV),Recto/Verso (HGV),Post-Concordance BL Entries (HGV),Genre (HGV),Material (HGV),Support Dimensions (HGV),Publications (HGV),Title (HGV),Translations (HGV),Support Material (HGV),Note (general) (HGV),Support/Dimensions (HGV),Reuse Type (HGV),Images (HGV),People (HGV),Subjects (HGV),Hands (HGV),Commentary (HGV),General Notes (HGV),Place Stored (Ancient) (HGV),Inv. no. (HGV),Principal Edition (HGV),Lines (HGV),Citations (HGV),Availability (HGV),palaeo (HGV),Provenance (HGV),Religion (HGV),catalogue (HGV),Partial Edition (HGV),Date (HGV),translation (HGV),study (HGV),Reference Edition (HGV),Fragments (HGV),reference (HGV),Associated Names (HGV),Works (HGV),Inv. Id (HGV),Form and Layout (HGV),Places (HGV),illustration (HGV),Language (HGV),Print Illustrations (HGV),Note (local/note) (HGV),Note (related) (HGV),Content (HGV),Readings (HGV),Mentioned Dates (HGV),Archive (HGV),Fragments (Tris),General Notes (Tris),Genre (Tris),Print Illustrations (Tris),Reuse Type (Tris),Date (Tris),Publications (Tris),Subjects (Tris),illustration (Tris),Origin (Tris),Translations (Tris),Reference Edition (Tris),Partial Edition (Tris),Support Dimensions (Tris),Provenance (Tris),Availability (Tris),Work (Tris),Content (Tris),Form and Layout (Tris),catalogue (Tris),License (Tris),Previous Edition (Tris),Post-Concordance BL Entries (Tris),Support Material (Tris),Principal Edition (Tris),Citations (Tris),People (Tris),translation (Tris),Commentary (Tris),Inv. Id (Tris),Place Stored (Ancient) (Tris),Support/Dimensions (Tris),Script Type (Tris),Culture (Tris),Catalog(s) (Tris),Mentioned Dates (Tris),study (Tris),palaeo (Tris),Readings (Tris),Title (Tris),Material (Tris),Images (Tris),Religion (Tris),Works (Tris),Language (Tris),Inv. no. (Tris),Places (Tris),Archive (Tris),reference (Tris),text,cleanText,Coordinates,Latitude,Longitude,relLat,relLong,Cluster
15,,,© Heidelberger Gesamtverzeichnis der griechischen Papyrusurkunden Ägyptens. This work is licensed under a Creative Commons Attribution 3.0 License.,,,,,Hermopolites,,,,,,,Papyrus,,CPR 36 18,Lista di forniture per i moagaritai di Pouampoimeneos,,,,Papyrus,,http://data.onb.ac.at/rec/RZ00041007...,,Liste; Abrechnung; Araber; Milch; Honig; Öl; Ziegen; subfrumentarius; Honig,,,,,,,,,,,,,,,Dez. 643,,,,,,,,G 1574,,,,,Tav. 11,,,,,,,,,,Tav. 11,,Dez. 643,CPR 36 18,Liste; Abrechnung; Araber; Milch; Honig; Öl; Ziegen; subfrumentarius; Honig,,Hermopolites,,,,,,,,,,,© Heidelberger Gesamtverzeichnis der griechischen Papyrusurkunden Ägyptens. This work is licensed under a Creative Commons Attribution 3.0 License.,,,,,,,,,G 1574,,Papyrus,,,,,,,,Lista di forniture per i moagaritai di Pouampoimeneos,Papyrus,http://data.onb.ac.at/rec/RZ00041007...,,,,,,,,"  † γνῶ(σις) εἰδῶ(ν) δοθέ(ντων) τοῖς οὖσι μωαγαρ(ί)τ(αις) εἰς Πουαμπ(οιμήνεως) 
ἐπάνω τοῦ̣ γάλα̣τος(*) ἀπὸ κ̣ώ̣μ̣(ης) \Ηλίου/ ἀπὸ μη(νὸς) Χοιὰκ κ[⁦ -ca.?- ⁩] 
ἰνδ(ικτίονος) β † 
ο(ὕτως) 
5δ(ο)θ(έντα) Κολλούθο̣[υ σου]φρομενταρ(ί)ου(*) [ἀ]σκίδ(ια) δ̣  
δ̣(ο)θ(έντα) Κολλ(ού)θ(ου) σουφρομενταρ(ίου)(*) μέλ(ι)τ(ος) ἀ̣σ̣κ̣α̣λώ(νια) β  
δ(ο)θ(ὲν) (ὑπὲρ) τιμ(ῆς) χόρτ(ου) αἰγ̣ιδ(ίων) νό(μισμα) α ἀρού(ρης) 𐅵  δ´  
δ(ο)θ(έντα) Κολλ(ού)θ(ου) σ̣ουφρομενταρ(ίου)(*) ἐλαίου ξ(έσται) β (καὶ) ξύ̣λ̣(ων) κόμ(ματα) ι̣  
γ̣ί̣(νεται) [ἀσκί]δ̣(ια) δ̣ (καὶ) μέλ̣(ι)τ̣(ος) ἀ̣σ̣κ̣α̣λ̣[ώ(νια) β ⁦ -ca.?- ⁩] 
-- -- -- -- -- -- -- -- -- --  ","  † γνῶσις εἰδῶν δοθέντων τοῖς οὖσι μωαγαρίταις εἰς Πουαμποιμήνεως 
ἐπάνω τοῦ̣ γάλα̣τος ἀπὸ κ̣ώ̣μ̣ης \Ηλίου/ ἀπὸ μηνὸς Χοιὰκ κ⁦ -ca.?- ⁩ 
ἰνδικτίονος β † 
οὕτως 
5δοθέντα Κολλούθο̣υ σουφρομενταρίου ἀσκίδια δ̣  
δ̣οθέντα Κολλούθου σουφρομενταρίου μέλιτος ἀ̣σ̣κ̣α̣λώνια β  
δοθὲν ὑπὲρ τιμῆς χόρτου αἰγ̣ιδίων νόμισμα α ἀρούρης 𐅵  δ´  
δοθέντα Κολλούθου σ̣ουφρομενταρίου ἐλαίου ξέσται β καὶ ξύ̣λ̣ων κόμματα ι̣  
γ̣ί̣νεται ἀσκίδ̣ια δ̣ καὶ μέλ̣ιτ̣ος ἀ̣σ̣κ̣α̣λ̣ώνια β ⁦ -ca.?- ⁩ 
-- -- -- -- -- -- -- -- -- --  ","31.037798,31.379406",31.037798,31.379406,32.27593668,13.893473285714286,3
28,,,© Heidelberger Gesamtverzeichnis der griechischen Papyrusurkunden Ägyptens. This work is licensed under a Creative Commons Attribution 3.0 License.,,,,,Hermopolis,,,,,,,Papyrus,,"P. Brem. 68 (Wilcken, Ulrich; 1936) = Felgenhauer (ed.), Die altägyptische Sammlung des Übersee-Museums Bremen p. 156-157 no. 246 descr. (Hermes, Maria; 2015)","Darlehensurkunde des Herakles, Vaters des Strategen, mit anschließender Bankurkunde",,,,Papyrus,,http://brema.suub.uni-bremen.de/papyri/content/titleinfo/770...,mentioned people,Vertrag; Darlehen; Geld; Bank,,Gehört zum Archiv des Strategen Apollonios.,,,"Bremen, Übersee-Museum B 13968 a; . other inv.: Bremen, Übersee-Museum P. 23. formerly: Bremen, Private collection H. Melchers P. 23",,,,,,"Egypt, U15 - Hermopolis (El-Ashmunein)[found & written]",,,,"a: AD 99 Nov 26 (Traianus, year 03, Hathyr 29)b: AD 99 Nov 26 (Traianus, year 03, Hathyr 29)",,,,,,,,,,mentioned places,,Greek,,,,,,Z. 34:28. Nov. 99,Apollonios strategos,,,,,,26. Nov. 99,P.Brem. 68 Z. 1 - 15,"Vertrag (Darlehen, Geld); Namen; Signalement; Zinssatz; Hypothek; Bankurkunde; Unterschriften",,Hermopolis (?),,,,,,,,,,,© Heidelberger Gesamtverzeichnis der griechischen Papyrusurkunden Ägyptens. This work is licensed under a Creative Commons Attribution 3.0 License.,,,,,,,,Gehört zum Archiv des Strategen Apollonios.,,,Papyrus,,,,,,,,"Darlehensurkunde des Herakles, Vaters des Strategen, mit anschließender Bankurkunde",Papyrus,http://brema.suub.uni-bremen.de/papyri/content/titleinfo/770...,,,,,,,,"  (hand 1) [ἔτους τρίτ]ου Αὐτοκρά[τορος] Κ[αί]σαρο[ς] Νέρουα Τραιανοῦ Σεβαστοῦ Γερμανικοῦ
                              (hand 4) Ἁθὺρ κθ (hand 1) ἐν τῆι Θαλλοῦ τοῦ Πατεμ(ίτου) τοῦ ὑπὲρ Μέμφιν Ἑρμοπολ(ίτου). ἐδάνισεν(*) Ἡρακλῆς πρεσβύτερος Ἀπολλωνίου μητρὸς 
[  ̣  ̣  ̣  ̣  ̣  ̣  ̣  ̣] τῶν ἀφʼ Ἑρμ[οῦ πό]λ(εως) ἀναγραφόμενος Φρουρίου Ἀπηλιώτου ὡς (ἐτῶν) ξζ μέσο(ς), μελίχ(ρως), μακροπ(ρόσωπος), εὐθ(ύριν), ο(ὐλὴ) μετόπ(ῳ) μέ(σῳ) ὑπὸ τρίχ(α)
                              Δημητρίᾳ Ἐπιμάχου τοῦ καὶ Ἀφροδισίου μητρὸς Ταῶτος ὡς (ἐτῶν) νε μέση, μελίχ(ρως), μακ(ροπρόσωπος), (εὐ)θ(ύριν), ο(ὐλὴ) ἀντικ(νημίῳ) δε(ξιῷ) 
[μετὰ κυρίου τοῦ ἑαυ]τῆς υ[ἱο]ῦ [Μ]ιγχήους Οὐε[ίβ]ιος ὡς (ἐτῶν) κδ μέσο(ς), μελίχ(ρως), μακ(ροπρόσωπος), εὐθ(ύριν), ο(ὐλὴ) ὑπὲρ γό(νατος) δε(ξιοῦ), καὶ
                              αὐτοι(*) τῶν πόλεως ἀναγραφομενοι(*) ἔξω Πό[λε]ως Λιβὸς ἀργυρίου Σεβαστοῦ νομίσματος κεφαλαίου 
[δραχμὰς] χειλίας(*) τριακ[ο]σ[ία]ς , [ἃς] ἀνείρηται παρὰ τοῦ Ἡρακλήου ἡ Δημητρία διὰ τῆς Ἑρμαίου Ἡφαιστίωνος
                              ἐν Θαλλοῦ ἰδιωτικῆς τραπέζης, τόκου δραχμιαίου ἑκάστης μνᾶς κατὰ μῆνα ἕκαστον ἐπὶ
                              μῆνας εἴκοσι 
5[τέσσαρας ἀ]πὸ τοῦ ἐνεσ[τῶ]τος [γ (ἔτους)] Χοίακ, αἳ συναγομεναι(*) τόκου δραχμαι(*) τριακοσιαι(*) δέκα δύο γείνονται τόκου καὶ κεφαλαίου δραχ(μαὶ) χίλιαι ἑξακόσιαι δέκα δύο , ἐφʼ ὑποθήκῃ
                              ταῖς ὑπαρχούσαις τῆι Δημητρίᾳ περὶ Θαλλοῦ 
[ἐκ τοῦ Γλαυ]κίου κλήρου κατοικι[καῖ]ς ἀρούρ(αις) ἓξ πλήρεσι σπορίμαις καθαραῖ[ς]
                              ἀπὸ βασιλικῆς καὶ ἄλλων ἰδῶν(*). τὰς δὲ τοῦ ἀργυρίου δραχμὰς χειλίας(*) ἑξακοσίας δέκα δύο ἀποδότω ἡ Δημητρία τῶι Ἡρακλήωι ἢ τοῖς πα[ρʼ αὐτο]ῦ 
[ἕως Ἁ]θὺρ τριακάδος τοῦ πέμπτ[ου] (ἔτους) Αὐτοκράτορος Καίσαρος Νέρουα Τραιανοῦ Σεβαστοῦ
                              Γερμανικοῦ ἀργύριον ἀρεστὸν προχωροῦν, οἷον καὶ εἴληφεν. ἐὰν δὲ μὴ ἀποδοι(*), εὐθέως ἐξέστωι(*) τῶι Ἡρακλήωι ἢ τοῖς 
[παρʼ αὐτο]ῦ μετεπιγραφὴν ποι[ή]σασθαι εἰς ἑαυτὸν τῶν προκειμένων ἀρουρῶν ἓξ διὰ τῶν
                              τοῦ Ἑρμοπολίτου καταλοχισμῶν καὶ κτᾶσθαι κυρίως καὶ χρᾶσθαι καὶ οἰκονομεῖν περὶ αὐτῶν,
                              ὧι τρόπωι ἐὰν(*)  
[αἱρῆται], μηδενὸς [λ]όγου ἐξ ὑστέρου καταλειπομένου τῆι ὑποχρέωι Δημητρίᾳ μηδὲ τοῖς
                              παρʼ αὐτῆς περὶ μηδενὸς ἀνήκοντος τῆι ὑποθήκη[ι] τρόπωι μηδενὶ <ἢ> παρευρεσει(*) μηδεμια(*), ἀλλὰ καὶ τῆς βεβαιώ-
10[σεως τῆς ὑποθήκης οὔσης α]ὐτῆι διὰ παντὸς πρὸς πᾶσαν βεβαίωσιν. ἡ συν[γρα]φὴ τοῦ
                              δανείου κυρία. (hand 2) Δημητρία Ἐπιμάχ[ου τ]ετάνισμε(*) παρὰ το[ῦ Ἡ]ρακλήου πρεσβυτ[έρ]ω(*) Ἀπολλων[ί]ου τὰς [το]ῦ ἀργυρίου 
[κεφαλαίου δραχμὰς χιλί]ας τ[ρι]ακοσίας δ[ι]ὰ [τ]ῆς Ἑρμέου ἐν Θαλλοῦ ἰ(*)[διωτικῆ]ς δραπέσης(*) τώ[κου](*) [δρα]χμεου(*) ἑκάστη[ς μν]ᾶς κατὰ μῆνα ἕκ[αστ]ων(*) ἐπὶ μῆνας εἴ[κ]οσι τέσσαρας ἓ(*) συ[να]κομενε(*)  
[τόκου δραχμῶν τριακοσίων] δέ[κα] δύο γεί[νοντ]αι τώκ[ου](*) καὶ καιφ[αλαίου](*) [δραχ]μὲ(*) χιλίε(*) [ἑξακόσιαι δέ]κα δύο , ἐφʼ [ὑ]πο[θήκῃ τ]ε͂ς(*) ὑπαρχούσες(*) [μοι περὶ] Θαλλοῦ ἐκ [τ]οῦ [Γλα]υκί[ο]υ κλήρου κατυ[κ]εικε͂ς(*) ἀρούρες(*)  
[ἓξ πλήρεσι σπορί]μες(*) [καθαραῖς] ἀπὸ βασ[ιλικῆς καὶ ἄ]λλω[ν] ἰ(*)δῶν(*) κ[αὶ ἀποδώσω] ἕος(*) [Ἁθ]ὺρ τρια[κάδος το]ῦ π[έμπτου (ἔτους) Αὐτοκράτ]ωρος(*) [Κ]αί[σαρος Νέρουα Τραϊανοῦ Σ]εβ[αστοῦ Γερ]μανικοῦ [καὶ] βεβε[ώσ]ω(*) τὴν ὑποθή-
[κην διὰ παντὸς ὡς] πρώκιται(*). [⁦ -ca.?- ⁩]  ̣[⁦ -ca.?- ⁩]   ̣[⁦ -ca.?- ⁩]εκα[⁦ -ca.?- ⁩]  ̣  ̣  ̣α  ̣ [⁦ -ca.?- ⁩  (hand 3) ⁦ -ca.?- ⁩]απ[ -20-25-  εὐ]δ̣ο̣κ̣ῶ(*). 
15⁦ vac. ? ⁩  
15(hand 4) κεχ(ρημάτισται) διὰ Ἡφαιστίωνος Διονυσίου γραμματ(έως) δίφρου Θαλλοῦ. ","  hand 1 ἔτους τρίτου Αὐτοκράτορος Καίσαρος Νέρουα Τραιανοῦ Σεβαστοῦ Γερμανικοῦ
                              hand 4 Ἁθὺρ κθ hand 1 ἐν τῆι Θαλλοῦ τοῦ Πατεμίτου τοῦ ὑπὲρ Μέμφιν Ἑρμοπολίτου. ἐδάνισεν Ἡρακλῆς πρεσβύτερος Ἀπολλωνίου μητρὸς 
  ̣  ̣  ̣  ̣  ̣  ̣  ̣  ̣ τῶν ἀφʼ Ἑρμοῦ πόλεως ἀναγραφόμενος Φρουρίου Ἀπηλιώτου ὡς ἐτῶν ξζ μέσος, μελίχρως, μακροπρόσωπος, εὐθύριν, οὐλὴ μετόπῳ μέσῳ ὑπὸ τρίχα
                              Δημητρίᾳ Ἐπιμάχου τοῦ καὶ Ἀφροδισίου μητρὸς Ταῶτος ὡς ἐτῶν νε μέση, μελίχρως, μακροπρόσωπος, εὐθύριν, οὐλὴ ἀντικνημίῳ δεξιῷ 
μετὰ κυρίου τοῦ ἑαυτῆς υἱοῦ Μιγχήους Οὐείβιος ὡς ἐτῶν κδ μέσος, μελίχρως, μακροπρόσωπος, εὐθύριν, οὐλὴ ὑπὲρ γόνατος δεξιοῦ, καὶ
                              αὐτοι τῶν πόλεως ἀναγραφομενοι ἔξω Πόλεως Λιβὸς ἀργυρίου Σεβαστοῦ νομίσματος κεφαλαίου 
δραχμὰς χειλίας τριακοσίας , ἃς ἀνείρηται παρὰ τοῦ Ἡρακλήου ἡ Δημητρία διὰ τῆς Ἑρμαίου Ἡφαιστίωνος
                              ἐν Θαλλοῦ ἰδιωτικῆς τραπέζης, τόκου δραχμιαίου ἑκάστης μνᾶς κατὰ μῆνα ἕκαστον ἐπὶ
                              μῆνας εἴκοσι 
5τέσσαρας ἀπὸ τοῦ ἐνεστῶτος γ ἔτους Χοίακ, αἳ συναγομεναι τόκου δραχμαι τριακοσιαι δέκα δύο γείνονται τόκου καὶ κεφαλαίου δραχμαὶ χίλιαι ἑξακόσιαι δέκα δύο , ἐφʼ ὑποθήκῃ
                              ταῖς ὑπαρχούσαις τῆι Δημητρίᾳ περὶ Θαλλοῦ 
ἐκ τοῦ Γλαυκίου κλήρου κατοικικαῖς ἀρούραις ἓξ πλήρεσι σπορίμαις καθαραῖς
                              ἀπὸ βασιλικῆς καὶ ἄλλων ἰδῶν. τὰς δὲ τοῦ ἀργυρίου δραχμὰς χειλίας ἑξακοσίας δέκα δύο ἀποδότω ἡ Δημητρία τῶι Ἡρακλήωι ἢ τοῖς παρʼ αὐτοῦ 
ἕως Ἁθὺρ τριακάδος τοῦ πέμπτου ἔτους Αὐτοκράτορος Καίσαρος Νέρουα Τραιανοῦ Σεβαστοῦ
                              Γερμανικοῦ ἀργύριον ἀρεστὸν προχωροῦν, οἷον καὶ εἴληφεν. ἐὰν δὲ μὴ ἀποδοι, εὐθέως ἐξέστωι τῶι Ἡρακλήωι ἢ τοῖς 
παρʼ αὐτοῦ μετεπιγραφὴν ποιήσασθαι εἰς ἑαυτὸν τῶν προκειμένων ἀρουρῶν ἓξ διὰ τῶν
                              τοῦ Ἑρμοπολίτου καταλοχισμῶν καὶ κτᾶσθαι κυρίως καὶ χρᾶσθαι καὶ οἰκονομεῖν περὶ αὐτῶν,
                              ὧι τρόπωι ἐὰν  
αἱρῆται, μηδενὸς λόγου ἐξ ὑστέρου καταλειπομένου τῆι ὑποχρέωι Δημητρίᾳ μηδὲ τοῖς
                              παρʼ αὐτῆς περὶ μηδενὸς ἀνήκοντος τῆι ὑποθήκηι τρόπωι μηδενὶ ἢ παρευρεσει μηδεμια, ἀλλὰ καὶ τῆς βεβαιώ-
10σεως τῆς ὑποθήκης οὔσης αὐτῆι διὰ παντὸς πρὸς πᾶσαν βεβαίωσιν. ἡ συνγραφὴ τοῦ
                              δανείου κυρία. hand 2 Δημητρία Ἐπιμάχου τετάνισμε παρὰ τοῦ Ἡρακλήου πρεσβυτέρω Ἀπολλωνίου τὰς τοῦ ἀργυρίου 
κεφαλαίου δραχμὰς χιλίας τριακοσίας διὰ τῆς Ἑρμέου ἐν Θαλλοῦ ἰδιωτικῆς δραπέσης τώκου δραχμεου ἑκάστης μνᾶς κατὰ μῆνα ἕκαστων ἐπὶ μῆνας εἴκοσι τέσσαρας ἓ συνακομενε  
τόκου δραχμῶν τριακοσίων δέκα δύο γείνονται τώκου καὶ καιφαλαίου δραχμὲ χιλίε ἑξακόσιαι δέκα δύο , ἐφʼ ὑποθήκῃ τε͂ς ὑπαρχούσες μοι περὶ Θαλλοῦ ἐκ τοῦ Γλαυκίου κλήρου κατυκεικε͂ς ἀρούρες  
ἓξ πλήρεσι σπορίμες καθαραῖς ἀπὸ βασιλικῆς καὶ ἄλλων ἰδῶν καὶ ἀποδώσω ἕος Ἁθὺρ τριακάδος τοῦ πέμπτου ἔτους Αὐτοκράτωρος Καίσαρος Νέρουα Τραϊανοῦ Σεβαστοῦ Γερμανικοῦ καὶ βεβεώσω τὴν ὑποθή-
κην διὰ παντὸς ὡς πρώκιται. ⁦ -ca.?- ⁩  ̣⁦ -ca.?- ⁩   ̣⁦ -ca.?- ⁩εκα⁦ -ca.?- ⁩  ̣  ̣  ̣α  ̣ ⁦ -ca.?- ⁩  hand 3 ⁦ -ca.?- ⁩απ -20-25-  εὐδ̣ο̣κ̣ῶ. 
15⁦ vac. ? ⁩  
15hand 4 κεχρημάτισται διὰ Ἡφαιστίωνος Διονυσίου γραμματέως δίφρου Θαλλοῦ. ","31.037798,31.379406",31.037798,31.379406,32.27593668,13.893473285714286,3
29,,,© Heidelberger Gesamtverzeichnis der griechischen Papyrusurkunden Ägyptens. This work is licensed under a Creative Commons Attribution 3.0 License.,,,,,Hermopolis,,,,,,,Papyrus,,"P. Brem. 69 (Wilcken, Ulrich; 1936)",Bankurkunde über ein Darlehen der Eudaimonis - [Soëris?],,,,Papyrus,,http://brema.suub.uni-bremen.de/papyri/content/titleinfo/770...,mentioned people,Bank; Darlehen (Geld),,Gehört zum Archiv des Strategen Apollonios.,,,"Bremen, Staatsbibliothek P. 51; . formerly: Bremen, Private collection H. Melchers P. 51",,,,,,"Egypt, U15 - Hermopolis (El-Ashmunein)[found & written]",,,,"AD 98 Jun 29 (Traianus, year 03, Pauni 30)",,,,,,,,,,mentioned places,,Greek,,,,,,,Apollonios strategos,,,,,,29. Juni 98,P.Brem. 69,Bank; Darlehen (Geld),,Hermopolis (?),,,,,,,,,,,© Heidelberger Gesamtverzeichnis der griechischen Papyrusurkunden Ägyptens. This work is licensed under a Creative Commons Attribution 3.0 License.,,,,,,,,Gehört zum Archiv des Strategen Apollonios.,,,Papyrus,,,,,,,,Bankurkunde über ein Darlehen der Eudaimonis - [Soëris?],Papyrus,http://brema.suub.uni-bremen.de/papyri/content/titleinfo/770...,,,,,,,,"  (hand 1) [ἀντίγραφον διαγραφῆς διὰ τῆς Ἑρμαίου τοῦ Ἡφ]αιστίωνος <ἐν Θαλλοῦ> ἰδιωτικῆς
                              τραπέζης. ἔτους πρώτου 
[Αὐτοκράτορος Καίσαρος Νέρουα Τραιανοῦ Σεβαστο]ῦ Γερμανικοῦ Ἐπεὶφ ε Εὐδαιμωνὶς ἡ καὶ 
[Σοῆρις (?)⁦ -ca.?- ⁩ μετὰ κυρίου τοῦ ἑαυτ]ῆς ἀνδρὸς Ἡρακλείου πρεσβυτέρου Ἀπολλωνίου 
[μητρὸς ⁦ -ca.?- ⁩ Ἑρμοπολίτου ἀναγραφομένου] Φρο(υρίου) Ἀπηλ(ιώτου) Ὡρίωνι Ἀσπασίου μητρὸς Ἑλένης <τῶν>
                              ἀπὸ Θαλλοῦ 
5[ἐφʼ ὑποθήκῃ ταῖς ὑπαρχούσαις αὐτῷ περὶ Θαλλοῦ ἐκ τοῦ Ἀπολ]λῶ τοῦ Ἀρέτωνος κλήρου
                              κατοικικᾶς(*) ἀρούρας(*) τρισὶ 
[ἡμίσει τετάρτῳ , ἃς καὶ ἀποδώσει ἕως Παῦνι τριακάδο]ς τοῦ τρίτου ἔτους Αὐτοκράτορος
                              Νέρουα Καίσαρος 
[Τραιανοῦ Σεβαστοῦ Γερμανικοῦ ἀκολούθως τῇ ἀναφερομένῃ] διὰ τ[οῦ ἐν Θαλλοῦ γραφείου
                              συνγραφῇ δανείου ἀργυρίου] 
-- -- -- -- -- -- -- -- -- --  
8(hand 2) [Ὡρίων Ἀσπασίου μητρὸς Ἑλένης τῶν ἀπὸ Θαλλοῦ ἐπηκολούθηκα τῆι προκειμένηι
                              διαγραφ]ῆι καὶ ἀνείρη[μαι] τὰς τοῦ [ἀρ]γυρί[ου] 
[δραχμὰς ⁦ -ca.?- ⁩ τόκου δραχμιαίου] ἑκάστης μνᾶς κα[τὰ μ]ῆνα ἕκαστον, αἳ ἐπὶ τὸ αὐτὸ [τό]κου 
10[καὶ κεφαλαίου   ̣  ̣  ̣, ἐφʼ ὑποθήκῃ ταῖς ὑπαρχούσαις μοι καταοι]κικᾶς(*) ἀρούρας(*) τρεις(*) ἡμίσυ(*) τεταρτον(*) , ἃς ἀποδόσωι(*)  
[ἕως Παῦνι τριακάδος τοῦ τρίτου (ἔτους) Τραιανοῦ Καίσαρος τοῦ κυ]ρίου ἀκολούθως τῆι
                              ἀναφερομένῃ διὰ τοῦ ἐν Θαλλοῦ 
[γραφείου συνγραφῆι δανείου ὡς πρόκειται. (ἔτους) πρώτου Αὐτ]οκράτορος Νέρουα Καίσαρος
                              Τραγιανοῦ(*) Σεβαστοῦ Γερμανικοῦ 
[Ἐπεὶφ. ⁦ -ca.?- ⁩] ","  hand 1 ἀντίγραφον διαγραφῆς διὰ τῆς Ἑρμαίου τοῦ Ἡφαιστίωνος ἐν Θαλλοῦ ἰδιωτικῆς
                              τραπέζης. ἔτους πρώτου 
Αὐτοκράτορος Καίσαρος Νέρουα Τραιανοῦ Σεβαστοῦ Γερμανικοῦ Ἐπεὶφ ε Εὐδαιμωνὶς ἡ καὶ 
Σοῆρις ?⁦ -ca.?- ⁩ μετὰ κυρίου τοῦ ἑαυτῆς ἀνδρὸς Ἡρακλείου πρεσβυτέρου Ἀπολλωνίου 
μητρὸς ⁦ -ca.?- ⁩ Ἑρμοπολίτου ἀναγραφομένου Φρουρίου Ἀπηλιώτου Ὡρίωνι Ἀσπασίου μητρὸς Ἑλένης τῶν
                              ἀπὸ Θαλλοῦ 
5ἐφʼ ὑποθήκῃ ταῖς ὑπαρχούσαις αὐτῷ περὶ Θαλλοῦ ἐκ τοῦ Ἀπολλῶ τοῦ Ἀρέτωνος κλήρου
                              κατοικικᾶς ἀρούρας τρισὶ 
ἡμίσει τετάρτῳ , ἃς καὶ ἀποδώσει ἕως Παῦνι τριακάδος τοῦ τρίτου ἔτους Αὐτοκράτορος
                              Νέρουα Καίσαρος 
Τραιανοῦ Σεβαστοῦ Γερμανικοῦ ἀκολούθως τῇ ἀναφερομένῃ διὰ τοῦ ἐν Θαλλοῦ γραφείου
                              συνγραφῇ δανείου ἀργυρίου 
-- -- -- -- -- -- -- -- -- --  
8hand 2 Ὡρίων Ἀσπασίου μητρὸς Ἑλένης τῶν ἀπὸ Θαλλοῦ ἐπηκολούθηκα τῆι προκειμένηι
                              διαγραφῆι καὶ ἀνείρημαι τὰς τοῦ ἀργυρίου 
δραχμὰς ⁦ -ca.?- ⁩ τόκου δραχμιαίου ἑκάστης μνᾶς κατὰ μῆνα ἕκαστον, αἳ ἐπὶ τὸ αὐτὸ τόκου 
10καὶ κεφαλαίου   ̣  ̣  ̣, ἐφʼ ὑποθήκῃ ταῖς ὑπαρχούσαις μοι καταοικικᾶς ἀρούρας τρεις ἡμίσυ τεταρτον , ἃς ἀποδόσωι  
ἕως Παῦνι τριακάδος τοῦ τρίτου ἔτους Τραιανοῦ Καίσαρος τοῦ κυρίου ἀκολούθως τῆι
                              ἀναφερομένῃ διὰ τοῦ ἐν Θαλλοῦ 
γραφείου συνγραφῆι δανείου ὡς πρόκειται. ἔτους πρώτου Αὐτοκράτορος Νέρουα Καίσαρος
                              Τραγιανοῦ Σεβαστοῦ Γερμανικοῦ 
Ἐπεὶφ. ⁦ -ca.?- ⁩ ","31.037798,31.379406",31.037798,31.379406,32.27593668,13.893473285714286,3
69,,,© Heidelberger Gesamtverzeichnis der griechischen Papyrusurkunden Ägyptens. This work is licensed under a Creative Commons Attribution 3.0 License.,,,,,Hermopolites,,,,,XI 160; XII 145,,Papyrus,,"P. Oxy. 20 2273 (Wegener, E. P.; 1952)",Letter to Theonis,,,,Papyrus,,https://doi.org/10.25446/oxford.21163672...,mentioned people,Brief (privat); N.N. (Tochter ?) an Theonis; Anfertigung und Austausch von Kleidung; Sendung von Lebensmitteln,,Zum Ort vgl. Komm. zu Z. 18.,,,"Oxford, Sackler Library, Papyrology Rooms P. Oxy. 2273",,,,,,"Egypt, U15 - Hermopolites[written]; Egypt, U19 - Oxyrynchos (Bahnasa)[found]",,,,AD 275 - 299,,,,,,,,,,mentioned places,,Greek,,,,,,,,,,,,,spätes III,P.Oxy. 20 2273,Brief (privat); N.N. (Tochter ?) an Theonis; Anfertigung und Austausch von Kleidung; Sendung von Lebensmitteln,,Hermopolites (?),,,,,,,,,,,© Heidelberger Gesamtverzeichnis der griechischen Papyrusurkunden Ägyptens. This work is licensed under a Creative Commons Attribution 3.0 License.,,XI 160; XII 145,,,,,,Zum Ort vgl. Komm. zu Z. 18.,,,Papyrus,,,,,,,,Letter to Theonis,Papyrus,https://doi.org/10.25446/oxford.21163672...,,,,,,,,"  [τῇ κυρίᾳ μου μητρὶ Θεωνίδι καὶ τῷ] κ̣υρίῳ [μου] 
[ἀ]δ̣ελφῷ Ἀσ̣κ̣λ[η - ca.14 - χα]ί̣ρειν. 
πρό γε πάντων̣ [εὔχομαι ὑμᾶς ὑγιαίν]ειν παρὰ τοῖς 
ἐπιξενοῦμαι θ̣[εοῖς - ca.12 -]ηθην τοῦ 
5ἀδελφοῦ Πασ[ίωνος]   ̣[- ca.12 -] διεπεμψά-
μην ὑμεῖν(*) καψάκιον ἐλέ̣ο̣υ̣(*) ἠ̣γ̣ορακὼς δραχμῶν 
ἑξακοσίων ἀκή̣κ̣[οα γ]ὰρ ὁς(*) πολλοῦ ἐ̣σ̣τι̣ν παρʼ ὑμῖν 
τὸ ἔλεον(*) καὶ ταρ̣σίκιον ἔχουσα κἀγὼ(*) εἰσχάδια(*). δώ-
σις(*) δὲ τῷ ἀδελφῷ μου Κορνηλιανῷ ἀπʼ αὐτῶν ρν. 
10καὶ διόνκιον(*) πο̣ρφύρας Βερεν̣ιγ’κησίας, ἵ(*)νʼ οὕτως, 
εἴ σοι δοκεῖ, ποιήσεις(*) τὰ κιτώνια(*) κα̣ὶ̣ δύο μαφόρτια. 
δελματίκιον δὲ τὸ ἐμὸν π[  ̣  ̣  ̣]  ̣  ̣  ̣[  ̣  ̣  ̣]  ̣[  ̣]ο[  ̣  ̣  ̣  ̣]δε 
σοι γενέσθω πεμψε(*) μοι τον(*) μαφόρ[τιό]ν̣ μ̣[ο]υ τὸ κορά-
κινον καὶ τὸ ἀνα̣βολάδιόν μου, καὶ̣ [τ]ὸ̣ [ἄλ]λ̣ο̣ μου ἱμάτι-
15ον ἐκτινάξῃς ἀσφαλῶς μὴ σαπῇ· [π]έ̣[μ]ψ̣ω̣ δὲ σοὶ ἀρ-
γύριον ἐὰν \ἀν/τιπέμψῃς μοι τουποίη[σάς](*) μ̣ο̣ι ὀθονίδια. 
δηλωσε(*) δέ μοι καὶ τὶ ἐκόμισας παρά τε Διοσκορίωνος 
καὶ παρὰ Ἰ(*)σιδώρου̣ καὶ παρὰ Κάστορος \ἤτοι Πολυδεύκ̣ης(*)/ τοῦ ποτε προγ̣ο̣μα-
  ̣ι[ο]υ, ἵ(*)να γνῶ. κομί\σου/(*) πάντα̣ [ὅσα ἐὰν ἀν]απέμπω σοι 
20[  ̣  ̣  ̣  ̣  ̣]ι̣β̣[  ̣  ̣]νο  ̣[  ̣]υν δε  ̣[- ca.15 -]  ̣α̣ ","  τῇ κυρίᾳ μου μητρὶ Θεωνίδι καὶ τῷ κ̣υρίῳ μου 
ἀδ̣ελφῷ Ἀσ̣κ̣λη - ca.14 - χαί̣ρειν. 
πρό γε πάντων̣ εὔχομαι ὑμᾶς ὑγιαίνειν παρὰ τοῖς 
ἐπιξενοῦμαι θ̣εοῖς - ca.12 -ηθην τοῦ 
5ἀδελφοῦ Πασίωνος   ̣- ca.12 - διεπεμψά-
μην ὑμεῖν καψάκιον ἐλέ̣ο̣υ̣ ἠ̣γ̣ορακὼς δραχμῶν 
ἑξακοσίων ἀκή̣κ̣οα γὰρ ὁς πολλοῦ ἐ̣σ̣τι̣ν παρʼ ὑμῖν 
τὸ ἔλεον καὶ ταρ̣σίκιον ἔχουσα κἀγὼ εἰσχάδια. δώ-
σις δὲ τῷ ἀδελφῷ μου Κορνηλιανῷ ἀπʼ αὐτῶν ρν. 
10καὶ διόνκιον πο̣ρφύρας Βερεν̣ιγ’κησίας, ἵνʼ οὕτως, 
εἴ σοι δοκεῖ, ποιήσεις τὰ κιτώνια κα̣ὶ̣ δύο μαφόρτια. 
δελματίκιον δὲ τὸ ἐμὸν π  ̣  ̣  ̣  ̣  ̣  ̣  ̣  ̣  ̣  ̣  ̣ο  ̣  ̣  ̣  ̣δε 
σοι γενέσθω πεμψε μοι τον μαφόρτιόν̣ μ̣ου τὸ κορά-
κινον καὶ τὸ ἀνα̣βολάδιόν μου, καὶ̣ τὸ̣ ἄλλ̣ο̣ μου ἱμάτι-
15ον ἐκτινάξῃς ἀσφαλῶς μὴ σαπῇ· πέ̣μψ̣ω̣ δὲ σοὶ ἀρ-
γύριον ἐὰν \ἀν/τιπέμψῃς μοι τουποίησάς μ̣ο̣ι ὀθονίδια. 
δηλωσε δέ μοι καὶ τὶ ἐκόμισας παρά τε Διοσκορίωνος 
καὶ παρὰ Ἰσιδώρου̣ καὶ παρὰ Κάστορος \ἤτοι Πολυδεύκ̣ης/ τοῦ ποτε προγ̣ο̣μα-
  ̣ιου, ἵνα γνῶ. κομί\σου/ πάντα̣ ὅσα ἐὰν ἀναπέμπω σοι 
20  ̣  ̣  ̣  ̣  ̣ι̣β̣  ̣  ̣νο  ̣  ̣υν δε  ̣- ca.15 -  ̣α̣ ","31.037798,31.379406",31.037798,31.379406,32.27593668,13.893473285714286,3
86,,,© Heidelberger Gesamtverzeichnis der griechischen Papyrusurkunden Ägyptens. This work is licensed under a Creative Commons Attribution 3.0 License.,,,,,Hermopolites,,,,,VIII 294; XII 168,,Papyrus,,"P. Ryl. Gr. 2 164 (Johnson, John de M. / Martin, Victor / Hunt, Arthur S.; 1915)",Sale of Land,,,,Papyrus,,,mentioned people,Verkauf (Land); Vertrag,,"Zu Z. 4 vgl. CPR XXX, S. 134, Z. 66 Anm.",,,"Manchester, John Rylands Library Gr. 164",,,,,,"Egypt, U15 - Hermopolites[found & written]",,,,AD 171 Nov 3,,,,,,,,,,mentioned places,,Greek,,,,,,Z. 13-14:170 - 171,,,,,,,3. Nov. 171,P.Ryl. 2 164,Verkauf (Land); Vertrag,,Hermopolites,,,,,,,,,,,© Heidelberger Gesamtverzeichnis der griechischen Papyrusurkunden Ägyptens. This work is licensed under a Creative Commons Attribution 3.0 License.,,VIII 294; XII 168,,,,,,"Zu Z. 4 vgl. CPR XXX, S. 134, Z. 66 Anm.",,,Papyrus,,,,Z. 13-14:170 - 171,,,,Sale of Land,Papyrus,,,,,,,,,"  [  ̣  ̣  ̣άριον Ἑξακῶντος τοῦ Κο]ρ̣νηλίου Ἑρμοπολῖτις ἀναγραφομένη ἐπὶ Φρο(υρίου) Λιβὸς μητρὸς
                              Ὀλυμπιάδος 
[- ca.12 -] μετὰ κυρίου τοῦ ἐμαυτῆς ἀνδρὸς Μητόκου Ἀχιλλέως Ἑρμαίῳ Διογένους ἀπὸ τῆς αὐτῆς πόλεως 
[χαίρ(ειν). ὁμολογῶ πεπρα]κέναι σοι ἀπὸ τῆς ἐνεσ[τ]ώσης ἡμέρας ἐπὶ τὸν ἅπαντα χρόνον
                              τὰς ὑπαρχούσας μοι ἐν τῷ 
[- ca.9 - περὶ Τερτ]ε̣σμῶνιν ἐκ τοῦ Ἀσκληπιοδώρου κλήρου γῆς κατοικικῆς ἀναιτήτου ἀρούρας ἕνδε-
5[κα   ̣  ̣  ̣  ̣  ̣  ̣  ̣ σὺν τοῖς ἐ]πετείοις αὐτῶν ἐκφορίοις, ἃς καὶ παραδώσω κατʼ ἀ[γρὸν] σπορίμας πλήρεις
                              τῷ τῆς 
[κατοικίας δικαίῳ σχ]οινίῳ καθαρὰς ἀπὸ βασ[ιλ]ικῆς καὶ παντὸς ἁπλῶ[ς ε]ἴδο[υ]ς [ο]ὔσας
                              ἐν κοιναῖς 
[καὶ ἀδιαιρέτοις σφραγ]ῖσι τέσσαρ̣σι ἥμισει τετ[άρ]τῳ ἐν αἷς ὑδρεύματα καὶ κρηπε̣[ὶ]ς(*) ἐξόπτης(*) πλίν-
[θου κοινῶν ὄντων καὶ τ]ῶν ὑδρευμάτων καὶ τῆς κρ[ηπ]εῖδος(*), τιμῆς τῆς πρ[ὸς ἀλλή]λους συμπεφωνημένης 
[δραχμῶν - ca.13 -] ἀφʼ οὗ αὐτ[όθι] ἔσχον πα[ρὰ σο]ῦ διὰ χειρὸς δ[ρα]χ̣(μὰς)(*) τ[ρισχιλί]ας , (γίνονται) ἀργ(υρίου) (δραχμαὶ) Γ, τὰς δὲ λοιπὰς 
10[δραχμὰς - ca.9 - ἀποδ]ώσεις ἕω̣[ς τριακάδος τοῦ ὄ]ν̣τος μηνὸς [Ἁθ]ὺρ [τοῦ ἐνεσ]τῶτος ιβ (ἔτους) Αὐρηλίου 
[Ἀντωνίνου τοῦ κυρίου καὶ] καταγρά[ψω ὁπηνίκα ἐὰ]ν̣ αἱρῇ δημ[οσίῳ χρημα]τισμῷ διὰ
                              τῶν ἐν Ἑρμοῦ 
[πόλει ἀρχείων ἵνα κομί]σῃ τὸ τῶν [ἐγκτήσεων ἐ]πίσταλμα κ̣[αθαρὸν ἀπὸ] πάσης κατοχῆς,
                              τῶν τοῦ 
[κλήρου δημοσίων καὶ ἐπιμε]ρ̣ισμῶν πά[ντων ἀπὸ μὲν τῶ]ν ἔμπροσθεν [χρόνων μέ]χρι τοῦ
                              διεληλυθότος ια (ἔτους) 
[Μάρκου Αὐρηλίου Ἀντ]ωνίνου Καίσαρο[ς τοῦ κυρίου] πρὸς ἐμὲ τ̣ὴ̣ν̣ [πωλοῦσαν, τῶ]ν̣
                              δὲ ἀπὸ τοῦ ἐνεστῶτος ιβ (ἔτους) 
15[πρὸς σὲ καὶ αὐτοῦ τοῦ ἐνεστῶτ]ο̣ς̣ (ἔτους) β̣  ?, καὶ ἐν[τεῦθεν βεβαι]ώ̣σ̣ω τὰς αὐτὰς ἀ[ρούρας πάσῃ βε]βαιώσει, διὰ δὲ τοῦ τῆς καταγραφῆς 
[χρηματισμοῦ ἔσονται αἵ τ]ε γειτνίαι καὶ αἱ̣ [τῆς πράσεως δι(?)]αστολαί. (ἔτους) [ιβ Αὐτοκρά]τορος Καί[σ]αρος Μάρκου Αὐρηλίου 
[Ἀντωνίνου Σεβαστοῦ Ἀρμενι]α̣κοῦ Μηδικοῦ̣ [Παρθικοῦ Μεγίστο]υ Ἁθὺρ ζ. Πλουτ̣[- ca.10 -]  ̣  ̣ Τ̣[ο]ύρβωνος τοῦ καὶ Ἀρητίωνος 
 [⁦ -ca.?- ⁩ ἔγραψα τὸ σῶμα](*)[ καθ]α̣ρ̣ὸ̣ν̣ ἀ̣π̣ὸ̣ [ἀλείφαδος καὶ ἐπιγ]ραφῆς καὶ χαράξ[εως (hand 2)   ̣  ̣  ̣]α̣ρ̣ι̣ο̣ν̣ Ἑξακῶντος πέπρα-
[κα - ca.17 -]  ̣  ̣  ̣  ̣ο̣[  ̣ καὶ βεβαιώσ]ω ὡς πρόκειτ[αι (hand 3) Μήτο]κ̣ο̣ς̣ Ἀχιλλέως ἐπιγέγρα(μμαι) 
20[αὐτῆς κύριος - ca.20 - (hand 4) Σωσικό]σμιος ὁ καὶ Ζή[νειος - ca.9 -]  ̣  ̣ βεβαιώσιν(*) καὶ καταγρά-
[ψειν (?)- ca.36 - ὡς πρόκει]ται. ","    ̣  ̣  ̣άριον Ἑξακῶντος τοῦ Κορ̣νηλίου Ἑρμοπολῖτις ἀναγραφομένη ἐπὶ Φρουρίου Λιβὸς μητρὸς
                              Ὀλυμπιάδος 
- ca.12 - μετὰ κυρίου τοῦ ἐμαυτῆς ἀνδρὸς Μητόκου Ἀχιλλέως Ἑρμαίῳ Διογένους ἀπὸ τῆς αὐτῆς πόλεως 
χαίρειν. ὁμολογῶ πεπρακέναι σοι ἀπὸ τῆς ἐνεστώσης ἡμέρας ἐπὶ τὸν ἅπαντα χρόνον
                              τὰς ὑπαρχούσας μοι ἐν τῷ 
- ca.9 - περὶ Τερτε̣σμῶνιν ἐκ τοῦ Ἀσκληπιοδώρου κλήρου γῆς κατοικικῆς ἀναιτήτου ἀρούρας ἕνδε-
5κα   ̣  ̣  ̣  ̣  ̣  ̣  ̣ σὺν τοῖς ἐπετείοις αὐτῶν ἐκφορίοις, ἃς καὶ παραδώσω κατʼ ἀγρὸν σπορίμας πλήρεις
                              τῷ τῆς 
κατοικίας δικαίῳ σχοινίῳ καθαρὰς ἀπὸ βασιλικῆς καὶ παντὸς ἁπλῶς εἴδους οὔσας
                              ἐν κοιναῖς 
καὶ ἀδιαιρέτοις σφραγῖσι τέσσαρ̣σι ἥμισει τετάρτῳ ἐν αἷς ὑδρεύματα καὶ κρηπε̣ὶς ἐξόπτης πλίν-
θου κοινῶν ὄντων καὶ τῶν ὑδρευμάτων καὶ τῆς κρηπεῖδος, τιμῆς τῆς πρὸς ἀλλήλους συμπεφωνημένης 
δραχμῶν - ca.13 - ἀφʼ οὗ αὐτόθι ἔσχον παρὰ σοῦ διὰ χειρὸς δραχ̣μὰς τρισχιλίας , γίνονται ἀργυρίου δραχμαὶ Γ, τὰς δὲ λοιπὰς 
10δραχμὰς - ca.9 - ἀποδώσεις ἕω̣ς τριακάδος τοῦ ὄν̣τος μηνὸς Ἁθὺρ τοῦ ἐνεστῶτος ιβ ἔτους Αὐρηλίου 
Ἀντωνίνου τοῦ κυρίου καὶ καταγράψω ὁπηνίκα ἐὰν̣ αἱρῇ δημοσίῳ χρηματισμῷ διὰ
                              τῶν ἐν Ἑρμοῦ 
πόλει ἀρχείων ἵνα κομίσῃ τὸ τῶν ἐγκτήσεων ἐπίσταλμα κ̣αθαρὸν ἀπὸ πάσης κατοχῆς,
                              τῶν τοῦ 
κλήρου δημοσίων καὶ ἐπιμερ̣ισμῶν πάντων ἀπὸ μὲν τῶν ἔμπροσθεν χρόνων μέχρι τοῦ
                              διεληλυθότος ια ἔτους 
Μάρκου Αὐρηλίου Ἀντωνίνου Καίσαρος τοῦ κυρίου πρὸς ἐμὲ τ̣ὴ̣ν̣ πωλοῦσαν, τῶν̣
                              δὲ ἀπὸ τοῦ ἐνεστῶτος ιβ ἔτους 
15πρὸς σὲ καὶ αὐτοῦ τοῦ ἐνεστῶτο̣ς̣ ἔτους β̣  ?, καὶ ἐντεῦθεν βεβαιώ̣σ̣ω τὰς αὐτὰς ἀρούρας πάσῃ βεβαιώσει, διὰ δὲ τοῦ τῆς καταγραφῆς 
χρηματισμοῦ ἔσονται αἵ τε γειτνίαι καὶ αἱ̣ τῆς πράσεως δι?αστολαί. ἔτους ιβ Αὐτοκράτορος Καίσαρος Μάρκου Αὐρηλίου 
Ἀντωνίνου Σεβαστοῦ Ἀρμενια̣κοῦ Μηδικοῦ̣ Παρθικοῦ Μεγίστου Ἁθὺρ ζ. Πλουτ̣- ca.10 -  ̣  ̣ Τ̣ούρβωνος τοῦ καὶ Ἀρητίωνος 
 ⁦ -ca.?- ⁩ ἔγραψα τὸ σῶμα καθα̣ρ̣ὸ̣ν̣ ἀ̣π̣ὸ̣ ἀλείφαδος καὶ ἐπιγραφῆς καὶ χαράξεως hand 2   ̣  ̣  ̣α̣ρ̣ι̣ο̣ν̣ Ἑξακῶντος πέπρα-
κα - ca.17 -  ̣  ̣  ̣  ̣ο̣  ̣ καὶ βεβαιώσω ὡς πρόκειται hand 3 Μήτοκ̣ο̣ς̣ Ἀχιλλέως ἐπιγέγραμμαι 
20αὐτῆς κύριος - ca.20 - hand 4 Σωσικόσμιος ὁ καὶ Ζήνειος - ca.9 -  ̣  ̣ βεβαιώσιν καὶ καταγρά-
ψειν ?- ca.36 - ὡς πρόκειται. ","31.037798,31.379406",31.037798,31.379406,32.27593668,13.893473285714286,3
95,,,© Heidelberger Gesamtverzeichnis der griechischen Papyrusurkunden Ägyptens. This work is licensed under a Creative Commons Attribution 3.0 License.,,,,,Hermopolis,,,,,XII 210,,Papyrus,,"SB 14 11711 (Rupprecht, Hans-Albert / Hengstl, Joachim; 1982) = P. L. Bat. 2 8 (Boswinkel, Ernst / ; 1942) = P. L. Bat. 2 9 (Boswinkel, Ernst / ; 1942)",Pachtvertrag über eine Oliven- und drei Dattelpalmen-Plantagen,,,,Papyrus,,http://data.onb.ac.at/rec/RZ00004240...,mentioned people,Vertrag; Pacht; Palmen; Oliven; Datteln,,Gehört zum Dossier der Aurelia Demetria alias Ammonia.,,,"Vienna, Nationalbibliothek G 13148; Vienna, Nationalbibliothek G 13172",,,,,,"Egypt, U15 - Hermopolis (El-Ashmunein)[found & written]",,,,AD 332 Jan 27 - Feb 25,,,,,,,,,,mentioned places,,Greek,P.Vindob.Bosw. III und IV,,,,,,"Aurelius Asklepiades, Adelphios, Aurelia Charite and Demetria alias Ammonia",,,,II,,2. Juli 221,Z. 3 und 11: SB I 5164,Vertrag (Kauf); Sklavin; frühere Eigentümer; Geld; Lieferung,,Koites (Herakleopolites),,,,,,,,,,,© Heidelberger Gesamtverzeichnis der griechischen Papyrusurkunden Ägyptens. This work is licensed under a Creative Commons Attribution 3.0 License.,,VIII 197; X 111; XI 124; XII 113,,,,,,"Zur Datierung vgl. BL VII, S. 94; BL VIII, S. 197; CE 66, 1991, S. 301-302; BL X, S. 111 und BL XI, S. 124.",,,Papyrus,,,,,,,,Verkauf einer Sklavin,Papyrus,http://data.onb.ac.at/rec/RZ00001067...,,,,,,,,"  Αὐρηλίᾳ Δ̣[ημη]τρίᾳ τ̣[ῇ καὶ Ἀμμωνί]ᾳ καὶ ὡς χρηματίζ(ει) ἀπὸ 
Ἑρμοῦ π[όλε]ω̣ς τῆς λα̣[μπροτάτη]ς̣ 
παρὰ Αὐρ̣[ηλίου Σα]ρ̣απίωνος Αρ[  ̣  ̣  ̣]  ̣τίου καταγινομένου 
ἐν κώμ[ῃ Μα]γ̣δ̣ώλων Βουκόλων τοῦ Ἑρμοπολίτου. 
5ὁμολογῶ̣ [ἐξει]λ̣ηφέναι παρὰ σοῦ πρὸς μίσθωσιν ἐπὶ τετρα-
ετῆ χρόνο[ν λογ]ι̣ζόμενον ἀπὸ τοῦ ὄντος μηνὸς Μεχεὶρ 
ε νέας ἰν[δικτί]ω̣νος, καρπῶν τῆς εὐτυχοῦς ἕκτης̣ ν̣έας ἤτοι 
κ ἰνδικτίω̣[νο]ς τὸν ὑπάρχοντά σοι περὶ τὴ̣ν̣ αὐτὴν κώμην 
Μαγδώλων Βουκόλων ἐλαιωνοφοινικοπαράδισον(*) \ἣ̣ν προε̣ῖ̣χον/ ἐπὶ 
10τῷ πρὸς ἀλλήλους συμπεφωνημένῳ φόρῳ τῷ μὲν πρώ-
τῳ ἐνιαυτῷ ἐλαιῶν μελανῶν̣(*) [ἀρ]τάβην μίαν ἥμισυ καὶ 
φοινίκων καρ̣ο̣ι̣ωτῶν(*) καὶ πατη̣[τῶν] κατὰ τὸ ἥμισυ ἀρτάβην 
μίαν καὶ σπυρ[ίδα](*) [ἐννεάπλοκο]ν καὶ ἄλλην πεντάπλοκον, 
ἐπὶ δὲ τὸν ἑξῆ[ς τριετῆ χόνον κατʼ ἔ]τος ἐλαιῶν ἀρτάβας δύο 
15καὶ φοινίκων [ξηρῶν καὶ π]ατητῶν ἀρτάβην μίαν καὶ ἀργυρίου 
Σεβαστῶν ν̣[ομίσματο]ς τάλαντα [ἓ]ξ̣ καὶ τὰ αὐτὰ σπυρίδια(*) δύο , 
ἅπερ προκ̣[είμενα ἀπ]ο̣δώσω ἐν τῷ δέοντι καιρῷ ἕκαστον 
ὡς πρόκειτ̣[αι ἀνυπερθ]έτως καὶ τὴν δέουσαν γεουχικὴν 
ὑ(*)πηρε[σίαν - ca.9 -]ω̣ς ποι[ή]σομαι ἀπὸ τῶν ὄντων ἐκῖσε(*)  
20παντοίων [ἐπὶ δὲ τῷ] τ̣έλει τοῦ χρόνου παραδώσω σοι τὸν αὐτὸν 
παράδισον(*) ἐ̣[ν τῇ κρατί]στῃ ἐπιμελείᾳ καθαρὸν ἀπὸ θροίων(*) καὶ 
δίσης(*) πάση[ς καὶ τὰ φυτ]ὰ̣ εὐθαλοῦντα καὶ τὰ τίχη(*) συνε̣σ̣τῶτα ὡς παρέ-
λαβον καὶ τὸ ἀ̣ρ[γύρι]ον, τῶν δημοσίων τελεσμάτων πάντων ὄν-
των πρὸς σ[ὲ τὴν] γεοῦχον. ἡ μίσθωσις κυρία καὶ ἐπερωτηθ(εὶς) ὡμολόγ(ησα). 
25ὑ(*)πατείας Π̣[απίου Π]ακατιανοῦ τοῦ λαμπροτάτου ἐπάρχου τοῦ 
ἱεροῦ [πραιτωρίου κα]ὶ̣ Μεκιλίου Ἱλαριανοῦ τοῦ λαμπροτάτου 
[Μεχεὶρ   ̣  ̣ Αὐρήλιος Σαρ]απίων ὁ προκείμενος μεμίσθωμαι ὡς πρόκ(ειται). 
(hand 2) [⁦ -ca.?- ⁩ ἔγρ(αψα) ὑ(πὲρ) αὐτοῦ γρ]ά(μματα) μὴ (εἰδότος). ","  Αὐρηλίᾳ Δ̣ημητρίᾳ τ̣ῇ καὶ Ἀμμωνίᾳ καὶ ὡς χρηματίζει ἀπὸ 
Ἑρμοῦ πόλεω̣ς τῆς λα̣μπροτάτης̣ 
παρὰ Αὐρ̣ηλίου Σαρ̣απίωνος Αρ  ̣  ̣  ̣  ̣τίου καταγινομένου 
ἐν κώμῃ Μαγ̣δ̣ώλων Βουκόλων τοῦ Ἑρμοπολίτου. 
5ὁμολογῶ̣ ἐξειλ̣ηφέναι παρὰ σοῦ πρὸς μίσθωσιν ἐπὶ τετρα-
ετῆ χρόνον λογι̣ζόμενον ἀπὸ τοῦ ὄντος μηνὸς Μεχεὶρ 
ε νέας ἰνδικτίω̣νος, καρπῶν τῆς εὐτυχοῦς ἕκτης̣ ν̣έας ἤτοι 
κ ἰνδικτίω̣νος τὸν ὑπάρχοντά σοι περὶ τὴ̣ν̣ αὐτὴν κώμην 
Μαγδώλων Βουκόλων ἐλαιωνοφοινικοπαράδισον \ἣ̣ν προε̣ῖ̣χον/ ἐπὶ 
10τῷ πρὸς ἀλλήλους συμπεφωνημένῳ φόρῳ τῷ μὲν πρώ-
τῳ ἐνιαυτῷ ἐλαιῶν μελανῶν̣ ἀρτάβην μίαν ἥμισυ καὶ 
φοινίκων καρ̣ο̣ι̣ωτῶν καὶ πατη̣τῶν κατὰ τὸ ἥμισυ ἀρτάβην 
μίαν καὶ σπυρίδα ἐννεάπλοκον καὶ ἄλλην πεντάπλοκον, 
ἐπὶ δὲ τὸν ἑξῆς τριετῆ χόνον κατʼ ἔτος ἐλαιῶν ἀρτάβας δύο 
15καὶ φοινίκων ξηρῶν καὶ πατητῶν ἀρτάβην μίαν καὶ ἀργυρίου 
Σεβαστῶν ν̣ομίσματος τάλαντα ἓξ̣ καὶ τὰ αὐτὰ σπυρίδια δύο , 
ἅπερ προκ̣είμενα ἀπο̣δώσω ἐν τῷ δέοντι καιρῷ ἕκαστον 
ὡς πρόκειτ̣αι ἀνυπερθέτως καὶ τὴν δέουσαν γεουχικὴν 
ὑπηρεσίαν - ca.9 -ω̣ς ποιήσομαι ἀπὸ τῶν ὄντων ἐκῖσε  
20παντοίων ἐπὶ δὲ τῷ τ̣έλει τοῦ χρόνου παραδώσω σοι τὸν αὐτὸν 
παράδισον ἐ̣ν τῇ κρατίστῃ ἐπιμελείᾳ καθαρὸν ἀπὸ θροίων καὶ 
δίσης πάσης καὶ τὰ φυτὰ̣ εὐθαλοῦντα καὶ τὰ τίχη συνε̣σ̣τῶτα ὡς παρέ-
λαβον καὶ τὸ ἀ̣ργύριον, τῶν δημοσίων τελεσμάτων πάντων ὄν-
των πρὸς σὲ τὴν γεοῦχον. ἡ μίσθωσις κυρία καὶ ἐπερωτηθεὶς ὡμολόγησα. 
25ὑπατείας Π̣απίου Πακατιανοῦ τοῦ λαμπροτάτου ἐπάρχου τοῦ 
ἱεροῦ πραιτωρίου καὶ̣ Μεκιλίου Ἱλαριανοῦ τοῦ λαμπροτάτου 
Μεχεὶρ   ̣  ̣ Αὐρήλιος Σαραπίων ὁ προκείμενος μεμίσθωμαι ὡς πρόκειται. 
hand 2 ⁦ -ca.?- ⁩ ἔγραψα ὑπὲρ αὐτοῦ γράμματα μὴ εἰδότος. ","31.037798,31.379406",31.037798,31.379406,32.27593668,13.893473285714286,3
112,,,© Heidelberger Gesamtverzeichnis der griechischen Papyrusurkunden Ägyptens. This work is licensed under a Creative Commons Attribution 3.0 License.,,,,,Hermopolis,,,,,XII 210,,Papyrus,,"SB 14 11711 (Rupprecht, Hans-Albert / Hengstl, Joachim; 1982) = P. L. Bat. 2 8 (Boswinkel, Ernst / ; 1942) = P. L. Bat. 2 9 (Boswinkel, Ernst / ; 1942)",Pachtvertrag über eine Oliven- und drei Dattelpalmen-Plantagen,,,,Papyrus,,http://data.onb.ac.at/rec/RZ00004240...,mentioned people,Vertrag; Pacht; Palmen; Oliven; Datteln,,Gehört zum Dossier der Aurelia Demetria alias Ammonia.,,,"Vienna, Nationalbibliothek G 13148; Vienna, Nationalbibliothek G 13172",,,,,,"Egypt, U15 - Hermopolis (El-Ashmunein)[found & written]",,,,AD 332 Jan 27 - Feb 25,,,,,,,,,,mentioned places,,Greek,P.Vindob.Bosw. III und IV,,,,,,"Aurelius Asklepiades, Adelphios, Aurelia Charite and Demetria alias Ammonia",,,,II,,2. Juli 221,Z. 3 und 11: SB I 5164,Vertrag (Kauf); Sklavin; frühere Eigentümer; Geld; Lieferung,,Koites (Herakleopolites),,,,,,,,,,,© Heidelberger Gesamtverzeichnis der griechischen Papyrusurkunden Ägyptens. This work is licensed under a Creative Commons Attribution 3.0 License.,,VIII 197; X 111; XI 124; XII 113,,,,,,"Zur Datierung vgl. BL VII, S. 94; BL VIII, S. 197; CE 66, 1991, S. 301-302; BL X, S. 111 und BL XI, S. 124.",,,Papyrus,,,,,,,,Verkauf einer Sklavin,Papyrus,http://data.onb.ac.at/rec/RZ00001067...,,,,,,,,"  Αὐρηλίᾳ Δ̣[ημη]τρίᾳ τ̣[ῇ καὶ Ἀμμωνί]ᾳ καὶ ὡς χρηματίζ(ει) ἀπὸ 
Ἑρμοῦ π[όλε]ω̣ς τῆς λα̣[μπροτάτη]ς̣ 
παρὰ Αὐρ̣[ηλίου Σα]ρ̣απίωνος Αρ[  ̣  ̣  ̣]  ̣τίου καταγινομένου 
ἐν κώμ[ῃ Μα]γ̣δ̣ώλων Βουκόλων τοῦ Ἑρμοπολίτου. 
5ὁμολογῶ̣ [ἐξει]λ̣ηφέναι παρὰ σοῦ πρὸς μίσθωσιν ἐπὶ τετρα-
ετῆ χρόνο[ν λογ]ι̣ζόμενον ἀπὸ τοῦ ὄντος μηνὸς Μεχεὶρ 
ε νέας ἰν[δικτί]ω̣νος, καρπῶν τῆς εὐτυχοῦς ἕκτης̣ ν̣έας ἤτοι 
κ ἰνδικτίω̣[νο]ς τὸν ὑπάρχοντά σοι περὶ τὴ̣ν̣ αὐτὴν κώμην 
Μαγδώλων Βουκόλων ἐλαιωνοφοινικοπαράδισον(*) \ἣ̣ν προε̣ῖ̣χον/ ἐπὶ 
10τῷ πρὸς ἀλλήλους συμπεφωνημένῳ φόρῳ τῷ μὲν πρώ-
τῳ ἐνιαυτῷ ἐλαιῶν μελανῶν̣(*) [ἀρ]τάβην μίαν ἥμισυ καὶ 
φοινίκων καρ̣ο̣ι̣ωτῶν(*) καὶ πατη̣[τῶν] κατὰ τὸ ἥμισυ ἀρτάβην 
μίαν καὶ σπυρ[ίδα](*) [ἐννεάπλοκο]ν καὶ ἄλλην πεντάπλοκον, 
ἐπὶ δὲ τὸν ἑξῆ[ς τριετῆ χόνον κατʼ ἔ]τος ἐλαιῶν ἀρτάβας δύο 
15καὶ φοινίκων [ξηρῶν καὶ π]ατητῶν ἀρτάβην μίαν καὶ ἀργυρίου 
Σεβαστῶν ν̣[ομίσματο]ς τάλαντα [ἓ]ξ̣ καὶ τὰ αὐτὰ σπυρίδια(*) δύο , 
ἅπερ προκ̣[είμενα ἀπ]ο̣δώσω ἐν τῷ δέοντι καιρῷ ἕκαστον 
ὡς πρόκειτ̣[αι ἀνυπερθ]έτως καὶ τὴν δέουσαν γεουχικὴν 
ὑ(*)πηρε[σίαν - ca.9 -]ω̣ς ποι[ή]σομαι ἀπὸ τῶν ὄντων ἐκῖσε(*)  
20παντοίων [ἐπὶ δὲ τῷ] τ̣έλει τοῦ χρόνου παραδώσω σοι τὸν αὐτὸν 
παράδισον(*) ἐ̣[ν τῇ κρατί]στῃ ἐπιμελείᾳ καθαρὸν ἀπὸ θροίων(*) καὶ 
δίσης(*) πάση[ς καὶ τὰ φυτ]ὰ̣ εὐθαλοῦντα καὶ τὰ τίχη(*) συνε̣σ̣τῶτα ὡς παρέ-
λαβον καὶ τὸ ἀ̣ρ[γύρι]ον, τῶν δημοσίων τελεσμάτων πάντων ὄν-
των πρὸς σ[ὲ τὴν] γεοῦχον. ἡ μίσθωσις κυρία καὶ ἐπερωτηθ(εὶς) ὡμολόγ(ησα). 
25ὑ(*)πατείας Π̣[απίου Π]ακατιανοῦ τοῦ λαμπροτάτου ἐπάρχου τοῦ 
ἱεροῦ [πραιτωρίου κα]ὶ̣ Μεκιλίου Ἱλαριανοῦ τοῦ λαμπροτάτου 
[Μεχεὶρ   ̣  ̣ Αὐρήλιος Σαρ]απίων ὁ προκείμενος μεμίσθωμαι ὡς πρόκ(ειται). 
(hand 2) [⁦ -ca.?- ⁩ ἔγρ(αψα) ὑ(πὲρ) αὐτοῦ γρ]ά(μματα) μὴ (εἰδότος). ","  Αὐρηλίᾳ Δ̣ημητρίᾳ τ̣ῇ καὶ Ἀμμωνίᾳ καὶ ὡς χρηματίζει ἀπὸ 
Ἑρμοῦ πόλεω̣ς τῆς λα̣μπροτάτης̣ 
παρὰ Αὐρ̣ηλίου Σαρ̣απίωνος Αρ  ̣  ̣  ̣  ̣τίου καταγινομένου 
ἐν κώμῃ Μαγ̣δ̣ώλων Βουκόλων τοῦ Ἑρμοπολίτου. 
5ὁμολογῶ̣ ἐξειλ̣ηφέναι παρὰ σοῦ πρὸς μίσθωσιν ἐπὶ τετρα-
ετῆ χρόνον λογι̣ζόμενον ἀπὸ τοῦ ὄντος μηνὸς Μεχεὶρ 
ε νέας ἰνδικτίω̣νος, καρπῶν τῆς εὐτυχοῦς ἕκτης̣ ν̣έας ἤτοι 
κ ἰνδικτίω̣νος τὸν ὑπάρχοντά σοι περὶ τὴ̣ν̣ αὐτὴν κώμην 
Μαγδώλων Βουκόλων ἐλαιωνοφοινικοπαράδισον \ἣ̣ν προε̣ῖ̣χον/ ἐπὶ 
10τῷ πρὸς ἀλλήλους συμπεφωνημένῳ φόρῳ τῷ μὲν πρώ-
τῳ ἐνιαυτῷ ἐλαιῶν μελανῶν̣ ἀρτάβην μίαν ἥμισυ καὶ 
φοινίκων καρ̣ο̣ι̣ωτῶν καὶ πατη̣τῶν κατὰ τὸ ἥμισυ ἀρτάβην 
μίαν καὶ σπυρίδα ἐννεάπλοκον καὶ ἄλλην πεντάπλοκον, 
ἐπὶ δὲ τὸν ἑξῆς τριετῆ χόνον κατʼ ἔτος ἐλαιῶν ἀρτάβας δύο 
15καὶ φοινίκων ξηρῶν καὶ πατητῶν ἀρτάβην μίαν καὶ ἀργυρίου 
Σεβαστῶν ν̣ομίσματος τάλαντα ἓξ̣ καὶ τὰ αὐτὰ σπυρίδια δύο , 
ἅπερ προκ̣είμενα ἀπο̣δώσω ἐν τῷ δέοντι καιρῷ ἕκαστον 
ὡς πρόκειτ̣αι ἀνυπερθέτως καὶ τὴν δέουσαν γεουχικὴν 
ὑπηρεσίαν - ca.9 -ω̣ς ποιήσομαι ἀπὸ τῶν ὄντων ἐκῖσε  
20παντοίων ἐπὶ δὲ τῷ τ̣έλει τοῦ χρόνου παραδώσω σοι τὸν αὐτὸν 
παράδισον ἐ̣ν τῇ κρατίστῃ ἐπιμελείᾳ καθαρὸν ἀπὸ θροίων καὶ 
δίσης πάσης καὶ τὰ φυτὰ̣ εὐθαλοῦντα καὶ τὰ τίχη συνε̣σ̣τῶτα ὡς παρέ-
λαβον καὶ τὸ ἀ̣ργύριον, τῶν δημοσίων τελεσμάτων πάντων ὄν-
των πρὸς σὲ τὴν γεοῦχον. ἡ μίσθωσις κυρία καὶ ἐπερωτηθεὶς ὡμολόγησα. 
25ὑπατείας Π̣απίου Πακατιανοῦ τοῦ λαμπροτάτου ἐπάρχου τοῦ 
ἱεροῦ πραιτωρίου καὶ̣ Μεκιλίου Ἱλαριανοῦ τοῦ λαμπροτάτου 
Μεχεὶρ   ̣  ̣ Αὐρήλιος Σαραπίων ὁ προκείμενος μεμίσθωμαι ὡς πρόκειται. 
hand 2 ⁦ -ca.?- ⁩ ἔγραψα ὑπὲρ αὐτοῦ γράμματα μὴ εἰδότος. ","31.037798,31.379406",31.037798,31.379406,32.27593668,13.893473285714286,3
