Unnamed: 0,Condition (HGV),Author (HGV),License (HGV),Culture (HGV),Script Type (HGV),Previous Edition (HGV),Preservation (HGV),Origin (HGV),Catalog(s) (HGV),Work (HGV),Summary (HGV),Recto/Verso (HGV),Post-Concordance BL Entries (HGV),Genre (HGV),Material (HGV),Support Dimensions (HGV),Publications (HGV),Title (HGV),Translations (HGV),Support Material (HGV),Note (general) (HGV),Support/Dimensions (HGV),Reuse Type (HGV),Images (HGV),People (HGV),Subjects (HGV),Hands (HGV),Commentary (HGV),General Notes (HGV),Place Stored (Ancient) (HGV),Inv. no. (HGV),Principal Edition (HGV),Lines (HGV),Citations (HGV),Availability (HGV),palaeo (HGV),Provenance (HGV),Religion (HGV),catalogue (HGV),Partial Edition (HGV),Date (HGV),translation (HGV),study (HGV),Reference Edition (HGV),Fragments (HGV),reference (HGV),Associated Names (HGV),Works (HGV),Inv. Id (HGV),Form and Layout (HGV),Places (HGV),illustration (HGV),Language (HGV),Print Illustrations (HGV),Note (local/note) (HGV),Note (related) (HGV),Content (HGV),Readings (HGV),Mentioned Dates (HGV),Archive (HGV),Fragments (Tris),General Notes (Tris),Genre (Tris),Print Illustrations (Tris),Reuse Type (Tris),Date (Tris),Publications (Tris),Subjects (Tris),illustration (Tris),Origin (Tris),Translations (Tris),Reference Edition (Tris),Partial Edition (Tris),Support Dimensions (Tris),Provenance (Tris),Availability (Tris),Work (Tris),Content (Tris),Form and Layout (Tris),catalogue (Tris),License (Tris),Previous Edition (Tris),Post-Concordance BL Entries (Tris),Support Material (Tris),Principal Edition (Tris),Citations (Tris),People (Tris),translation (Tris),Commentary (Tris),Inv. Id (Tris),Place Stored (Ancient) (Tris),Support/Dimensions (Tris),Script Type (Tris),Culture (Tris),Catalog(s) (Tris),Mentioned Dates (Tris),study (Tris),palaeo (Tris),Readings (Tris),Title (Tris),Material (Tris),Images (Tris),Religion (Tris),Works (Tris),Language (Tris),Inv. no. (Tris),Places (Tris),Archive (Tris),reference (Tris),text,cleanText,Coordinates,Latitude,Longitude,relLat,relLong,Cluster
23,,,© Heidelberger Gesamtverzeichnis der griechischen Papyrusurkunden Ägyptens. This work is licensed under a Creative Commons Attribution 3.0 License.,,,,,Soknopaiu Nesos,,,,,,,Papyrus,,"P. Aberdeen 57 (Turner, Eric Gardner; 1939)",Application for Sub - lease of Palm and Olive Trees,,,,Papyrus,,,mentioned people,Angebot; Pacht; Palmen; Oliven,,,,,"Aberdeen, King’s College 31 i",,,,,,"Egypt, 00a - Soknopaiou Nesos (Dimeh)[found & written]",,,,AD 100 - 199,,,,,,,,,,mentioned places,,Greek,,,,,,,,,,,,,II,P.Aberd. 57,Angebot; Pacht; Palmen; Oliven,,Soknopaiu Nesos (Arsinoites),,,,,,,,,,,© Heidelberger Gesamtverzeichnis der griechischen Papyrusurkunden Ägyptens. This work is licensed under a Creative Commons Attribution 3.0 License.,,,,,,,,,,,Papyrus,,,,,,,,Application for Sub - lease of Palm and Olive Trees,Papyrus,,,,,,,,,"   [Διοσ]κόρῳ [⁦ -ca.?- ⁩](*)  
π̣αρὰ Ἐσού̣ρ̣[ιος] Π̣ανεμ[ί-]
εος τοῦ Ἀπού̣τ̣εος ἀπὸ Σ̣[ο-]
κ̣νοπαίου Νή̣σου. βούλο̣-
5μαι μισθώσ̣[ασ]θαι παρὰ [σοῦ] 
[το]ὺ̣ς̣(*) ὄντας [σπ]οραδιε̣ις(*)  
φο̣ίνικε[ς](*) κ̣α̣ὶ̣ ἐλάινα φ[υ-]
τ̣ὰ̣   ̣  ̣  ̣(*) ἐ̣ν ᾗ γεωργ̣εῖς̣ 
δημοσίᾳ γῇ ἐν πεδί̣ῳ 
10Μενεφείβης λεγομένῳ̣ 
π̣[ε]ρ̣ὶ̣ Β[ο]ύ̣βαστον ἐφʼ ὃν με-
νεῖ σοι ἡ γεωργεία(*) χρό-
νον ἀπὸ τῶν̣ ἐσομένων̣ 
καρπῶν τοῦ ἐνεστῶτ̣ο̣ς̣ 
15ι (ἔτους) κ̣α̣[ὶ] ἐκπει̣πτόντ[ων](*) ἐξε̣[ι-]
νίαυτα(*) φό̣[ρ]ο̣υ τοῦ παντὸ[ς] 
κατʼ ἔτος ἕκα̣σ̣τον ἀργυρί[ου] 
δραχμῶν ε[ἴ]κοσι καὶ ἐ̣ξ̣α̣[ι-]
ρ̣έ̣των Συρίου φοίνικος μ[α-]
20[τί]ου ἑνὸς ὧν καὶ τὴν [ἀπό-]
[δ]ο̣σ̣ιν ποιήσομαι κα[τʼ ἔ-]
[τ]ο̣ς(*) μηνὶ Ἁθὺρ ἐξεινίαυ-
[τ]α(*) καὶ παραδώσω ἀπ[ὸ] 
[σ]υ̣νκομιδῆς(*). 
25(hand 2) [Δι]ό̣σκορ[ος ⁦ -ca.?- ⁩]νος(*)  
1 line untranscribed 
26-- -- -- -- -- -- -- -- -- --  ","   Διοσκόρῳ ⁦ -ca.?- ⁩  
π̣αρὰ Ἐσού̣ρ̣ιος Π̣ανεμί-
εος τοῦ Ἀπού̣τ̣εος ἀπὸ Σ̣ο-
κ̣νοπαίου Νή̣σου. βούλο̣-
5μαι μισθώσ̣ασθαι παρὰ σοῦ 
τοὺ̣ς̣ ὄντας σποραδιε̣ις  
φο̣ίνικες κ̣α̣ὶ̣ ἐλάινα φυ-
τ̣ὰ̣   ̣  ̣  ̣ ἐ̣ν ᾗ γεωργ̣εῖς̣ 
δημοσίᾳ γῇ ἐν πεδί̣ῳ 
10Μενεφείβης λεγομένῳ̣ 
π̣ερ̣ὶ̣ Βού̣βαστον ἐφʼ ὃν με-
νεῖ σοι ἡ γεωργεία χρό-
νον ἀπὸ τῶν̣ ἐσομένων̣ 
καρπῶν τοῦ ἐνεστῶτ̣ο̣ς̣ 
15ι ἔτους κ̣α̣ὶ ἐκπει̣πτόντων ἐξε̣ι-
νίαυτα φό̣ρο̣υ τοῦ παντὸς 
κατʼ ἔτος ἕκα̣σ̣τον ἀργυρίου 
δραχμῶν εἴκοσι καὶ ἐ̣ξ̣α̣ι-
ρ̣έ̣των Συρίου φοίνικος μα-
20τίου ἑνὸς ὧν καὶ τὴν ἀπό-
δο̣σ̣ιν ποιήσομαι κατʼ ἔ-
το̣ς μηνὶ Ἁθὺρ ἐξεινίαυ-
τα καὶ παραδώσω ἀπὸ 
συ̣νκομιδῆς. 
25hand 2 Διό̣σκορος ⁦ -ca.?- ⁩νος  
1 line untranscribed 
26-- -- -- -- -- -- -- -- -- --  ","29.5334745,30.668916",29.5334745,30.668916,31.721754479999998,15.290345107142857,11
108,,,© Heidelberger Gesamtverzeichnis der griechischen Papyrusurkunden Ägyptens. This work is licensed under a Creative Commons Attribution 3.0 License.,,,,,Soknopaiu Nesos,,,,,,,Papyrus,,"ZPE 165 (2008), p. 157-159 (Capron, Laurent; 2008) = SB 6 9199 (Kiessling, Emil; 1960) = Chronique d‘Égypte (CdE) 15 (1940), p. 135- (Hombert, Marcel; 1940)",Abrechnungsposten des Soknopaios - Tempels,"M. Hombert - C. Préaux, CE 15, 1940, S. 136; Burnet, L'Égypte ancienne (2003), Nr. 95",,,Papyrus,,,,Abrechnung; Weizen; Bedarf (Tempel); Priester; Öl; Wein,,"Neuedition: ZPE 165, 2008, S. 157-159.",,,"Brussels, Musées Royaux E 7535",,,,,,"Egypt, 00a - Soknopaiou Nesos (Dimeh)[found & written]",,,,AD 125 - 175,,,,,,,,,,,,Greek,"ZPE 165, 2008, S. 157",,,,,,,,,,"ZPE 165, 2008, S. 157",,Mitte II,SB 6 9199,Abrechnung; Weizen; Bedarf (Tempel); Priester; Öl; Wein,,Soknopaiu Nesos (Arsinoites),"M. Hombert - C. Préaux, CE 15, 1940, S. 136; Burnet, L'Égypte ancienne (2003), Nr. 95",,,,,,,,,,© Heidelberger Gesamtverzeichnis der griechischen Papyrusurkunden Ägyptens. This work is licensed under a Creative Commons Attribution 3.0 License.,,,,,,,,"Neuedition: ZPE 165, 2008, S. 157-159.",,,Papyrus,,,,,,,,Abrechnungsposten des Soknopaios - Tempels,Papyrus,,,,,,,,,"  -- -- -- -- -- -- -- -- -- --  
1[⁦ -ca.?- ⁩ τιμῆς κύ]φεως Ἁρποχρά[του θεοῦ] 
[- ca.27 -] 
[καὶ εἰς ἔκ]π̣ε̣ψ̣ι̣ν̣ τοῖ̣ς̣ [ἁ]γ̣ν̣[εύο]υ̣[σ]ι ἱ̣ε̣[ρεῦ]σι τ̣[ῆς πεντα]φυλίας [ἑ]κάστης 
[ἡμέρα]ς̣ ἀ̣νὰ π[υρο(ῦ) (ἀρτάβην)] α [  ̣  ̣  ̣  ̣  ̣  ̣  ̣] π̣υ̣ρ̣(οῦ) (ἀρτάβαι) τ̣ξ̣ε καὶ ὁμοίως 
5[  ̣  ̣  ̣  ̣  ̣  ̣  ̣]  ̣  ̣  ̣  ̣[  ̣  ̣  ̣  ̣  ̣]  ̣  ̣  ̣  ̣ [ἱ]ερεῦ̣[σι] Σο̣κ̣[ν]ο̣π̣(αίου) θ̣[εοῦ] με̣γά̣λ(ου) ταῖς κωμασίαις 
[τῶν προκ]ε̣ι̣[μένων θε]ῶν [  ̣  ̣  ̣  ̣  ̣  ̣  ̣  ̣]  ̣  ̣  ̣  ̣  
[Θῶ]θ̣ α ἡμερῶ[ν] ζ ἀ̣[ν]ὰ̣ [π]υρ(οῦ) (ἀρτάβας) δ π̣υ̣ρο̣ῦ̣ (ἀρτάβαι(?)) κ̣η  
[καὶ τῇ ιθ] τ̣οῦ α(ὐτοῦ) μη(νὸς) Ἑ̣[ρ]μα̣ί̣οις [ἡμερῶν ζ] ἀνὰ πυρο(ῦ) (ἀρτάβας) δ πυρ(οῦ) (ἀρτάβαι) κη. 
[Φαῶφι α]ϛ̣ χ[α]ρμο̣σύ[ν]ο̣[ι]ς [ἡμερῶν η] ἀ̣ν̣[ὰ] πυρο(ῦ) (ἀρτάβας) δ πυρο(ῦ) (ἀρτάβαι) λβ  
10[μηνὶ Νέῳ Σε]β̣(αστῷ) ζ γενεσ̣ί̣ο̣ις [Σοκν]οπ(αίου) θε[οῦ μεγά]λ̣(ου) ἡμ̣ε̣(ρῶν) ιθ ἀνὰ πυρο(ῦ) (ἀρτάβας) δ πυρο(ῦ) (ἀρτάβαι) οϛ  ","  -- -- -- -- -- -- -- -- -- --  
1⁦ -ca.?- ⁩ τιμῆς κύφεως Ἁρποχράτου θεοῦ 
- ca.27 - 
καὶ εἰς ἔκπ̣ε̣ψ̣ι̣ν̣ τοῖ̣ς̣ ἁγ̣ν̣εύου̣σι ἱ̣ε̣ρεῦσι τ̣ῆς πενταφυλίας ἑκάστης 
ἡμέρας̣ ἀ̣νὰ πυροῦ ἀρτάβην α   ̣  ̣  ̣  ̣  ̣  ̣  ̣ π̣υ̣ρ̣οῦ ἀρτάβαι τ̣ξ̣ε καὶ ὁμοίως 
5  ̣  ̣  ̣  ̣  ̣  ̣  ̣  ̣  ̣  ̣  ̣  ̣  ̣  ̣  ̣  ̣  ̣  ̣  ̣  ̣ ἱερεῦ̣σι Σο̣κ̣νο̣π̣αίου θ̣εοῦ με̣γά̣λου ταῖς κωμασίαις 
τῶν προκε̣ι̣μένων θεῶν   ̣  ̣  ̣  ̣  ̣  ̣  ̣  ̣  ̣  ̣  ̣  ̣  
Θῶθ̣ α ἡμερῶν ζ ἀ̣νὰ̣ πυροῦ ἀρτάβας δ π̣υ̣ρο̣ῦ̣ ἀρτάβαι? κ̣η  
καὶ τῇ ιθ τ̣οῦ αὐτοῦ μηνὸς Ἑ̣ρμα̣ί̣οις ἡμερῶν ζ ἀνὰ πυροῦ ἀρτάβας δ πυροῦ ἀρτάβαι κη. 
Φαῶφι αϛ̣ χαρμο̣σύνο̣ις ἡμερῶν η ἀ̣ν̣ὰ πυροῦ ἀρτάβας δ πυροῦ ἀρτάβαι λβ  
10μηνὶ Νέῳ Σεβ̣αστῷ ζ γενεσ̣ί̣ο̣ις Σοκνοπαίου θεοῦ μεγάλ̣ου ἡμ̣ε̣ρῶν ιθ ἀνὰ πυροῦ ἀρτάβας δ πυροῦ ἀρτάβαι οϛ  ","29.5334745,30.668916",29.5334745,30.668916,31.721754479999998,15.290345107142857,11
115,,,© Heidelberger Gesamtverzeichnis der griechischen Papyrusurkunden Ägyptens. This work is licensed under a Creative Commons Attribution 3.0 License.,,,,,Soknopaiu Nesos,,,,,IX 284,,Papyrus,,"SB 16 12469 (Rupprecht, Hans-Albert / Hengstl, Joachim; 1985) = Journal of Egyptian Archaeology (JEA) 68 (1982), p. 278- (Rea, John R. R. / ; 1982)",Miete einer Kuh,"J.R. Rea, JEA 68, 1982, S. 279",,,Papyrus,,,mentioned people,Vertrag; Miete; Kuh; Namen; Frist; Zins; Weizen; Sicherheitsklausel; Rückgabe; Erstattung; Gegenwert; Zeugen,,"Zur Datierung vgl. BL IX, S. 284.",,,"London, Egypt Exploration Society without number",,,,,,"Egypt, 00a - Soknopaiou Nesos (Dimeh)[found & written]",,,,BC 26 Dec 28,,,,,,,,,,mentioned places,,Greek,,,,,,,,,,,,,28. Dez. 26 v.Chr.,SB 16 12469,Vertrag; Miete; Kuh; Namen; Frist; Zins; Weizen; Sicherheitsklausel; Rückgabe; Erstattung; Gegenwert; Zeugen,,Soknopaiu Nesos (Arsinoites),"J.R. Rea, JEA 68, 1982, S. 279",,,,,,,,,,© Heidelberger Gesamtverzeichnis der griechischen Papyrusurkunden Ägyptens. This work is licensed under a Creative Commons Attribution 3.0 License.,,IX 284,,,,,,"Zur Datierung vgl. BL IX, S. 284.",,,Papyrus,,,,,,,,Miete einer Kuh,Papyrus,,,,,,,,,"  ϛ  
ἔτους πέμπτου τῆς Καίσαρος κρατήσεως θεοῦ υἱο̣ῦ μηνὸς Δύσ-
τρου νουμηνίᾳ, Τῦβι νουμηνίᾳ, ἐν τῇ Σοκνοπαίου Νήσου τῆς 
Ἡρακλείδου μερίδος. ὁμολογεῖ Πάπος ὃς καὶ Παπάις Μέλα-
5νος τοῦ καὶ Πεκύσιος Πέρσης τῆς ἐπιγονῆς μεμισθῶ̣σ̣-
θαι παρὰ Ἀντερωτα(*) Γναίου Πομπηείου Πώρου βοῦν 
μίαν [π]υρράν, ᾗ ὄνομα Θαῦρις, ἀπὸ Ἁθὺρ τοῦ πέμπτο̣υ̣ 
ἔτους Καίσαρος ἕως Μεσορὴι̣ τ̣ριακάδος, φόρου τοῦ παν-
τὸς πυροῦ ἀρταβῶν δέκα καθεσταμενας(*) εἰς Νίλου 
10πόλιν μέτρῳ δρόμῳ πυρὸν ν[έον] καθαρὸν ἀπὸ πάν-
των καὶ ἄδολον. μετὰ δὲ τὸν χρόνον παραδώ̣σ̣ε̣ι̣ 
Πάπος τὴν βοῦν ὑγίην(*) καὶ ἀσινῆ, ἐὰν δὲ μὴ παραδοι(*), 
ἀποτείσιν(*) πα̣ραχρῆμα ἐκ τοῦ ἰδίου τὴν τῆς βοὸς 
τιμὴν ἀργυρίου ἐπισήμου νομίσματος δραχμὰς 
15ἑκατὸν ὀγδοήκοντα ἑπτά , τῆς πράξεως οὔσης 
τῶι Ἀντέρωτι καὶ τ̣ο̣ῖ̣ς παρʼ αὐ̣τοῦ ἔκ τε αὐτοῦ 
τοῦ μεμισθωμένου καὶ ἐκ τ[ῶ]ν̣ τούτου ὑπαρχόν-
των πάντων, καὶ καθάπερ ἐγ(*) δίκης. ἡ συνγραφηι(*)  
κυρία. μάρτυρες· ⁦ vac. ? ⁩  
—— 
20⁦ vac. ? ⁩  
20ἔτους ε Καίσαρος, Τῦβι α. πέπτω(κεν) εἰς ἀναγρ(αφὴν) δι(ὰ) 
Πτολεμαίου τοῦ πρὸς τῷ γρ(αφείῳ) Σοκνοπαίου Νήσου. 
⁦ vac. ? ⁩  
(hand 2) Πάπος ὣς(*) καὶ Παπάις Μέλανος τοῦ καὶ Π̣ε̣κ̣ύ̣σ̣ι̣ος Πέρσης 
τῆς ἐπικωνῆς(*) μεμίσθωμαι παρὰ Ἀντελώτα(*) Γναίου Πομ-
πηείου Πόλου(*) βοῦν μίαν πυράν(*), ᾗ ὄνομα Ταῦλις(*) ἀπὸ Ἁθὺρ 
25τοῦ πέμτου(*) ἔτους Καίσαλος(*) ὥς(*) Μεσορὴι̣ δριαγάτος(*) τοῦ 
αὐτοῦ πέμτου(*) ἔτο[υς], φ[ό]ρ̣[ου το]ῦ̣ π̣[α]ν̣τ̣ὸ̣ς̣ [μέ]τ̣ρ̣ῳ δρόμῳ 
ἀρταβῶν δέκα καθεσταμενας(*) [εἰς Νίλου] π̣ό̣λιν. μετὰ 
τὲ(*) τὸν χρόνον παρατώσω(*) τὴν βοῦ[ν ὑγίη]ν̣(*) καὶ ἀσινῆ, 
ἐὰ̣ν τὲ(*) μὴ πα[ραδ]ω̣σῶ(*) ἐκτίσω(*) ἐ[κ τοῦ ἰ]δ̣ί̣ου ἀργυρίου 
30δρ̣α̣χ̣μ̣ὰ̣ς̣ ἑ̣[κατὸν ὀγ]δ̣ο̣ήκωντα(*) ἑπτ̣ὰ̣ κ̣[αὶ] τ̣ὰ ἄλλα {ι̣} ποιήσω 
κ̣α̣θ̣ό̣τ̣ι̣ π̣[ρο]γέγραπτ̣α̣ι̣. ","  ϛ  
ἔτους πέμπτου τῆς Καίσαρος κρατήσεως θεοῦ υἱο̣ῦ μηνὸς Δύσ-
τρου νουμηνίᾳ, Τῦβι νουμηνίᾳ, ἐν τῇ Σοκνοπαίου Νήσου τῆς 
Ἡρακλείδου μερίδος. ὁμολογεῖ Πάπος ὃς καὶ Παπάις Μέλα-
5νος τοῦ καὶ Πεκύσιος Πέρσης τῆς ἐπιγονῆς μεμισθῶ̣σ̣-
θαι παρὰ Ἀντερωτα Γναίου Πομπηείου Πώρου βοῦν 
μίαν πυρράν, ᾗ ὄνομα Θαῦρις, ἀπὸ Ἁθὺρ τοῦ πέμπτο̣υ̣ 
ἔτους Καίσαρος ἕως Μεσορὴι̣ τ̣ριακάδος, φόρου τοῦ παν-
τὸς πυροῦ ἀρταβῶν δέκα καθεσταμενας εἰς Νίλου 
10πόλιν μέτρῳ δρόμῳ πυρὸν νέον καθαρὸν ἀπὸ πάν-
των καὶ ἄδολον. μετὰ δὲ τὸν χρόνον παραδώ̣σ̣ε̣ι̣ 
Πάπος τὴν βοῦν ὑγίην καὶ ἀσινῆ, ἐὰν δὲ μὴ παραδοι, 
ἀποτείσιν πα̣ραχρῆμα ἐκ τοῦ ἰδίου τὴν τῆς βοὸς 
τιμὴν ἀργυρίου ἐπισήμου νομίσματος δραχμὰς 
15ἑκατὸν ὀγδοήκοντα ἑπτά , τῆς πράξεως οὔσης 
τῶι Ἀντέρωτι καὶ τ̣ο̣ῖ̣ς παρʼ αὐ̣τοῦ ἔκ τε αὐτοῦ 
τοῦ μεμισθωμένου καὶ ἐκ τῶν̣ τούτου ὑπαρχόν-
των πάντων, καὶ καθάπερ ἐγ δίκης. ἡ συνγραφηι  
κυρία. μάρτυρες· ⁦ vac. ? ⁩  
—— 
20⁦ vac. ? ⁩  
20ἔτους ε Καίσαρος, Τῦβι α. πέπτωκεν εἰς ἀναγραφὴν διὰ 
Πτολεμαίου τοῦ πρὸς τῷ γραφείῳ Σοκνοπαίου Νήσου. 
⁦ vac. ? ⁩  
hand 2 Πάπος ὣς καὶ Παπάις Μέλανος τοῦ καὶ Π̣ε̣κ̣ύ̣σ̣ι̣ος Πέρσης 
τῆς ἐπικωνῆς μεμίσθωμαι παρὰ Ἀντελώτα Γναίου Πομ-
πηείου Πόλου βοῦν μίαν πυράν, ᾗ ὄνομα Ταῦλις ἀπὸ Ἁθὺρ 
25τοῦ πέμτου ἔτους Καίσαλος ὥς Μεσορὴι̣ δριαγάτος τοῦ 
αὐτοῦ πέμτου ἔτους, φόρ̣ου τοῦ̣ π̣αν̣τ̣ὸ̣ς̣ μέτ̣ρ̣ῳ δρόμῳ 
ἀρταβῶν δέκα καθεσταμενας εἰς Νίλου π̣ό̣λιν. μετὰ 
τὲ τὸν χρόνον παρατώσω τὴν βοῦν ὑγίην̣ καὶ ἀσινῆ, 
ἐὰ̣ν τὲ μὴ παραδω̣σῶ ἐκτίσω ἐκ τοῦ ἰδ̣ί̣ου ἀργυρίου 
30δρ̣α̣χ̣μ̣ὰ̣ς̣ ἑ̣κατὸν ὀγδ̣ο̣ήκωντα ἑπτ̣ὰ̣ κ̣αὶ τ̣ὰ ἄλλα {ι̣} ποιήσω 
κ̣α̣θ̣ό̣τ̣ι̣ π̣ρογέγραπτ̣α̣ι̣. ","29.5334745,30.668916",29.5334745,30.668916,31.721754479999998,15.290345107142857,11
127,,,© Heidelberger Gesamtverzeichnis der griechischen Papyrusurkunden Ägyptens. This work is licensed under a Creative Commons Attribution 3.0 License.,,,,,Soknopaiu Nesos,,,,,VIII 488,,Papyrus,,"Stud. Pal. 22 177 (Wessely, Carl; 1922)",Locatio conductio fabricae olei,"Johnson, Roman Egypt (1936), S. 367-368, Nr. 209",,,Papyrus,,http://data.onb.ac.at/rec/RZ00008023...,mentioned people,Angebot; Pacht; Ölmühle; Vertrag,,,,,"Vienna, Nationalbibliothek G 79; . formerly: Vienna, Nationalbibliothek SN 132",,,,,,"Egypt, 00a - Soknopaiou Nesos (Dimeh)[found & written]",,,,AD 136 Aug 29 - 137 Jan 25,,,,,,,,,,mentioned places,,Greek,,,,,,,,,,,,,29. Aug. 136 - 25. Jan. 137,SPP 22 177,Angebot; Pacht; Ölmühle; Vertrag,,Soknopaiu Nesos (Arsinoites),"Johnson, Roman Egypt (1936), S. 367-368, Nr. 209",,,,,,,,,,© Heidelberger Gesamtverzeichnis der griechischen Papyrusurkunden Ägyptens. This work is licensed under a Creative Commons Attribution 3.0 License.,,VIII 488,,,,,,,,,Papyrus,,,,,,,,Locatio conductio fabricae olei,Papyrus,http://data.onb.ac.at/rec/RZ00008023...,,,,,,,,"  Διαδουμέν[ωι] οἰ[κο]νόμ[ῳ] Δομιτίου κατόχο(υ) 
παρὰ Ὥρου το[ῦ] Πανε[φ]ρέ[μμεως τοῦ] Ἀπύγ-
χεως τῶν ἀ[πὸ] κώ[μης] Σοκ[νο]πα[ίου] Νήσου 
Πέρσου τῆς ἐπιγ[ο]ν̣ῆς. βούλομαι μισθώσασθαι 
5εἰς ἔτη δύο καὶ μῆνας ἑπτὰ ἀπὸ τοῦ [Μ]ε[χ]ε[ὶρ] 
μηνὸς τοῦ ἐν[εστ]ῶ[το]ς πρώτου καὶ [εἰκ]οστ[οῦ] 
ἔτ[ους] Ἁδριανοῦ Καίσαρος τοῦ κυρίου [ἐ]ν [ἐποι]κ[ίωι] 
Λευκοπύργου [λε]γομενου(*) περὶ κώμην [Σοκνο]π(αίου) 
Νῆσον ἐλαιουρ[γ]ῖον(*) ἓ̣ν̣ σ̣ὺ̣[ν] π̣άσῃ [ἐπ]ισ[κευῇ] κ̣[αὶ] 
10μηχάναις καὶ ὀργάνωι καὶ ἄξο̣σι καὶ τρ̣ι̣[βεῦσι] καὶ(*)  
τοῖς τούτου χρηστηρίοις πᾶσ[ι] φόρου τοῦ παν-
τὸς τῆς μὲν το[ῦ ἐ]νεστῶτος ἔτους ἑπταμή-
νου ἀργυρίου [δρ]αχμῶ̣ν̣ ἑ[κατόν ,] τῶν δὲ 
ἑξῆς ἐτῶν δύο κατʼ ἔτος [ἀργυρ]ίου δρα-
15χμῶν διακ[ο]σίων [τῆς πρ]οσδεηθείσης 
ἐπισκευῆς τῶν μηχαν[ῶν] καὶ τοῦ ὀργάνου 
ἀντὶ τῶν ἀποτριβησομένων ἢ καταχθησο-
μένων <τριβέων>(*) ἢ καὶ ἀξόνων [ο]ὔσης π[ρ]ὸς τὸν κυρι[ακὸν] 
λόγον τῆς τῶν ξύλων χορ[ηγ]ήσεως τῶν δε(*)  
20τεκτον[ι]κῶν μισθῶν ὄντων πρ[ὸ]ς ἐμὲ 
τὸν Ὧρον τοῦ καλουμένου τελέσματος 
[δ]ιπλώματος ὄ̣νων(?)(*) ὄ[ντος] πρὸς ἐμὲ τὸν 
[Ὧ]ρον ἐφʼ ὧι οὐχ ἕξωι(*) πρὸς τὸ(*) τοῦ κοτυλισ-
[μο]ῦ τέλεσμα(*). οὐκ ἐξέσται δὲ οὐδενὶ ἄλλωι 
25κοτυλίζειν ἐν τῶι ἐποικίωι εἰ μὴ ἐμοὶ καὶ τοῖς 
σὺν μου(*) [μόν]ωι καὶ τὸν φόρον ἀποδώσω εἰς 
[μὲν τοὺς συ]νεχε̣ῖ[ς μῆνα]ς μηνὶ Θὼθ, 
[τῆς] δὲ λοιπῆς [δ]ιετίας κατ Traces ἕκαστον(?)(*)  
τὸ αἱροῦν(*) ἐξ ἴσ[ου] καὶ μ[ετὰ τὸν] χρ[όνο]ν παρα-
30δ̣ώσω̣ τ̣ὸ̣ μὲ̣[ν ἐλ]αιουργ̣ῖ̣[ον σὺν ταῖς θυ]ρ̣α̣ῖς καὶ κλεισί(*), τὰς δὲ 
μηχανὰς καὶ [ὄρ]γανον οἷα ἐὰν̣ ἐ̣γ̣βῇ ἐκ̣ τ̣ῆ̣ς τρει-
ψεως(*) ἐὰν φαίνηται μ̣ε̣τ̣α̣χωρῆσαι 
κα[⁦ -ca.?- ⁩ \ῥαφανίνο(υ)/ ⁦ -ca.?- ⁩]χο(  ) κικι  ̣  ̣ καὶ τοῦ κοτυλ(ισμοῦ) ὄντος 
πρὸ[ς το]ὺς μ[ι]σθωτ[ὰς] επ[  ̣  ̣  ̣]αλλο(  ) τῷ νομάρχ(ῃ) 
-- -- -- -- -- -- -- -- -- --  ","  Διαδουμένωι οἰκονόμῳ Δομιτίου κατόχου 
παρὰ Ὥρου τοῦ Πανεφρέμμεως τοῦ Ἀπύγ-
χεως τῶν ἀπὸ κώμης Σοκνοπαίου Νήσου 
Πέρσου τῆς ἐπιγον̣ῆς. βούλομαι μισθώσασθαι 
5εἰς ἔτη δύο καὶ μῆνας ἑπτὰ ἀπὸ τοῦ Μεχεὶρ 
μηνὸς τοῦ ἐνεστῶτος πρώτου καὶ εἰκοστοῦ 
ἔτους Ἁδριανοῦ Καίσαρος τοῦ κυρίου ἐν ἐποικίωι 
Λευκοπύργου λεγομενου περὶ κώμην Σοκνοπαίου 
Νῆσον ἐλαιουργῖον ἓ̣ν̣ σ̣ὺ̣ν π̣άσῃ ἐπισκευῇ κ̣αὶ 
10μηχάναις καὶ ὀργάνωι καὶ ἄξο̣σι καὶ τρ̣ι̣βεῦσι καὶ  
τοῖς τούτου χρηστηρίοις πᾶσι φόρου τοῦ παν-
τὸς τῆς μὲν τοῦ ἐνεστῶτος ἔτους ἑπταμή-
νου ἀργυρίου δραχμῶ̣ν̣ ἑκατόν , τῶν δὲ 
ἑξῆς ἐτῶν δύο κατʼ ἔτος ἀργυρίου δρα-
15χμῶν διακοσίων τῆς προσδεηθείσης 
ἐπισκευῆς τῶν μηχανῶν καὶ τοῦ ὀργάνου 
ἀντὶ τῶν ἀποτριβησομένων ἢ καταχθησο-
μένων τριβέων ἢ καὶ ἀξόνων οὔσης πρὸς τὸν κυριακὸν 
λόγον τῆς τῶν ξύλων χορηγήσεως τῶν δε  
20τεκτονικῶν μισθῶν ὄντων πρὸς ἐμὲ 
τὸν Ὧρον τοῦ καλουμένου τελέσματος 
διπλώματος ὄ̣νων? ὄντος πρὸς ἐμὲ τὸν 
Ὧρον ἐφʼ ὧι οὐχ ἕξωι πρὸς τὸ τοῦ κοτυλισ-
μοῦ τέλεσμα. οὐκ ἐξέσται δὲ οὐδενὶ ἄλλωι 
25κοτυλίζειν ἐν τῶι ἐποικίωι εἰ μὴ ἐμοὶ καὶ τοῖς 
σὺν μου μόνωι καὶ τὸν φόρον ἀποδώσω εἰς 
μὲν τοὺς συνεχε̣ῖς μῆνας μηνὶ Θὼθ, 
τῆς δὲ λοιπῆς διετίας κατ Traces ἕκαστον?  
τὸ αἱροῦν ἐξ ἴσου καὶ μετὰ τὸν χρόνον παρα-
30δ̣ώσω̣ τ̣ὸ̣ μὲ̣ν ἐλαιουργ̣ῖ̣ον σὺν ταῖς θυρ̣α̣ῖς καὶ κλεισί, τὰς δὲ 
μηχανὰς καὶ ὄργανον οἷα ἐὰν̣ ἐ̣γ̣βῇ ἐκ̣ τ̣ῆ̣ς τρει-
ψεως ἐὰν φαίνηται μ̣ε̣τ̣α̣χωρῆσαι 
κα⁦ -ca.?- ⁩ \ῥαφανίνου/ ⁦ -ca.?- ⁩χο   κικι  ̣  ̣ καὶ τοῦ κοτυλισμοῦ ὄντος 
πρὸς τοὺς μισθωτὰς επ  ̣  ̣  ̣αλλο   τῷ νομάρχῃ 
-- -- -- -- -- -- -- -- -- --  ","29.5334745,30.668916",29.5334745,30.668916,31.721754479999998,15.290345107142857,11
