Unnamed: 0,Condition (HGV),Author (HGV),License (HGV),Culture (HGV),Script Type (HGV),Previous Edition (HGV),Preservation (HGV),Origin (HGV),Catalog(s) (HGV),Work (HGV),Summary (HGV),Recto/Verso (HGV),Post-Concordance BL Entries (HGV),Genre (HGV),Material (HGV),Support Dimensions (HGV),Publications (HGV),Title (HGV),Translations (HGV),Support Material (HGV),Note (general) (HGV),Support/Dimensions (HGV),Reuse Type (HGV),Images (HGV),People (HGV),Subjects (HGV),Hands (HGV),Commentary (HGV),General Notes (HGV),Place Stored (Ancient) (HGV),Inv. no. (HGV),Principal Edition (HGV),Lines (HGV),Citations (HGV),Availability (HGV),palaeo (HGV),Provenance (HGV),Religion (HGV),catalogue (HGV),Partial Edition (HGV),Date (HGV),translation (HGV),study (HGV),Reference Edition (HGV),Fragments (HGV),reference (HGV),Associated Names (HGV),Works (HGV),Inv. Id (HGV),Form and Layout (HGV),Places (HGV),illustration (HGV),Language (HGV),Print Illustrations (HGV),Note (local/note) (HGV),Note (related) (HGV),Content (HGV),Readings (HGV),Mentioned Dates (HGV),Archive (HGV),Fragments (Tris),General Notes (Tris),Genre (Tris),Print Illustrations (Tris),Reuse Type (Tris),Date (Tris),Publications (Tris),Subjects (Tris),illustration (Tris),Origin (Tris),Translations (Tris),Reference Edition (Tris),Partial Edition (Tris),Support Dimensions (Tris),Provenance (Tris),Availability (Tris),Work (Tris),Content (Tris),Form and Layout (Tris),catalogue (Tris),License (Tris),Previous Edition (Tris),Post-Concordance BL Entries (Tris),Support Material (Tris),Principal Edition (Tris),Citations (Tris),People (Tris),translation (Tris),Commentary (Tris),Inv. Id (Tris),Place Stored (Ancient) (Tris),Support/Dimensions (Tris),Script Type (Tris),Culture (Tris),Catalog(s) (Tris),Mentioned Dates (Tris),study (Tris),palaeo (Tris),Readings (Tris),Title (Tris),Material (Tris),Images (Tris),Religion (Tris),Works (Tris),Language (Tris),Inv. no. (Tris),Places (Tris),Archive (Tris),reference (Tris),text,cleanText,Coordinates,Latitude,Longitude,relLat,relLong,Cluster
35,,,© Heidelberger Gesamtverzeichnis der griechischen Papyrusurkunden Ägyptens. This work is licensed under a Creative Commons Attribution 3.0 License.,,,,,Tebtynis,,,,,,,Papyrus,,P. Eirene 4 21 (2016),Contratto di prestito di denaro,,,,Papyrus,,http://www.psi-online.it/documents/peirene;;21...,,Vertrag; Darlehen; Geld,,,,,"Florence, Istituto Papirologico ’G. Vitelli’ PSI inv. 4187",,,,,,"Egypt, 00c - Tebtynis (Umm el-Baragat)[found & written]",,,,"BC 17 - 16 (Augustus, year 14)",,,,,,,,PSI inv. 4187,,,,Greek,S. 105,,,,,,,,,,S. 105,,17 - 16 v.Chr.,P.Eirene 4 21,Vertrag; Darlehen; Geld,,Tebtynis (Arsinoites),,,,,,,,,,,© Heidelberger Gesamtverzeichnis der griechischen Papyrusurkunden Ägyptens. This work is licensed under a Creative Commons Attribution 3.0 License.,,,,,,,,,PSI inv. 4187,,Papyrus,,,,,,,,Contratto di prestito di denaro,Papyrus,http://www.psi-online.it/documents/peirene;;21...,,,,,,,,"  -- -- -- -- -- -- -- -- -- --  
1[⁦ -ca.?- ⁩]  ̣  ̣[⁦ -ca.?- ⁩] 
[π]τ̣ολεμαικοῦ νομίσματος 
[δ]ρ̣αχμὰς ἑβδομήκοντα 
[δ]ύ̣ο ἃς καὶ ἀποδώσω ἐν 
5μ̣ηνὶ Μεσορὴι τοῦ ἐνεσ-
τ̣ῶτος τεσσαρεσκαιδεκάτου  
[ἔ]τ̣ο̣υ̣ς̣ Κ̣[αί]σαρος ἕως τρια-
κάδος ἄ̣ν̣ε̣υ̣ [πάσ]η̣[ς] ε̣ὑ̣ρ̣η̣-
σιλογίας̣ [καὶ ὑπερθέσεως] 
10ἡ̣ δὲ χεὶ̣[ρ ἥδε κυρία ἔστω] 
-- -- -- -- -- -- -- -- -- --  ","  -- -- -- -- -- -- -- -- -- --  
1⁦ -ca.?- ⁩  ̣  ̣⁦ -ca.?- ⁩ 
πτ̣ολεμαικοῦ νομίσματος 
δρ̣αχμὰς ἑβδομήκοντα 
δύ̣ο ἃς καὶ ἀποδώσω ἐν 
5μ̣ηνὶ Μεσορὴι τοῦ ἐνεσ-
τ̣ῶτος τεσσαρεσκαιδεκάτου  
ἔτ̣ο̣υ̣ς̣ Κ̣αίσαρος ἕως τρια-
κάδος ἄ̣ν̣ε̣υ̣ πάση̣ς ε̣ὑ̣ρ̣η̣-
σιλογίας̣ καὶ ὑπερθέσεως 
10ἡ̣ δὲ χεὶ̣ρ ἥδε κυρία ἔστω 
-- -- -- -- -- -- -- -- -- --  ","29.107063,30.762808",29.107063,30.762808,31.79499024,15.686298642857142,12
94,,,This work is licensed under a Creative Commons Attribution-NonCommercial 3.0 License.,,,,,Tebtynis,,,Account detailing receipts from the sale of oil and expenditure consisting of sums paid to individuals and household expenses.,"On verso, three short lists of numbers",,,Papyri,,"P. Tebt. 3 887 (Hunt, Arthur S. / Smyly, J. Gilbart / Edgar, Campbell Cowan; 1938)",Account of an oil-merchant,,,"Margins: top, 1 cm.; bottom, 2.5 cm.","5 papyri ; Frag. 1: 15 x 29.2 cm.; Frag. 1a: 10.5 x 13.5 cm.; Frag. 2: 15 x 27 cm.; Frag. 2a: 11.5 x 5.5 cm.; Frag. 2b: 6.5 x 9 cm. Frame (1) contains Frs. 1 and 1a; Frame (2), Frs. 2, 2a and 2b.",,https://dpg.lib.berkeley.edu/webdb/apis/apis2?apisid=137&ite...,mentioned people,"Royal monopolies; Oils and fats; Merchants; Accounts, Ptolemaic period",Small regular cursive,"Zur Datierung vgl. BL VII, S. 273.",,,"Berkeley, Bancroft Library P. Tebt. 887",,8+ cols. (130+ lines) on recto along the fibers.,P.Tebt.:3.2:887,,,"Egypt, 00c - Tebtynis (Umm el-Baragat)[found]; Egypt, 00 - Arsinoites (Fayum)[written]",,,,Between 173 and 130-128 B.C.,,,,,,Marres; Pyrrhos; Tryphon,,P.Tebt.0887,,mentioned places,,Greek,,"Bancroft Library, Univ. of Calif., Berkeley",,,,,Village administration of Oxyryncha,,,,,,173 - 128 v.Chr.,P.Tebt. 3 .2 887,Liste; Abrechnung; Bank; Zahlungen; Namen; Berufe; Öl,,Tebtynis (Arsinoites),,,,,,,,,,,© Heidelberger Gesamtverzeichnis der griechischen Papyrusurkunden Ägyptens. This work is licensed under a Creative Commons Attribution 3.0 License.,,,,,,,,"Zur Datierung vgl. BL VII, S. 273.",,,Papyrus,,,,,,,,Account of an Oil - merchant,Papyrus,https://dpg.lib.berkeley.edu/webdb/apis/apis2?apisid=137&ite...,,,,,,,,"  [⁦ -ca.?- ⁩]  ̣ ἐλ(αίου) κ̣  ̣  ̣  ̣  
[⁦ -ca.?- ⁩]  ̣  ϛ, λάχα(να) ε, ὄξος ιβ, μάχιμος μ̣, 
[⁦ -ca.?- ⁩]β  ̣ [(γίνονται)] ρκη καὶ ἐγ(*) λ̣ό̣(γου) υξβ  (τριώβολον), (γίνονται) φϙ  (τριώβολον). 
[⁦ -ca.?- ⁩ ἐλ(αίου)] Αἰγ(υπτίου) κο(τύλαι) γ  ρπ, ξε(νικοῦ) γ  σμ, (γίνονται) υκ, (γίνονται) Αι, (ὧν(?)) 
5[Πετεσο]ύχωι ἐπὶ τρά(πεζαν) υμ, Ποσειδω(νίωι) π, (γίνονται) φκ, λο(ιπαὶ) υϙ. 
[Πετ]εσοῦχος [ξ]ε(νικοῦ) κο(τύλαι) δ  𐅵 \τξ/, Αἰγ(υπτίου) κο(τύλαι) δ  𐅵, Αἰγ(υπτίου) ἄλλο 𐅵, (γίνονται) ε  τ, 
[(γίνονται)] χξ, (ὧν)   ̣  ̣  ε, ὕδ(ωρ) δ, βα(λανεῖ) β, ὄξος η, λάχα(να) δ, κύ(αμος) δ, (γίνονται) κζ, 
[⁦ -ca.?- ⁩]  ̣  ̣  ̣ς̣ ι, ἰδ(ι ) ἐλ(αίου) κα, (γίνονται) μϛ, (γίνονται) ογ, 
[⁦ -ca.?- ⁩] ἀν(ηλώματος) β, (γίνονται) οε, λ̣ύχ̣ν̣ου ιβ, (γίνονται) πζ. 
10[⁦ -ca.?- ⁩] Πετεσοῦχος τκ, (γίνονται) υζ, λο(ιπαὶ) σνγ. 
[⁦ -ca.?- ⁩] ἔχει ξε(νικοῦ) δ  𐅵  τξ, Πετεσούχωι ξε(νικοῦ) 𐅵̣  δ̣´  ξ, (γίνονται) υ̣[κ,] 
(γίνονται) χογ, (ὧν) ἀν(ηλώματος) ξζ  (τριώβολον), λο(ιπαὶ) χε  (τριώβολον). 
[ι]η  ?, ξε(νικοῦ) δ  𐅵  τξ, (γίνονται) ϡξε  (τριώβολον), (ὧν) β̣α(λανεῖ) η, ἀν(ηλώματος) ι, 
[⁦ -ca.?- ⁩] ὕδ(ωρ) δ, ὄξ(ος) [ι]γ̣, λάχα(να) ϛ, [λ]ογεύματος κ, 
15[⁦ -ca.?- ⁩]  ̣  ̣ ἰ̣δ̣(ι ) ἐλ(αίου) ιϛ´  ε, (γίνονται) τλγ. 
[⁦ -ca.?- ⁩] μζ, (ὧν) 
-- -- -- -- -- -- -- -- -- --  ","  ⁦ -ca.?- ⁩  ̣ ἐλαίου κ̣  ̣  ̣  ̣  
⁦ -ca.?- ⁩  ̣  ϛ, λάχανα ε, ὄξος ιβ, μάχιμος μ̣, 
⁦ -ca.?- ⁩β  ̣ γίνονται ρκη καὶ ἐγ λ̣ό̣γου υξβ  τριώβολον, γίνονται φϙ  τριώβολον. 
⁦ -ca.?- ⁩ ἐλαίου Αἰγυπτίου κοτύλαι γ  ρπ, ξενικοῦ γ  σμ, γίνονται υκ, γίνονται Αι, ὧν? 
5Πετεσούχωι ἐπὶ τράπεζαν υμ, Ποσειδωνίωι π, γίνονται φκ, λοιπαὶ υϙ. 
Πετεσοῦχος ξενικοῦ κοτύλαι δ  𐅵 \τξ/, Αἰγυπτίου κοτύλαι δ  𐅵, Αἰγυπτίου ἄλλο 𐅵, γίνονται ε  τ, 
γίνονται χξ, ὧν   ̣  ̣  ε, ὕδωρ δ, βαλανεῖ β, ὄξος η, λάχανα δ, κύαμος δ, γίνονται κζ, 
⁦ -ca.?- ⁩  ̣  ̣  ̣ς̣ ι, ἰδι  ἐλαίου κα, γίνονται μϛ, γίνονται ογ, 
⁦ -ca.?- ⁩ ἀνηλώματος β, γίνονται οε, λ̣ύχ̣ν̣ου ιβ, γίνονται πζ. 
10⁦ -ca.?- ⁩ Πετεσοῦχος τκ, γίνονται υζ, λοιπαὶ σνγ. 
⁦ -ca.?- ⁩ ἔχει ξενικοῦ δ  𐅵  τξ, Πετεσούχωι ξενικοῦ 𐅵̣  δ̣´  ξ, γίνονται υ̣κ, 
γίνονται χογ, ὧν ἀνηλώματος ξζ  τριώβολον, λοιπαὶ χε  τριώβολον. 
ιη  ?, ξενικοῦ δ  𐅵  τξ, γίνονται ϡξε  τριώβολον, ὧν β̣αλανεῖ η, ἀνηλώματος ι, 
⁦ -ca.?- ⁩ ὕδωρ δ, ὄξος ιγ̣, λάχανα ϛ, λογεύματος κ, 
15⁦ -ca.?- ⁩  ̣  ̣ ἰ̣δ̣ι  ἐλαίου ιϛ´  ε, γίνονται τλγ. 
⁦ -ca.?- ⁩ μζ, ὧν 
-- -- -- -- -- -- -- -- -- --  ","29.107063,30.762808",29.107063,30.762808,31.79499024,15.686298642857142,12
