Unnamed: 0,Condition (HGV),Author (HGV),License (HGV),Culture (HGV),Script Type (HGV),Previous Edition (HGV),Preservation (HGV),Origin (HGV),Catalog(s) (HGV),Work (HGV),Summary (HGV),Recto/Verso (HGV),Post-Concordance BL Entries (HGV),Genre (HGV),Material (HGV),Support Dimensions (HGV),Publications (HGV),Title (HGV),Translations (HGV),Support Material (HGV),Note (general) (HGV),Support/Dimensions (HGV),Reuse Type (HGV),Images (HGV),People (HGV),Subjects (HGV),Hands (HGV),Commentary (HGV),General Notes (HGV),Place Stored (Ancient) (HGV),Inv. no. (HGV),Principal Edition (HGV),Lines (HGV),Citations (HGV),Availability (HGV),palaeo (HGV),Provenance (HGV),Religion (HGV),catalogue (HGV),Partial Edition (HGV),Date (HGV),translation (HGV),study (HGV),Reference Edition (HGV),Fragments (HGV),reference (HGV),Associated Names (HGV),Works (HGV),Inv. Id (HGV),Form and Layout (HGV),Places (HGV),illustration (HGV),Language (HGV),Print Illustrations (HGV),Note (local/note) (HGV),Note (related) (HGV),Content (HGV),Readings (HGV),Mentioned Dates (HGV),Archive (HGV),Fragments (Tris),General Notes (Tris),Genre (Tris),Print Illustrations (Tris),Reuse Type (Tris),Date (Tris),Publications (Tris),Subjects (Tris),illustration (Tris),Origin (Tris),Translations (Tris),Reference Edition (Tris),Partial Edition (Tris),Support Dimensions (Tris),Provenance (Tris),Availability (Tris),Work (Tris),Content (Tris),Form and Layout (Tris),catalogue (Tris),License (Tris),Previous Edition (Tris),Post-Concordance BL Entries (Tris),Support Material (Tris),Principal Edition (Tris),Citations (Tris),People (Tris),translation (Tris),Commentary (Tris),Inv. Id (Tris),Place Stored (Ancient) (Tris),Support/Dimensions (Tris),Script Type (Tris),Culture (Tris),Catalog(s) (Tris),Mentioned Dates (Tris),study (Tris),palaeo (Tris),Readings (Tris),Title (Tris),Material (Tris),Images (Tris),Religion (Tris),Works (Tris),Language (Tris),Inv. no. (Tris),Places (Tris),Archive (Tris),reference (Tris),text,cleanText,Coordinates,Latitude,Longitude,relLat,relLong,Cluster
56,,,© Heidelberger Gesamtverzeichnis der griechischen Papyrusurkunden Ägyptens. This work is licensed under a Creative Commons Attribution 3.0 License.,,,,,Nessana,,,,,VIII 87; X 40; XI 60,,Papyrus,,"P. Ness. 3 64 (Kraemer, Casper J. Jr.; 1958)","Requisition of Wheat and Oil, or Money",,,,Papyrus,,,,Forderung; Auftrag; Abgaben; Weizen; Öl; Geld; Zahlung,,"Zur Datierung vgl. Aegyptus 65, 1985, S. 109. Griechisch - arabisch.",,,"New York, Pierpont Morgan Library H. Dunscombe Colt Collection pap. 64",,,,,,"Israel, Palestina - Nessana (Auja Hafir)[found & written]",,,,"AD 676 Feb 2 - 29 (year 56; Indictio 04, (Feb))",,,,,,,,,,mentioned places,,bilingual: Greek / Arabic,"Crisci, Scrivere greco, Tav. LXVIII",,,,,,Georgios and Sergios,,,,"Crisci, Scrivere greco, Tav. LXVIII",,2. - 29. Febr. 676,P.Nessana 64,Forderung; Auftrag; Abgaben; Weizen; Öl; Geld; Zahlung,,Nessana (Palästina),,,,,,,,,,,© Heidelberger Gesamtverzeichnis der griechischen Papyrusurkunden Ägyptens. This work is licensed under a Creative Commons Attribution 3.0 License.,,VIII 87; X 40; XI 60,,,,,,"Zur Datierung vgl. Aegyptus 65, 1985, S. 109. Griechisch - arabisch.",,,Papyrus,,,,,,,,"Requisition of Wheat and Oil, or Money",Papyrus,,,,,,,,,"  -- -- -- -- -- -- -- -- -- --  
6Arabic 6 lines 
7ἐν ὀνόμ(ατι) τοῦ θεοῦ· Αλααρ(ε)θ β(εν) Αβδ τοῖ(ς) ἀπὸ Α̣τ(  ) Α̣β  ̣[  ̣  ̣] 
κλή(ματος)(*) Συκομάζ(ων) χώρ(ας) Γάζ(ης). π(α)ρ(άσχετε) τ(α)χ(έως) Αβδελλα β(εν) Αλκ̣αμ̣α 
τῶν β(ανι) Σααδ β(εν) Ζηρ (ὑπὲρ) μη(νῶν) β Σααραειν Ραβι (ὑπὲρ) λοι[π(άδων)] 
10ἰνδ(ικτίον)ο(ς) δ σίτ(ου) μ(ο)δ(ίους) διακοσίους ἑβδομήκοντα ἐννέα , 
ἐλαί(ου) (ξέστας) διακοσίους ἑβδομήκοντα ἐννέα , 
(καὶ) (ὑπὲρ) τι(μῆς) σίτ(ου) μ(ο)δ(ίων) διακοσίω[ν] ἑβδομήκοντα ἐνν[έα] , 
ἐλαί(ου) (ξεστῶν) δια̣κ̣ο̣σ̣ίων ἑβδομήκοντα ἐν[νέα] 
νο(μίσματα) δεκαοκτὼ δίμοιρον . ἐγρ(άφη) Φεβρου(αρίῳ) ἰ[νδ(κτί)ο(νος) δ,] 
15κ(α)τʼ Ἄραβα(ς) ἔτους νϛ, χειρὶ Γεωργίου Μαϊουμ̣ί̣τ̣(ου). 
ὅ(λου)· σίτ(ου) μ(ό)δ(ιοι) σοθ, ἐλαίο(υ) (ξέσται) σοθ (καὶ) (ὑπὲρ) τι(μῆς) σί(του) μ(ο)δ(ίων) σοθ ἐλαί(ου) (ξεστῶν) κζ̣[θ] 
νο(μίσματα) ιη  𐅷  
(stamp) 
Arabic 4 lines 
22ὅ(λου)· σίτ(ου) μ(ο)δ(ίων) σοθ, ἐλαίο(υ) (ξέσται) σοθ (καὶ) (ὑπὲρ) τι(μῆς) 
σίτ(ου) μ(ο)δ(ίων) σοθ, ἐλαί(ου) (ξεστῶν) σοθ νο(μίσματα) ιη  𐅷  ","  -- -- -- -- -- -- -- -- -- --  
6Arabic 6 lines 
7ἐν ὀνόματι τοῦ θεοῦ· Αλααρεθ βεν Αβδ τοῖς ἀπὸ Α̣τ   Α̣β  ̣  ̣  ̣ 
κλήματος Συκομάζων χώρας Γάζης. παράσχετε ταχέως Αβδελλα βεν Αλκ̣αμ̣α 
τῶν βανι Σααδ βεν Ζηρ ὑπὲρ μηνῶν β Σααραειν Ραβι ὑπὲρ λοιπάδων 
10ἰνδικτίονος δ σίτου μοδίους διακοσίους ἑβδομήκοντα ἐννέα , 
ἐλαίου ξέστας διακοσίους ἑβδομήκοντα ἐννέα , 
καὶ ὑπὲρ τιμῆς σίτου μοδίων διακοσίων ἑβδομήκοντα ἐννέα , 
ἐλαίου ξεστῶν δια̣κ̣ο̣σ̣ίων ἑβδομήκοντα ἐννέα 
νομίσματα δεκαοκτὼ δίμοιρον . ἐγράφη Φεβρουαρίῳ ἰνδκτίονος δ, 
15κατʼ Ἄραβας ἔτους νϛ, χειρὶ Γεωργίου Μαϊουμ̣ί̣τ̣ου. 
ὅλου· σίτου μόδιοι σοθ, ἐλαίου ξέσται σοθ καὶ ὑπὲρ τιμῆς σίτου μοδίων σοθ ἐλαίου ξεστῶν κζ̣θ 
νομίσματα ιη  𐅷  
stamp 
Arabic 4 lines 
22ὅλου· σίτου μοδίων σοθ, ἐλαίου ξέσται σοθ καὶ ὑπὲρ τιμῆς 
σίτου μοδίων σοθ, ἐλαίου ξεστῶν σοθ νομίσματα ιη  𐅷  ","30.87626,34.427774",30.87626,34.427774,34.65366372,14.043472857142858,6
57,,,© Heidelberger Gesamtverzeichnis der griechischen Papyrusurkunden Ägyptens. This work is licensed under a Creative Commons Attribution 3.0 License.,,,,,Nessana,,,,,VIII 87; X 40,,Papyrus,,"P. Ness. 3 65 (Kraemer, Casper J. Jr.; 1958)","Requisition of Wheat and Oil, or Money",,,,Papyrus,,,,Forderung; Auftrag; Weizen; Öl; Abgaben; Geld; Zahlung,,"Zur Datierung vgl. Aegyptus 65, 1985, S. 109. Griechisch - arabisch.",,,"New York, Pierpont Morgan Library H. Dunscombe Colt Collection pap. 65",,,,,,"Israel, Palestina - Nessana (Auja Hafir)[found & written]",,,,AD 675 Aug 30 - 676 Aug 28,,,,,,,,,,mentioned places,,bilingual: Greek / Arabic,,,,,,,Georgios and Sergios,,,,,,675 - 676,P.Nessana 65,Forderung; Auftrag; Weizen; Öl; Abgaben; Geld; Zahlung,,Nessana (Palästina),,,,,,,,,,,© Heidelberger Gesamtverzeichnis der griechischen Papyrusurkunden Ägyptens. This work is licensed under a Creative Commons Attribution 3.0 License.,,VIII 87; X 40,,,,,,"Zur Datierung vgl. Aegyptus 65, 1985, S. 109. Griechisch - arabisch.",,,Papyrus,,,,,,,,"Requisition of Wheat and Oil, or Money",Papyrus,,,,,,,,,"  -- -- -- -- -- -- -- -- -- --  
1Traces 1 line  
2Arabic 3 lines 
5[ἐν ὀνόμ(ατι) τοῦ θεο]ῦ. Α̣λ[ααρ(ε)θ β(εν)] Α̣βδ [τοῖ(ς) ἀπὸ] 
[Νεστάνων κλίμ(ατος) Ἐλούση(ς) χώρα(ς)] Γ̣ά̣ζ̣η̣ς. 
[π(αράσ)χ(ετε) τ(α)χ(έως) - ca.20 -]   ̣  ̣  ̣  ̣  
[- ca.23 -]  ̣  ̣  ̣  ̣  
[  ̣  ̣  ̣  ̣ (ὑπὲρ(?)) λοιπ(άδων) ἰνδ(ικτίον)ο(ς) δ σίτ(ου) μ(ο)δ(ίους) δ]ι̣α̣κοσίους 
10[πέντε , ἐλαί(ου) (ξέστας) δια]κοσ[ίου]ς π̣έντε (καὶ) (ὑπὲρ) τιμῆ(ς) σί(του) μ(ο)δ(ίων) 
[διακοσίων πέντε ] (καὶ) ἐλ[αίο(υ) (ξεστῶν) διακοσίων πέντ]ε 
[νο(μίσματα) δεκατρεῖς δίμοιρον . ἐγρ(άφη) μ(ηνὶ)   ̣  ̣ ἰ]νδ(ικτίον)ο(ς) δ, κ(α)τʼ Ἄραβα(ς) 
[ἔτους νϛ, χειρὶ - ca.18 -] ἐλ(αί)ου σε  
[(καὶ) (ὑπὲρ) τιμῆ(ς) σίτ(ου) μ(ο)δ(ίων)] σε [ἐλαίο(υ) (ξεστῶν) σε νο(μίσματα) ιγ  𐅷]   ̣ / / / 
15(stamp) 
Arabic 3 lines 
18ὅ(λου)· σί(του) μό(διοι) σε ἐλαί(ου) σε (καὶ) (ὑπὲρ) τιμῆ(ς) σί(του) μο(δίων) σε ἐλαί(ου) σε (καὶ) ν̣ο̣(μίσματα) ιγ  𐅷  ","  -- -- -- -- -- -- -- -- -- --  
1Traces 1 line  
2Arabic 3 lines 
5ἐν ὀνόματι τοῦ θεοῦ. Α̣λααρεθ βεν Α̣βδ τοῖς ἀπὸ 
Νεστάνων κλίματος Ἐλούσης χώρας Γ̣ά̣ζ̣η̣ς. 
παράσχετε ταχέως - ca.20 -   ̣  ̣  ̣  ̣  
- ca.23 -  ̣  ̣  ̣  ̣  
  ̣  ̣  ̣  ̣ ὑπὲρ? λοιπάδων ἰνδικτίονος δ σίτου μοδίους δι̣α̣κοσίους 
10πέντε , ἐλαίου ξέστας διακοσίους π̣έντε καὶ ὑπὲρ τιμῆς σίτου μοδίων 
διακοσίων πέντε  καὶ ἐλαίου ξεστῶν διακοσίων πέντε 
νομίσματα δεκατρεῖς δίμοιρον . ἐγράφη μηνὶ   ̣  ̣ ἰνδικτίονος δ, κατʼ Ἄραβας 
ἔτους νϛ, χειρὶ - ca.18 - ἐλαίου σε  
καὶ ὑπὲρ τιμῆς σίτου μοδίων σε ἐλαίου ξεστῶν σε νομίσματα ιγ  𐅷   ̣ / / / 
15stamp 
Arabic 3 lines 
18ὅλου· σίτου μόδιοι σε ἐλαίου σε καὶ ὑπὲρ τιμῆς σίτου μοδίων σε ἐλαίου σε καὶ ν̣ο̣μίσματα ιγ  𐅷  ","30.87626,34.427774",30.87626,34.427774,34.65366372,14.043472857142858,6
58,,,© Heidelberger Gesamtverzeichnis der griechischen Papyrusurkunden Ägyptens. This work is licensed under a Creative Commons Attribution 3.0 License.,,,,,Nessana,,,,,X 40,,Papyrus,,"P. Ness. 3 69 (Kraemer, Casper J. Jr.; 1958)",Account of Food Tax (rizk),,,,Papyrus,other text(s) on the same object: 21498,,,Abrechnung; Steuern; Weizen; Öl; Geld,,Rückseite: P.Nessana 68.,,,"New York, Pierpont Morgan Library H. Dunscombe Colt Collection pap. 68 Vo",,,,,,"Israel, Palestina - Nessana (Auja Hafir)[found & written]",,,,AD 680 Aug 29 - 681 Aug 28?,,,,,,,,,,,,Greek,,,,,,,,,,,,,680 - 681 (?),P.Nessana 69,Abrechnung; Steuern; Weizen; Öl; Geld,,Nessana (Palästina),,,,,,,,,,,© Heidelberger Gesamtverzeichnis der griechischen Papyrusurkunden Ägyptens. This work is licensed under a Creative Commons Attribution 3.0 License.,,X 40,,,,,,Rückseite: P.Nessana 68.,,,Papyrus,,,,,,,,Account of Food Tax (rizk),Papyrus,,,,,,,,,"  λ(ό)γ̣(ος) ῥο[υ]ζ̣ηκ(*) τῆς ἰνδ(ικτίωνος) θ  
[σί]τ̣(ου) μ̣(ό)δ̣ια υ̣ξ̣β ἐ(λαίου) ξ(έσ)τ(αι) σλα  
(καὶ) τ (ὁμοίως) ρν  
(καὶ) η (ὁμοίως) δ  
5(καὶ) το (ὁμοίως) ρ̣πε  
(καὶ) μ (ὁμοίως) μ ἐ(λαίου) ξ(έσται) μ  
(καὶ) τιμ(ὴ) σίτ(ου) μ(ο)δ(ίων) ρο ἐ(λαίου) ξ(εστῶν) ρο ν̣ο̣(μίσματα) ια  γ´  
σίτ(ου) μ(ό)δ(ια) ξζ (ὁμοίως) ξζ νο(μίσματα) δ  𐅵  
μ(ό)δ(ια) ρκδ (ὁμοίως) ρκδ νο(μίσματα) η  δ´  
10μ(ό)δ(ια) μϛ (ὁμοίως) μϛ νο(μίσματα) γ  ιβ´  
(ὁμοῦ) σίτ(ου) μ(ό)δ(ια) Αρπ ἐ(λαίου) ξ(εσ)τ(ῶν) χι  
(καὶ) τιμ(ὴ) σίτ(ου) μ(ό)δ(ια) υζ ἐ(λαίου) ξ(εσ)τ(ῶν) υζ  
νο(μίσματα) κζ  ϛ´  ","  λόγ̣ος ῥουζ̣ηκ τῆς ἰνδικτίωνος θ  
σίτ̣ου μ̣όδ̣ια υ̣ξ̣β ἐλαίου ξέσται σλα  
καὶ τ ὁμοίως ρν  
καὶ η ὁμοίως δ  
5καὶ το ὁμοίως ρ̣πε  
καὶ μ ὁμοίως μ ἐλαίου ξέσται μ  
καὶ τιμὴ σίτου μοδίων ρο ἐλαίου ξεστῶν ρο ν̣ο̣μίσματα ια  γ´  
σίτου μόδια ξζ ὁμοίως ξζ νομίσματα δ  𐅵  
μόδια ρκδ ὁμοίως ρκδ νομίσματα η  δ´  
10μόδια μϛ ὁμοίως μϛ νομίσματα γ  ιβ´  
ὁμοῦ σίτου μόδια Αρπ ἐλαίου ξεστῶν χι  
καὶ τιμὴ σίτου μόδια υζ ἐλαίου ξεστῶν υζ  
νομίσματα κζ  ϛ´  ","30.87626,34.427774",30.87626,34.427774,34.65366372,14.043472857142858,6
