Unnamed: 0,Condition (HGV),Author (HGV),License (HGV),Culture (HGV),Script Type (HGV),Previous Edition (HGV),Preservation (HGV),Origin (HGV),Catalog(s) (HGV),Work (HGV),Summary (HGV),Recto/Verso (HGV),Post-Concordance BL Entries (HGV),Genre (HGV),Material (HGV),Support Dimensions (HGV),Publications (HGV),Title (HGV),Translations (HGV),Support Material (HGV),Note (general) (HGV),Support/Dimensions (HGV),Reuse Type (HGV),Images (HGV),People (HGV),Subjects (HGV),Hands (HGV),Commentary (HGV),General Notes (HGV),Place Stored (Ancient) (HGV),Inv. no. (HGV),Principal Edition (HGV),Lines (HGV),Citations (HGV),Availability (HGV),palaeo (HGV),Provenance (HGV),Religion (HGV),catalogue (HGV),Partial Edition (HGV),Date (HGV),translation (HGV),study (HGV),Reference Edition (HGV),Fragments (HGV),reference (HGV),Associated Names (HGV),Works (HGV),Inv. Id (HGV),Form and Layout (HGV),Places (HGV),illustration (HGV),Language (HGV),Print Illustrations (HGV),Note (local/note) (HGV),Note (related) (HGV),Content (HGV),Readings (HGV),Mentioned Dates (HGV),Archive (HGV),Fragments (Tris),General Notes (Tris),Genre (Tris),Print Illustrations (Tris),Reuse Type (Tris),Date (Tris),Publications (Tris),Subjects (Tris),illustration (Tris),Origin (Tris),Translations (Tris),Reference Edition (Tris),Partial Edition (Tris),Support Dimensions (Tris),Provenance (Tris),Availability (Tris),Work (Tris),Content (Tris),Form and Layout (Tris),catalogue (Tris),License (Tris),Previous Edition (Tris),Post-Concordance BL Entries (Tris),Support Material (Tris),Principal Edition (Tris),Citations (Tris),People (Tris),translation (Tris),Commentary (Tris),Inv. Id (Tris),Place Stored (Ancient) (Tris),Support/Dimensions (Tris),Script Type (Tris),Culture (Tris),Catalog(s) (Tris),Mentioned Dates (Tris),study (Tris),palaeo (Tris),Readings (Tris),Title (Tris),Material (Tris),Images (Tris),Religion (Tris),Works (Tris),Language (Tris),Inv. no. (Tris),Places (Tris),Archive (Tris),reference (Tris),text,cleanText,Coordinates,Latitude,Longitude,relLat,relLong,Cluster
60,,,© Heidelberger Gesamtverzeichnis der griechischen Papyrusurkunden Ägyptens. This work is licensed under a Creative Commons Attribution 3.0 License.,,,,,Euhemeria,,,,,,,Papyrus,,"P. Oslo 3 136 (Eitrem, Samson / Amundsen, Leiv; 1936)",Application for Division of Profits,,,,Papyrus,,,mentioned people,Baum (Öl); Hain; Werkvertrag; Geld; Vertrag (Pacht); Entwurf,,,,,"Oslo, University Library P. 343",,,,,,"Egypt, 00b - Euhemeria (Qasr el-Banat)[found & written]",,,,AD 141 Aug 29 - 142 Aug 28,,,,,,,,,,mentioned places,,Greek,,,,,,,,,,,,,141 - 142,P.Oslo 3 136,Baum (Öl); Hain; Werkvertrag; Geld; Vertrag (Pacht); Entwurf,,Euhemeria (Arsinoites),,,,,,,,,,,© Heidelberger Gesamtverzeichnis der griechischen Papyrusurkunden Ägyptens. This work is licensed under a Creative Commons Attribution 3.0 License.,,,,,,,,,,,Papyrus,,,,,,,,Application for Division of Profits,Papyrus,,,,,,,,,"  -- -- -- -- -- -- -- -- -- --  
1[- ca.14 -]  ̣[- ca.14 -] 
[  ̣  ̣  ̣  ̣  ̣  ̣]φ̣[  ̣]  ̣[  ̣  ̣  ̣  ̣]  ̣  ̣[- ca.14 -] 
  ̣[  ̣  ̣  ̣  ̣] φύλα[κος(?) γε]ν̣ομέν̣[ου] τ̣ο̣ῦ̣ [περὶ Εὐ-]
ημ̣έ̣ριαν οὐσ[ιακ]οῦ ἐλαι̣ῶ̣ν̣[ος, Ἑ]ρ̣μα-
5έως λεγομ̣[έ]ν̣ου, ὅσων ἐὰ̣[ν] ᾖ ἀρου-
ρῶν, εἰς ἔ[τη] δύο ἀπὸ <τοῦ> ἐνεστ̣ῶ̣τος 
πέμπτου ἔτ[ους] Ἀντωνείνο̣υ̣ 
Καίσαρος τοῦ [κυ]ρίου ἐπὶ τῷ ποῆσ̣α̣ι(*) < > 
τὸν ἐξ ἔθους π̣οτισμὼν(*) καὶ οἰ̣κ̣ο̣-
10δομὰς ῥίθρων(*) καὶ ὑδραγο̣γ̣ῶ̣ν̣(*)  
καὶ τήρησιν βλαστῶν καὶ̣ δ̣ε̣ν̣-
δροκοπίας καὶ τῆς ἐλάς(*) τὴν̣ τ̣ή̣-
ρησιν ἕως Φαῶ̣φι τριακάδος λαμ̣-
βάνο̣ντ(ός) μου ε  ̣  ̣[  ̣]  ̣  ̣  ̣  ̣ψε̣[  ̣  ̣]  ̣  ̣  (?)  
15κατ̣ʼ [ἔ]τ̣ο̣ς ἀργυρίου δ̣ρ̣α̣[χμὰς τεσσα-]
ρ̣ά̣κ̣[ο]ν̣τ̣α ὀ̣κ̣τὼ κ̣α̣[ὶ ἐκλεκτῆς ἐλαίας (?)] 
ἀρτάβην̣ μίαν , [τὸ δὲ ἀργύριον ἐν(?)] 
προθε̣σ̣[μί]α̣ι̣ς̣ τρισὶ [  ̣  ̣  ̣  ̣]μ̣έναις. 
καὶ μηνὶ [Ἁδ]ριανῷ παραδώσ̣[ω] 
20τὸ αἱρο̣ῦν σο̣ι̣ ἐ̣λ̣α̣(*) ἐὰν φ̣α̣ί̣ν̣η̣τ̣α̣ι̣ ἐ̣π̣ι̣-
χωρῆσαι ἐπὶ τοῖς προκε̣ι̣μέν̣ο̣ι̣ς̣. 
—— 
(hand 2) Ε̣ἰ̣ρ̣η̣ν̣ᾶ̣ς̣   ̣[  ̣]  ̣  ̣  ̣[  ̣  ̣  ̣  ̣] 
-- -- -- -- -- -- -- -- -- --  ","  -- -- -- -- -- -- -- -- -- --  
1- ca.14 -  ̣- ca.14 - 
  ̣  ̣  ̣  ̣  ̣  ̣φ̣  ̣  ̣  ̣  ̣  ̣  ̣  ̣  ̣- ca.14 - 
  ̣  ̣  ̣  ̣  ̣ φύλακος? γεν̣ομέν̣ου τ̣ο̣ῦ̣ περὶ Εὐ-
ημ̣έ̣ριαν οὐσιακοῦ ἐλαι̣ῶ̣ν̣ος, Ἑρ̣μα-
5έως λεγομ̣έν̣ου, ὅσων ἐὰ̣ν ᾖ ἀρου-
ρῶν, εἰς ἔτη δύο ἀπὸ τοῦ ἐνεστ̣ῶ̣τος 
πέμπτου ἔτους Ἀντωνείνο̣υ̣ 
Καίσαρος τοῦ κυρίου ἐπὶ τῷ ποῆσ̣α̣ι   
τὸν ἐξ ἔθους π̣οτισμὼν καὶ οἰ̣κ̣ο̣-
10δομὰς ῥίθρων καὶ ὑδραγο̣γ̣ῶ̣ν̣  
καὶ τήρησιν βλαστῶν καὶ̣ δ̣ε̣ν̣-
δροκοπίας καὶ τῆς ἐλάς τὴν̣ τ̣ή̣-
ρησιν ἕως Φαῶ̣φι τριακάδος λαμ̣-
βάνο̣ντός μου ε  ̣  ̣  ̣  ̣  ̣  ̣  ̣ψε̣  ̣  ̣  ̣  ̣  ?  
15κατ̣ʼ ἔτ̣ο̣ς ἀργυρίου δ̣ρ̣α̣χμὰς τεσσα-
ρ̣ά̣κ̣ον̣τ̣α ὀ̣κ̣τὼ κ̣α̣ὶ ἐκλεκτῆς ἐλαίας ? 
ἀρτάβην̣ μίαν , τὸ δὲ ἀργύριον ἐν? 
προθε̣σ̣μία̣ι̣ς̣ τρισὶ   ̣  ̣  ̣  ̣μ̣έναις. 
καὶ μηνὶ Ἁδριανῷ παραδώσ̣ω 
20τὸ αἱρο̣ῦν σο̣ι̣ ἐ̣λ̣α̣ ἐὰν φ̣α̣ί̣ν̣η̣τ̣α̣ι̣ ἐ̣π̣ι̣-
χωρῆσαι ἐπὶ τοῖς προκε̣ι̣μέν̣ο̣ι̣ς̣. 
—— 
hand 2 Ε̣ἰ̣ρ̣η̣ν̣ᾶ̣ς̣   ̣  ̣  ̣  ̣  ̣  ̣  ̣  ̣  ̣ 
-- -- -- -- -- -- -- -- -- --  ","29.383296,30.533289",29.383296,30.533289,31.615965419999995,15.42979657142857,21
