Unnamed: 0,Condition (HGV),Author (HGV),License (HGV),Culture (HGV),Script Type (HGV),Previous Edition (HGV),Preservation (HGV),Origin (HGV),Catalog(s) (HGV),Work (HGV),Summary (HGV),Recto/Verso (HGV),Post-Concordance BL Entries (HGV),Genre (HGV),Material (HGV),Support Dimensions (HGV),Publications (HGV),Title (HGV),Translations (HGV),Support Material (HGV),Note (general) (HGV),Support/Dimensions (HGV),Reuse Type (HGV),Images (HGV),People (HGV),Subjects (HGV),Hands (HGV),Commentary (HGV),General Notes (HGV),Place Stored (Ancient) (HGV),Inv. no. (HGV),Principal Edition (HGV),Lines (HGV),Citations (HGV),Availability (HGV),palaeo (HGV),Provenance (HGV),Religion (HGV),catalogue (HGV),Partial Edition (HGV),Date (HGV),translation (HGV),study (HGV),Reference Edition (HGV),Fragments (HGV),reference (HGV),Associated Names (HGV),Works (HGV),Inv. Id (HGV),Form and Layout (HGV),Places (HGV),illustration (HGV),Language (HGV),Print Illustrations (HGV),Note (local/note) (HGV),Note (related) (HGV),Content (HGV),Readings (HGV),Mentioned Dates (HGV),Archive (HGV),Fragments (Tris),General Notes (Tris),Genre (Tris),Print Illustrations (Tris),Reuse Type (Tris),Date (Tris),Publications (Tris),Subjects (Tris),illustration (Tris),Origin (Tris),Translations (Tris),Reference Edition (Tris),Partial Edition (Tris),Support Dimensions (Tris),Provenance (Tris),Availability (Tris),Work (Tris),Content (Tris),Form and Layout (Tris),catalogue (Tris),License (Tris),Previous Edition (Tris),Post-Concordance BL Entries (Tris),Support Material (Tris),Principal Edition (Tris),Citations (Tris),People (Tris),translation (Tris),Commentary (Tris),Inv. Id (Tris),Place Stored (Ancient) (Tris),Support/Dimensions (Tris),Script Type (Tris),Culture (Tris),Catalog(s) (Tris),Mentioned Dates (Tris),study (Tris),palaeo (Tris),Readings (Tris),Title (Tris),Material (Tris),Images (Tris),Religion (Tris),Works (Tris),Language (Tris),Inv. no. (Tris),Places (Tris),Archive (Tris),reference (Tris),text,cleanText,Coordinates,Latitude,Longitude,relLat,relLong,Cluster
47,,,© Heidelberger Gesamtverzeichnis der griechischen Papyrusurkunden Ägyptens. This work is licensed under a Creative Commons Attribution 3.0 License.,,,,,Theadelphia,,,,,VIII 127,,Papyrus,,"P. Flor. 2 187 * p. 151 (Comparetti, Domenico; 1908-1911) = P. Lond. 3 p. 210-211 no. 1122 b (Kenyon, Frederic G.; 1907)",Corrispondenza heroniniana - Herakleides,,,,Papyrus,,,mentioned people,Brief (privat); Herakleides an Heroninos; Öl; Herstellung; Ölmühle,,"Gehört zum Heroninos - Archiv. Zur Datierung vgl. Rathbone, Economic Rationalism, S. 422. Zu Z. 8 vgl. Rathbone, Economic Rationalism, S. 198, Anm. 27. Zu Z. 5 vgl. P.Prag. III, S. 65, zu Z. 117.",,,"London, British Library Pap 1122 b Vo",,,,,,"Egypt, 00b - Theadelpheia (Batn el-Harit)[found & written]",,,,AD 249 - 268,,,,,,,,,,,,Greek,,,,,,,"Heroninos, estate manager",,,,,,249 - 268,P.Lond. III 1122 b (S. 210 - 211),Brief (privat); Herakleides an Heroninos; Öl; Herstellung; Ölmühle,,Theadelphia (Arsinoites),,,,,,,,,,,© Heidelberger Gesamtverzeichnis der griechischen Papyrusurkunden Ägyptens. This work is licensed under a Creative Commons Attribution 3.0 License.,,VIII 127,,,,,,"Gehört zum Heroninos - Archiv. Zur Datierung vgl. Rathbone, Economic Rationalism, S. 422. Zu Z. 8 vgl. Rathbone, Economic Rationalism, S. 198, Anm. 27. Zu Z. 5 vgl. P.Prag. III, S. 65, zu Z. 117.",,,Papyrus,,,,,,,,Corrispondenza heroniniana - Herakleides,Papyrus,,,,,,,,,"  Ἡρακλείδης Ἡρωνεί[ν]ῳ 
τῶι π̣α̣τ̣ρὶ χαίρειν. 
τὸν τ̣ύπον τὸν τοῦ 
ἐλαιουργοῦ π[α]ράδος 
5Ἀμεσύσῳ τῷ αδιτηλάτῃ(*) συντειμήσ̣α̣ς [α]ὐτ(ὸν)(*)  
καὶ ὁ̣ρίσας τὴ(ν)(*) τειμὴν(*)  
[εἰς(?) τ]ὸν ἐλαιουργὸν̣ 
[⁦ -ca.?- ⁩]αριτως ἐπιλει 
10[⁦ -ca.?- ⁩]θ̣ω̣  ̣  ̣(*) αὐτοῦ τὰς(*)  
[⁦ -ca.?- ⁩ κ]αὶ τὰ ἄλλα τετρά-
[ποδα ἀσ]φαλίσε(*) δια 
-- -- -- -- -- -- -- -- -- --  ","  Ἡρακλείδης Ἡρωνείνῳ 
τῶι π̣α̣τ̣ρὶ χαίρειν. 
τὸν τ̣ύπον τὸν τοῦ 
ἐλαιουργοῦ παράδος 
5Ἀμεσύσῳ τῷ αδιτηλάτῃ συντειμήσ̣α̣ς αὐτὸν  
καὶ ὁ̣ρίσας τὴν τειμὴν  
εἰς? τὸν ἐλαιουργὸν̣ 
⁦ -ca.?- ⁩αριτως ἐπιλει 
10⁦ -ca.?- ⁩θ̣ω̣  ̣  ̣ αὐτοῦ τὰς  
⁦ -ca.?- ⁩ καὶ τὰ ἄλλα τετρά-
ποδα ἀσφαλίσε δια 
-- -- -- -- -- -- -- -- -- --  ","29.348065,30.49696",29.348065,30.49696,31.587628800000005,15.462511071428573,13
105,,,© Heidelberger Gesamtverzeichnis der griechischen Papyrusurkunden Ägyptens. This work is licensed under a Creative Commons Attribution 3.0 License.,,,,,Theadelphia,,,,,,,Papyrus,,"PSI 9 1050 (Norsa, Medea; 1929) = P. Flor. 2 153 * p. 245-246 (Comparetti, Domenico; 1908-1911)",Lettera di Alypios ad Heroninos,,,,Papyrus,,http://www.psi-online.it/documents/pflor;2;153...,mentioned people,Anweisung; Auszahlung; Gehalt; Getreide,,"Gehört zum Heroninos - Archiv. Zur Datierung vgl. Rathbone, Economic Rationalism, S. 423.",,,"Alexandria, Graeco-Roman Museum P. 281",,,,,,"Egypt, 00b - Theadelpheia (Batn el-Harit)[found & written]",,,,AD 262 Nov 2?,,,,,,,,,,mentioned places,,Greek,,,,,,,"Heroninos, estate manager",,,,,,2. Nov. 262 (Tag unsicher),P.Flor. II 153* S. 245,Anweisung; Auszahlung; Gehalt; Getreide,,Theadelphia (Arsinoites),,,,,,,,,,,© Heidelberger Gesamtverzeichnis der griechischen Papyrusurkunden Ägyptens. This work is licensed under a Creative Commons Attribution 3.0 License.,,,,,,,,"Gehört zum Heroninos - Archiv. Zur Datierung vgl. Rathbone, Economic Rationalism, S. 423.",,,Papyrus,,,,,,,,Lettera di Alypios ad Heroninos,Papyrus,http://www.psi-online.it/documents/pflor;2;153...,,,,,,,,"  π(αρὰ) Ἀ[λυ]π̣ίου. 
δίδ̣ου Σαρμ̣[ά]τῃ καὶ Νείλῳ, ἀνθʼ ὡν(*)  
λ̣α̣μβάνουσι κατὰ μῆνα ὑπὲρ 
ὀ[ψ]ωνίου ἕκαστος πυροῦ ἀρ-
5τά̣βη\ς/(*) μιᾶ\ς/(*) ὅλας(*), ἀπὸ τοῦ ὄν-
τ̣ος μηνὸς Ἁθὺρ ἀρτάβην μί-
αν ἥμισυ , λαμβανόντων 
α̣ὐτῶν ὃ πρ̣οελάμβανον̣ 
ἀρ̣γύριον καὶ ἔλαιον. (hand 2) σεση̣μ̣(είωμαι) 
10καὶ δίδου κατὰ μῆνα ἑκάστῳ 
πυροῦ ἀρτάβ(ην) μίαν 
ἥμισυ κ(αὶ) ὃ προελάμβα-
[νο]ν {αρ} ἀργύριον κ(αὶ) ἔλαιον. 
(hand 1) Ἡρωνείνῳ φρ(οντιστῇ) Θεαδελ(φείας) 
15(ἔτους) ι, Ἁθὺρ ϛ̣. ","  παρὰ Ἀλυπ̣ίου. 
δίδ̣ου Σαρμ̣άτῃ καὶ Νείλῳ, ἀνθʼ ὡν  
λ̣α̣μβάνουσι κατὰ μῆνα ὑπὲρ 
ὀψωνίου ἕκαστος πυροῦ ἀρ-
5τά̣βη\ς/ μιᾶ\ς/ ὅλας, ἀπὸ τοῦ ὄν-
τ̣ος μηνὸς Ἁθὺρ ἀρτάβην μί-
αν ἥμισυ , λαμβανόντων 
α̣ὐτῶν ὃ πρ̣οελάμβανον̣ 
ἀρ̣γύριον καὶ ἔλαιον. hand 2 σεση̣μ̣είωμαι 
10καὶ δίδου κατὰ μῆνα ἑκάστῳ 
πυροῦ ἀρτάβην μίαν 
ἥμισυ καὶ ὃ προελάμβα-
νον {αρ} ἀργύριον καὶ ἔλαιον. 
hand 1 Ἡρωνείνῳ φροντιστῇ Θεαδελφείας 
15ἔτους ι, Ἁθὺρ ϛ̣. ","29.348065,30.49696",29.348065,30.49696,31.587628800000005,15.462511071428573,13
