Unnamed: 0,Condition (HGV),Author (HGV),License (HGV),Culture (HGV),Script Type (HGV),Previous Edition (HGV),Preservation (HGV),Origin (HGV),Catalog(s) (HGV),Work (HGV),Summary (HGV),Recto/Verso (HGV),Post-Concordance BL Entries (HGV),Genre (HGV),Material (HGV),Support Dimensions (HGV),Publications (HGV),Title (HGV),Translations (HGV),Support Material (HGV),Note (general) (HGV),Support/Dimensions (HGV),Reuse Type (HGV),Images (HGV),People (HGV),Subjects (HGV),Hands (HGV),Commentary (HGV),General Notes (HGV),Place Stored (Ancient) (HGV),Inv. no. (HGV),Principal Edition (HGV),Lines (HGV),Citations (HGV),Availability (HGV),palaeo (HGV),Provenance (HGV),Religion (HGV),catalogue (HGV),Partial Edition (HGV),Date (HGV),translation (HGV),study (HGV),Reference Edition (HGV),Fragments (HGV),reference (HGV),Associated Names (HGV),Works (HGV),Inv. Id (HGV),Form and Layout (HGV),Places (HGV),illustration (HGV),Language (HGV),Print Illustrations (HGV),Note (local/note) (HGV),Note (related) (HGV),Content (HGV),Readings (HGV),Mentioned Dates (HGV),Archive (HGV),Fragments (Tris),General Notes (Tris),Genre (Tris),Print Illustrations (Tris),Reuse Type (Tris),Date (Tris),Publications (Tris),Subjects (Tris),illustration (Tris),Origin (Tris),Translations (Tris),Reference Edition (Tris),Partial Edition (Tris),Support Dimensions (Tris),Provenance (Tris),Availability (Tris),Work (Tris),Content (Tris),Form and Layout (Tris),catalogue (Tris),License (Tris),Previous Edition (Tris),Post-Concordance BL Entries (Tris),Support Material (Tris),Principal Edition (Tris),Citations (Tris),People (Tris),translation (Tris),Commentary (Tris),Inv. Id (Tris),Place Stored (Ancient) (Tris),Support/Dimensions (Tris),Script Type (Tris),Culture (Tris),Catalog(s) (Tris),Mentioned Dates (Tris),study (Tris),palaeo (Tris),Readings (Tris),Title (Tris),Material (Tris),Images (Tris),Religion (Tris),Works (Tris),Language (Tris),Inv. no. (Tris),Places (Tris),Archive (Tris),reference (Tris),text,cleanText,Coordinates,Latitude,Longitude,relLat,relLong,Cluster
48,,,© Heidelberger Gesamtverzeichnis der griechischen Papyrusurkunden Ägyptens. This work is licensed under a Creative Commons Attribution 3.0 License.,,,,,Antinoopolis,,,,,,,Papyrus,,"P. Lond. 3 p. 166-167 no. 1164 k (Kenyon, Frederic G. / Bell, Harold Idris; 1907)",keiner,,,,Papyrus,"in the tomos synkollesimos joined with: 22813, 22814, 22815, 22816, 22817, 22818, 22819, 22820, 22821, 23908",http://www.bl.uk/manuscripts/FullDisplay.aspx?ref=Papyrus_11...,mentioned people,Vertrag; Begleichung eines Darlehens durch die Sicherheit; Haus,,,,,"London, British Library Pap 1164 [k]",,,,,,"Egypt, U15 - Antinoopolis (El-Sheikh Ibada)[found & written]",,,,AD 212 Apr 24,,,,,,,,,,mentioned places,,Greek,,,,,,Z. 8:201 - 202 Z. 9:18. Okt. 208,,,,,,,24. Apr. 212,P.Lond. 3 1164 (k) (S. 166),Vertrag; Begleichung eines Darlehens durch die Sicherheit; Haus,,Antinoopolis,,,,,,,,,,,© Heidelberger Gesamtverzeichnis der griechischen Papyrusurkunden Ägyptens. This work is licensed under a Creative Commons Attribution 3.0 License.,,,,,,,,,,,Papyrus,,,,Z. 8:201 - 202 Z. 9:18. Okt. 208,,,,keiner,Papyrus,http://www.bl.uk/manuscripts/FullDisplay.aspx?ref=Papyrus_11...,,,,,,,,"  (hand 10) κθ Φιλαντινόου Δη[μ]ητρίας ἀργ(υρίου) (δραχμῶν) Β(*)  
(hand 1) ἔτους κ Αὐτοκράτορος Καίσαρος Μάρκου Αὐρηλίου Ἀντωνίνου Π̣α̣ρ̣θικ[οῦ] Μεγίστου Βρενταν[ικοῦ](*) Μεγίστου Εὐσεβ[οῦς Σεβαστοῦ μηνὸς Πανήμου] 
Φαρμοῦθι κθ. διὰ τῆς Ἀνουβίωνος Ἀμμωνίου Ματιδίου τοῦ καὶ Καλλικτεκνίου ἐν Ἀντινοουπόλει χρηματιστικῆς
                              τραπέζης. Φιλ[αντίνοος Δημητρίας Ἀμμωνί-]
ου Ἀθηναιεὺς ὁ καὶ Σαλαμείνιος Ἑρμίᾳ Ἰ(*)σιδώρου τοῦ Ἰσιδώρου Σεβ[ασ]τίῳ τῷ καὶ Ἡρακλείῳ ὁμολογεῖ διὰ τῆσδ[ε τῆ]ς̣ [διαγραφῆς
                              παρακεχωρη-]
5κέναι τῷ Ἑρμίᾳ ἀπὸ τοῦ νῦν εἰς τὸ παντελὲς κυρίως καὶ ἀναφα̣ι̣ρ̣έτως καὶ [ἀ]μετανοήτως
                              τὸ καταλειφθ[ὲν ὑπὸ τοῦ κατὰ πατέρα ἀνεψιοῦ Ἰσιδώρου] 
Βησαρίωνος τοῦ Κάστορος Τραι(*)ανίου τοῦ καὶ Νικηφορίου ἀτέκνου καὶ ἀδιαθέτου μετηλλαχότος τρ[ίτον μέρος] οἰκίας
                              καὶ α[ὐ]λῆς καὶ χρη[στηρίων] 
καὶ συνκυρόντων καὶ ἀνηκόντων πάντων καὶ εἰσόδων καὶ ἐξόδων ἐν τῷ γ γρ(άμματι) πλινθ(ίῳ) ια τῆς Ἀντι[νόου] ἀπογεγραμμέν[ον] ὑπʼ(*) αὐτοῦ̣ ἐν [τῇ](*)  
πρὸς τὸ ι (ἔτος) κατʼ οἰκίαν ἀπογραφῇ κατὰ μετοχὴν τοῦ λοιποῦ διμοίρου μέρους κληρο[νόμ]ων Ἀμωνίου
                              Τιθοητίωνος ἀνθʼ ὧν προφέ̣ρ̣ετ̣αι ὁ Ἑρμί[ας ὀφείλεσθαι αὐ-]
τῷ ὑπὸ τοῦ αὐτοῦ Ἰσιδώρου Βησαρίωνος κατὰ δισσὸν χιρόγραφον(*) ἐπ̣ὶ τοῦ ἑκκαιδεκάτου ἔτους τῆς εὐτυ[χ]εστάτης ταύτης αὐτοκρ[ατο]ρίας [μηνὸς](*)  
10Φαῶφι εἰκάδος κεφαλαίου δραχμῶν δισχιλειλίων(*) καὶ τόκων [α]ὐτῶν τὸ καὶ ὂν παρὰ τῷ αὐτῷ Ἑρμίᾳ̣ εἰς ἐπίδιξειν(*), εἲ(*) δὲ̣(*) ο̣ἱ γίτονες(*) τῆς [οἰκίας] 
καὶ αὐλῆς νότου Ἰσιδώρου οὐετρανοῦ, βορρᾶ Ἑρμίου, ἀπηλιώτου Ἀσκ̣αλάφου καὶ ἄλλων,
                              λιβὸς ῥύμη δημοσία [ἢ] οἳ ἐὰν ὦσιν γίτονες(*) πάντοθεν, [τὴν δὲ πα-]
ραχώρησιν πεποίηται ὁ Φιλαντίνοος τῷ Ἑρμίᾳ τοῦ προκειμένου τρίτου μέρους τῆς οἰκίας
                              καὶ αὐλῆς καὶ χρη[στ]ηρίων πάντων οὐδενὸς ἀντ[ιποι-]
ησάμενος τῶν τοῦ Ἰσιδώρου κατʼ οὐδεμίαν πρόφασιν καὶ μὴ ἐπελεύσεσθαι τὸν Ἑρμίαν μηδὲ
                              τοὺς παρʼ αὐτοῦ μηδʼ ἄλλους ὑπὲρ αὐτοῦ τῷ Φιλ[αντινόῳ] 
μηδὲ τοῖς παρʼ αὐτοῦ περὶ ἡστινοσοῦν ὀφιλῆς(*) ὀνόματι τοῦ αὐτοῦ Ἰσιδώρου μηδὲ περὶ ἄλλου τινὸς ἁπλῶς ἐνγράφου ἢ ἀγράφου μηδὲ μ[ὴν
                              τὸν] 
15Φιλαντίνοον μηδὲ τοὺς παρʼ αὐτοῦ μηδʼ ἄλλους ὑπὲρ αὐτοῦ τῷ Ἑρμίᾳ μηδὲ τοῖς παρʼ αὐτοῦ
                              περὶ μηδεν[ὸ]ς τῆσ̣δε τῆς παραχωρήσεως τ̣[οῦ προκει-]
μένου τρίτου μέρους τῆς οἰκίας καὶ αὐλῆς καὶ χρηστηρίων πάντων, ἀλλὰ καὶ ἐντεῦθεν
                              εἰς τὸ παντελὲς [κ]ρατεῖν αὐτὸν καὶ τοὺς παρʼ αὐτ[οῦ τού-]
[του τοῦ] μέρους, ἔτι δὲ καὶ διοκεῖν(*) καὶ ἐπιτελεῖν περὶ αὐτοῦ ὡς ἐὰν α̣ἱ̣ρ̣[ῶ]νται ἀνεμποδίστως καὶ πάντα τὸν ἐπελευσόμενον
                              ὀνόματι τοῦ αὐτοῦ [Φιλαντινόου] 
[ἀπο σ]τήσιν(*) αὐτὸν Φιλαντίνοον παραχρῆμα ἰ(*)δίαις αὐτοῦ δαπάναις χωρὶς τοῦ κυρίαν καὶ βεβαίαν εἶναι τήνδε τὴν παραχώρησιν εἰς
                              τὸν ἀ[εὶ χρόνον]. 
προσβέβλητα(*) δὲ διὰ τῆσδε [τ]ῆς διαγραφῆς ὑπὲρ ἀναλωμάτων ἀργυρίου δραχμὰς δώδεκα . (hand 2) Φιλαντίνοος
                              Δημητρίας Ἀμμωνίου Ἀθηναιεὺς [ὁ καὶ Σαλαμείνι-]
20ος παρε̣χώρησα τῷ Ἑρμείᾳ Ἰ[σ]ιδώρου τὸ καταλειφθὲν ὑπὸ [το]ῦ κατὰ πατέρα μου ἀνεψειοῦ(*) Ἰσιδώρου Βησαρίωνος [μ]έρος τρίτον τῆς προκιμένης(*) οἰκί[ας καὶ αὐλῆς] 
καὶ χρηστηρίων πάντων ἀν[θʼ] ὧν προφέρεται ὀφίλεσθαι(*) [α]ὐτῷ ὑπὸ τοῦ αὐτοῦ Ἰσιδώρου κατὰ χειρόγραφον δ[ρ]αχμῶν δισχειλείων(*) καὶ τόκων α[ὐτῶν τὸ καὶ] 
ὂν παρʼ αὐτῷ εἰ[ς] ἐπείδειξι[ν](*) εἰ χρία(*) γένοιτο καὶ εὐδοκῶ κ[αὶ] πείθομαι πᾶσι τοῖς προκειμένοις. Ἀπολλώνιος Βαρβίλλου Νερουιάνειος
                              ὁ κὲ(*) Γενε[άρχειος] 
ἔγραψα ὑπὲρ αὐτοῦ τὸ σῶμα τῆς ὑπογραφῆς αὐτοῦ ὕστερ[ο]ν ὑπογράφοντος βραδέως. (hand
                              3) Φιλαντίν[ο]ος Δημητρίας εὐδ[οκῶ] 
πᾶσι ὡς πρόκιται. (hand 4) Ἑρμίας Ἰσιδώρου Σ̣ε̣βά̣στιος ὁ καὶ Ἡράκλ̣ι̣ος καὶ ὡς χρη(ματίζει)
                              εὐδοκῶ τῇ εἰς ἐμὲ γεγραμμ[ένῃ] π̣α̣ραχωρήσει [ὑπ]ὸ Φιλαντινόο[υ ἀντὶ δραχμῶν] 
25δισχειλίων(*) καὶ τόκων αὐτῶν κατὰ δισσὸν χειρόγραφον ὃ καὶ ἔχω παρʼ ἐμαυτῷ εἰς ἐπίδιξειν(*) εἰ χρεία γένοιτο καὶ ἐμ[μ]έν̣[ω] καὶ(*) [π]ε̣[ί]θο̣[μαι τοῖς] 
προκειμένοις. (hand 5) Ἅρπαλος Νεμεσίωνος Νερουιάνιος ὁ καὶ Προπατόριος ἀνέγνων τῷ
                              Φιλαντινόῳ [τ]ὴν προκειμ[ένην ἀσφάλειαν ὡς περιέχει] 
(hand 6) Ἡράκλειος Ἡρακλείου Νερουιάνιος ὁ καὶ Ἑσ̣τι̣εὺς μαρτυρῶ. (hand 7) Φιλαντίνοος
                              ὁ καὶ Ὡρί[ων] γερ(αίτερος)(*) Ἀπολιναρίου Σαβείνιος ὁ καὶ Ἁρμ(ονιεὺς) μαρτυρῶ. (hand 8) Ἰσίδωρος Μ̣α̣ρίου Μα[⁦ -ca.?- ⁩] 
Ἀνθέστιος(*) Γ  ̣  ̣  ̣φ  ̣  ̣  ̣ς ὁ̣ καὶ Ν  ̣  ̣  ̣ο(  )(*) μαρτ(υρῶ) (hand 9) Φιλαντίνοος Μ  ̣  ̣  ̣ Σ̣αβ̣ίνιος ὁ καὶ Τρυφονεὺς(*) μαρτυρ[ῶ ⁦ -ca.?- ⁩] ","  hand 10 κθ Φιλαντινόου Δημητρίας ἀργυρίου δραχμῶν Β  
hand 1 ἔτους κ Αὐτοκράτορος Καίσαρος Μάρκου Αὐρηλίου Ἀντωνίνου Π̣α̣ρ̣θικοῦ Μεγίστου Βρεντανικοῦ Μεγίστου Εὐσεβοῦς Σεβαστοῦ μηνὸς Πανήμου 
Φαρμοῦθι κθ. διὰ τῆς Ἀνουβίωνος Ἀμμωνίου Ματιδίου τοῦ καὶ Καλλικτεκνίου ἐν Ἀντινοουπόλει χρηματιστικῆς
                              τραπέζης. Φιλαντίνοος Δημητρίας Ἀμμωνί-
ου Ἀθηναιεὺς ὁ καὶ Σαλαμείνιος Ἑρμίᾳ Ἰσιδώρου τοῦ Ἰσιδώρου Σεβαστίῳ τῷ καὶ Ἡρακλείῳ ὁμολογεῖ διὰ τῆσδε τῆς̣ διαγραφῆς
                              παρακεχωρη-
5κέναι τῷ Ἑρμίᾳ ἀπὸ τοῦ νῦν εἰς τὸ παντελὲς κυρίως καὶ ἀναφα̣ι̣ρ̣έτως καὶ ἀμετανοήτως
                              τὸ καταλειφθὲν ὑπὸ τοῦ κατὰ πατέρα ἀνεψιοῦ Ἰσιδώρου 
Βησαρίωνος τοῦ Κάστορος Τραιανίου τοῦ καὶ Νικηφορίου ἀτέκνου καὶ ἀδιαθέτου μετηλλαχότος τρίτον μέρος οἰκίας
                              καὶ αὐλῆς καὶ χρηστηρίων 
καὶ συνκυρόντων καὶ ἀνηκόντων πάντων καὶ εἰσόδων καὶ ἐξόδων ἐν τῷ γ γράμματι πλινθίῳ ια τῆς Ἀντινόου ἀπογεγραμμένον ὑπʼ αὐτοῦ̣ ἐν τῇ  
πρὸς τὸ ι ἔτος κατʼ οἰκίαν ἀπογραφῇ κατὰ μετοχὴν τοῦ λοιποῦ διμοίρου μέρους κληρονόμων Ἀμωνίου
                              Τιθοητίωνος ἀνθʼ ὧν προφέ̣ρ̣ετ̣αι ὁ Ἑρμίας ὀφείλεσθαι αὐ-
τῷ ὑπὸ τοῦ αὐτοῦ Ἰσιδώρου Βησαρίωνος κατὰ δισσὸν χιρόγραφον ἐπ̣ὶ τοῦ ἑκκαιδεκάτου ἔτους τῆς εὐτυχεστάτης ταύτης αὐτοκρατορίας μηνὸς  
10Φαῶφι εἰκάδος κεφαλαίου δραχμῶν δισχιλειλίων καὶ τόκων αὐτῶν τὸ καὶ ὂν παρὰ τῷ αὐτῷ Ἑρμίᾳ̣ εἰς ἐπίδιξειν, εἲ δὲ̣ ο̣ἱ γίτονες τῆς οἰκίας 
καὶ αὐλῆς νότου Ἰσιδώρου οὐετρανοῦ, βορρᾶ Ἑρμίου, ἀπηλιώτου Ἀσκ̣αλάφου καὶ ἄλλων,
                              λιβὸς ῥύμη δημοσία ἢ οἳ ἐὰν ὦσιν γίτονες πάντοθεν, τὴν δὲ πα-
ραχώρησιν πεποίηται ὁ Φιλαντίνοος τῷ Ἑρμίᾳ τοῦ προκειμένου τρίτου μέρους τῆς οἰκίας
                              καὶ αὐλῆς καὶ χρηστηρίων πάντων οὐδενὸς ἀντιποι-
ησάμενος τῶν τοῦ Ἰσιδώρου κατʼ οὐδεμίαν πρόφασιν καὶ μὴ ἐπελεύσεσθαι τὸν Ἑρμίαν μηδὲ
                              τοὺς παρʼ αὐτοῦ μηδʼ ἄλλους ὑπὲρ αὐτοῦ τῷ Φιλαντινόῳ 
μηδὲ τοῖς παρʼ αὐτοῦ περὶ ἡστινοσοῦν ὀφιλῆς ὀνόματι τοῦ αὐτοῦ Ἰσιδώρου μηδὲ περὶ ἄλλου τινὸς ἁπλῶς ἐνγράφου ἢ ἀγράφου μηδὲ μὴν
                              τὸν 
15Φιλαντίνοον μηδὲ τοὺς παρʼ αὐτοῦ μηδʼ ἄλλους ὑπὲρ αὐτοῦ τῷ Ἑρμίᾳ μηδὲ τοῖς παρʼ αὐτοῦ
                              περὶ μηδενὸς τῆσ̣δε τῆς παραχωρήσεως τ̣οῦ προκει-
μένου τρίτου μέρους τῆς οἰκίας καὶ αὐλῆς καὶ χρηστηρίων πάντων, ἀλλὰ καὶ ἐντεῦθεν
                              εἰς τὸ παντελὲς κρατεῖν αὐτὸν καὶ τοὺς παρʼ αὐτοῦ τού-
του τοῦ μέρους, ἔτι δὲ καὶ διοκεῖν καὶ ἐπιτελεῖν περὶ αὐτοῦ ὡς ἐὰν α̣ἱ̣ρ̣ῶνται ἀνεμποδίστως καὶ πάντα τὸν ἐπελευσόμενον
                              ὀνόματι τοῦ αὐτοῦ Φιλαντινόου 
ἀπο στήσιν αὐτὸν Φιλαντίνοον παραχρῆμα ἰδίαις αὐτοῦ δαπάναις χωρὶς τοῦ κυρίαν καὶ βεβαίαν εἶναι τήνδε τὴν παραχώρησιν εἰς
                              τὸν ἀεὶ χρόνον. 
προσβέβλητα δὲ διὰ τῆσδε τῆς διαγραφῆς ὑπὲρ ἀναλωμάτων ἀργυρίου δραχμὰς δώδεκα . hand 2 Φιλαντίνοος
                              Δημητρίας Ἀμμωνίου Ἀθηναιεὺς ὁ καὶ Σαλαμείνι-
20ος παρε̣χώρησα τῷ Ἑρμείᾳ Ἰσιδώρου τὸ καταλειφθὲν ὑπὸ τοῦ κατὰ πατέρα μου ἀνεψειοῦ Ἰσιδώρου Βησαρίωνος μέρος τρίτον τῆς προκιμένης οἰκίας καὶ αὐλῆς 
καὶ χρηστηρίων πάντων ἀνθʼ ὧν προφέρεται ὀφίλεσθαι αὐτῷ ὑπὸ τοῦ αὐτοῦ Ἰσιδώρου κατὰ χειρόγραφον δραχμῶν δισχειλείων καὶ τόκων αὐτῶν τὸ καὶ 
ὂν παρʼ αὐτῷ εἰς ἐπείδειξιν εἰ χρία γένοιτο καὶ εὐδοκῶ καὶ πείθομαι πᾶσι τοῖς προκειμένοις. Ἀπολλώνιος Βαρβίλλου Νερουιάνειος
                              ὁ κὲ Γενεάρχειος 
ἔγραψα ὑπὲρ αὐτοῦ τὸ σῶμα τῆς ὑπογραφῆς αὐτοῦ ὕστερον ὑπογράφοντος βραδέως. hand
                              3 Φιλαντίνοος Δημητρίας εὐδοκῶ 
πᾶσι ὡς πρόκιται. hand 4 Ἑρμίας Ἰσιδώρου Σ̣ε̣βά̣στιος ὁ καὶ Ἡράκλ̣ι̣ος καὶ ὡς χρηματίζει
                              εὐδοκῶ τῇ εἰς ἐμὲ γεγραμμένῃ π̣α̣ραχωρήσει ὑπὸ Φιλαντινόου ἀντὶ δραχμῶν 
25δισχειλίων καὶ τόκων αὐτῶν κατὰ δισσὸν χειρόγραφον ὃ καὶ ἔχω παρʼ ἐμαυτῷ εἰς ἐπίδιξειν εἰ χρεία γένοιτο καὶ ἐμμέν̣ω καὶ πε̣ίθο̣μαι τοῖς 
προκειμένοις. hand 5 Ἅρπαλος Νεμεσίωνος Νερουιάνιος ὁ καὶ Προπατόριος ἀνέγνων τῷ
                              Φιλαντινόῳ τὴν προκειμένην ἀσφάλειαν ὡς περιέχει 
hand 6 Ἡράκλειος Ἡρακλείου Νερουιάνιος ὁ καὶ Ἑσ̣τι̣εὺς μαρτυρῶ. hand 7 Φιλαντίνοος
                              ὁ καὶ Ὡρίων γεραίτερος Ἀπολιναρίου Σαβείνιος ὁ καὶ Ἁρμονιεὺς μαρτυρῶ. hand 8 Ἰσίδωρος Μ̣α̣ρίου Μα⁦ -ca.?- ⁩ 
Ἀνθέστιος Γ  ̣  ̣  ̣φ  ̣  ̣  ̣ς ὁ̣ καὶ Ν  ̣  ̣  ̣ο   μαρτυρῶ hand 9 Φιλαντίνοος Μ  ̣  ̣  ̣ Σ̣αβ̣ίνιος ὁ καὶ Τρυφονεὺς μαρτυρῶ ⁦ -ca.?- ⁩ ","27.8105625,30.8810025",27.8105625,30.8810025,31.88718195,16.890191964285712,10
68,,,© Heidelberger Gesamtverzeichnis der griechischen Papyrusurkunden Ägyptens. This work is licensed under a Creative Commons Attribution 3.0 License.,,,,,Antinoopolis,,,,,; XIII 153,,Papyrus,,"P. Oxy. 14 1773 (Grenfell, Bernard P. / Hunt, Arthur S.; 1920) = Naldini, Il cristianesimo 10 (Naldini, Mario / ; 1968) = Bagnall / Cribiore, Women's letters p. 371-372 (Bagnall, Roger S. / Cribiore, Raffaella; 2006)",Letter of Eutycheis to Ametrion,"Bagnall - Cribiore, Women's Letters (2006), S. 371; Bagnall - Cribiore, Women's Letters (2008), B8.7, Nr. 263.; Ghedini, Lettere cristiane (1923), S. 102, Nr. 8",,,Papyrus,,,mentioned people,Brief (privat); Eutycheis an Ametrion; Verzögerung der Ankunft wegen Schwierigkeiten mit Transportmitteln,,"Zu Z. 40 - 45 vgl. ZPE 54, 1984, S. 85 und ZPE 59, 1985, S. 45 - 46. Tag: nach 25. (26.) Jan.",,,"Bolton, Museum 17.22.4",,,,,,"Egypt, U15 - Antinoopolis (El-Sheikh Ibada)[written]; Egypt, U19 - Oxyrynchos (Bahnasa)[found]",,,,AD 200 - 299,,,,,,,,,,mentioned places,,Greek,"Bagnall - Cribiore, Women's Letters (2008), B8.7, Nr. 263",,,,,,,,,,"Bagnall - Cribiore, Women's Letters (2008), B8.7, Nr. 263",,III,"Naldini, Cristianesimo 10",Brief (privat); Eutycheis an Ametrion; Verzögerung der Ankunft wegen Schwierigkeiten mit Transportmitteln,,Antinoopolis,"Bagnall - Cribiore, Women's Letters (2006), S. 371; Bagnall - Cribiore, Women's Letters (2008), B8.7, Nr. 263.; Ghedini, Lettere cristiane (1923), S. 102, Nr. 8",,,,,,,,,,© Heidelberger Gesamtverzeichnis der griechischen Papyrusurkunden Ägyptens. This work is licensed under a Creative Commons Attribution 3.0 License.,,; XIII 153,,,,,,"Zu Z. 40 - 45 vgl. ZPE 54, 1984, S. 85 und ZPE 59, 1985, S. 45 - 46. Tag: nach 25. (26.) Jan.",,,Papyrus,,,,,,,,Letter of Eutycheis to Ametrion,Papyrus,,,,,,,,,"  Εὐτυχεῖς Ἀμητρίῳ τῇ μη-
τρὶ πολλὰ χαίρειν. 
πρὸ μὲν πάντων εὔχο-
μαι τῷ θεῷ ὁλοκλήρους ὑ(*)μᾶς 
5ἀπολαβεῖν. γεινοσκιν(*) σε θέ-
λω ὅτι ἀπὸ τριακάδος τοῦ Τῦ-
βι ἦλθον εἰς τὸ Τυράννιν καὶ 
οὐκ εὗρον πῶς ἔλθω πρὸς ὑμᾶς, 
[τ]ῶν καμηλιτῶν μὴ θελησάν-
10[τ]ων ἐλθεῖν εἰς Ὀξυρυγ’χείτην. 
[ο]ὐ μόνον, ἀλλὰ καὶ εἰς Ἀντινόου 
[ἀ]ν̣ῆλθα χάριν πλύου(*) καὶ οὐ-
κ εὗρον. νῦν οὖν ἐσκεψάμην 
τοὺς γόμους μου ἀρῖν(*) εἰς Ἀν-
15τινόου καὶ μῖνε(*) ἐκεῖ ἄχρι οὗ πλῦ-
ον(*) εὕρω καὶ καταπλεύσω. καλῶς 
πυήσις(*) τοῖς ἀναδιδουντί(*) συ(*) ταῦ-
τά μου τὰ(*) γράμματα δοῦνε̣(*) κενοῦ(*)  
νομίσματος τάλαντα δ[ύ]ο̣ ἥ̣-
20μισου(*) , γί(νονται) (τάλαντα)(*)  β̣ (δραχμαὶ) Γ, ἀ̣[νθʼ ὧν αἰτήσα-]
σ̣α̣ ἔσσχον(*) ἀπʼ αὐτῶ[ν ἐν τῷ Τυ-]
ραννίῳ εἰς λόγον φ[ορέτρο]υ, καὶ 
μὴ αὐτοὺς κατάσσ̣χ̣η̣ς̣(*) ὥραν 
μίαν ὡσεὶ δ̣ὴ̣ ατην̣των ἐπὶ Θη-
25[β(?)]ῶν νομόν. κόμισε(*) δαὶ(*) ἀπʼ αὐτῶ(ν) 
παλεοῦ(*) δραχμὰς δεισ[χ]ιλίας(*) ἐνε-
νήκοντα δύο, γί(νονται) (δραχμαὶ) Βϙβ πλήρης, 
καὶ τὸν ὄνον μου μαιτὰ(*) το̣ῦ̣ σαγίου. 
ἐὰν δὲ εἰδῇς ὅτι οὐκ ἔχεις [ε]ἰ̣ς τὰς 
30χε͂ρες(*) σου, χρῆσε(*) παρὰ τοῦ [  ̣  ̣]ι̣τ̣α̣ 
καὶ πλήρωσον αὐτούς, ἐπ[ειδ]ὴ̣ οὐ 
δύνονται ἀναμῖνε(*) ὥραν μ̣ί̣α̣[ν .] 
βλέπε δαὶ(*) μὴ ἁμαρ̣[τ]ά̣ν̣ῃς κ̣[αὶ ἐνε-]
δρεύσῃς τοὺς ἀν̣[θρώπους εὐ-]
35πυείαν(*) μοι πυή[σαντας](*)[. ἄσπασαί] 
μ̣οι πάντες(*) τοὺς [- ca.9 - καὶ] 
π̣άντες(*) τοὺς φ̣[ίλους(?), γενήσο-]
μ̣ε(*) δαὶ(*) ἐν τάχ[ει πρὸς ὑ̣μ̣ᾶ̣ς̣] 
[⁦ -ca.?- ⁩] ἐ̣[ρρ]ῶσ̣θαι ὑ̣[μᾶς εὔχομαι ⁦ -ca.?- ⁩] ","  Εὐτυχεῖς Ἀμητρίῳ τῇ μη-
τρὶ πολλὰ χαίρειν. 
πρὸ μὲν πάντων εὔχο-
μαι τῷ θεῷ ὁλοκλήρους ὑμᾶς 
5ἀπολαβεῖν. γεινοσκιν σε θέ-
λω ὅτι ἀπὸ τριακάδος τοῦ Τῦ-
βι ἦλθον εἰς τὸ Τυράννιν καὶ 
οὐκ εὗρον πῶς ἔλθω πρὸς ὑμᾶς, 
τῶν καμηλιτῶν μὴ θελησάν-
10των ἐλθεῖν εἰς Ὀξυρυγ’χείτην. 
οὐ μόνον, ἀλλὰ καὶ εἰς Ἀντινόου 
ἀν̣ῆλθα χάριν πλύου καὶ οὐ-
κ εὗρον. νῦν οὖν ἐσκεψάμην 
τοὺς γόμους μου ἀρῖν εἰς Ἀν-
15τινόου καὶ μῖνε ἐκεῖ ἄχρι οὗ πλῦ-
ον εὕρω καὶ καταπλεύσω. καλῶς 
πυήσις τοῖς ἀναδιδουντί συ ταῦ-
τά μου τὰ γράμματα δοῦνε̣ κενοῦ  
νομίσματος τάλαντα δύο̣ ἥ̣-
20μισου , γίνονται τάλαντα  β̣ δραχμαὶ Γ, ἀ̣νθʼ ὧν αἰτήσα-
σ̣α̣ ἔσσχον ἀπʼ αὐτῶν ἐν τῷ Τυ-
ραννίῳ εἰς λόγον φορέτρου, καὶ 
μὴ αὐτοὺς κατάσσ̣χ̣η̣ς̣ ὥραν 
μίαν ὡσεὶ δ̣ὴ̣ ατην̣των ἐπὶ Θη-
25β?ῶν νομόν. κόμισε δαὶ ἀπʼ αὐτῶν 
παλεοῦ δραχμὰς δεισχιλίας ἐνε-
νήκοντα δύο, γίνονται δραχμαὶ Βϙβ πλήρης, 
καὶ τὸν ὄνον μου μαιτὰ το̣ῦ̣ σαγίου. 
ἐὰν δὲ εἰδῇς ὅτι οὐκ ἔχεις εἰ̣ς τὰς 
30χε͂ρες σου, χρῆσε παρὰ τοῦ   ̣  ̣ι̣τ̣α̣ 
καὶ πλήρωσον αὐτούς, ἐπειδὴ̣ οὐ 
δύνονται ἀναμῖνε ὥραν μ̣ί̣α̣ν . 
βλέπε δαὶ μὴ ἁμαρ̣τά̣ν̣ῃς κ̣αὶ ἐνε-
δρεύσῃς τοὺς ἀν̣θρώπους εὐ-
35πυείαν μοι πυήσαντας. ἄσπασαί 
μ̣οι πάντες τοὺς - ca.9 - καὶ 
π̣άντες τοὺς φ̣ίλους?, γενήσο-
μ̣ε δαὶ ἐν τάχει πρὸς ὑ̣μ̣ᾶ̣ς̣ 
⁦ -ca.?- ⁩ ἐ̣ρρῶσ̣θαι ὑ̣μᾶς εὔχομαι ⁦ -ca.?- ⁩ ","27.8105625,30.8810025",27.8105625,30.8810025,31.88718195,16.890191964285712,10
