Unnamed: 0,Condition (HGV),Author (HGV),License (HGV),Culture (HGV),Script Type (HGV),Previous Edition (HGV),Preservation (HGV),Origin (HGV),Catalog(s) (HGV),Work (HGV),Summary (HGV),Recto/Verso (HGV),Post-Concordance BL Entries (HGV),Genre (HGV),Material (HGV),Support Dimensions (HGV),Publications (HGV),Title (HGV),Translations (HGV),Support Material (HGV),Note (general) (HGV),Support/Dimensions (HGV),Reuse Type (HGV),Images (HGV),People (HGV),Subjects (HGV),Hands (HGV),Commentary (HGV),General Notes (HGV),Place Stored (Ancient) (HGV),Inv. no. (HGV),Principal Edition (HGV),Lines (HGV),Citations (HGV),Availability (HGV),palaeo (HGV),Provenance (HGV),Religion (HGV),catalogue (HGV),Partial Edition (HGV),Date (HGV),translation (HGV),study (HGV),Reference Edition (HGV),Fragments (HGV),reference (HGV),Associated Names (HGV),Works (HGV),Inv. Id (HGV),Form and Layout (HGV),Places (HGV),illustration (HGV),Language (HGV),Print Illustrations (HGV),Note (local/note) (HGV),Note (related) (HGV),Content (HGV),Readings (HGV),Mentioned Dates (HGV),Archive (HGV),Fragments (Tris),General Notes (Tris),Genre (Tris),Print Illustrations (Tris),Reuse Type (Tris),Date (Tris),Publications (Tris),Subjects (Tris),illustration (Tris),Origin (Tris),Translations (Tris),Reference Edition (Tris),Partial Edition (Tris),Support Dimensions (Tris),Provenance (Tris),Availability (Tris),Work (Tris),Content (Tris),Form and Layout (Tris),catalogue (Tris),License (Tris),Previous Edition (Tris),Post-Concordance BL Entries (Tris),Support Material (Tris),Principal Edition (Tris),Citations (Tris),People (Tris),translation (Tris),Commentary (Tris),Inv. Id (Tris),Place Stored (Ancient) (Tris),Support/Dimensions (Tris),Script Type (Tris),Culture (Tris),Catalog(s) (Tris),Mentioned Dates (Tris),study (Tris),palaeo (Tris),Readings (Tris),Title (Tris),Material (Tris),Images (Tris),Religion (Tris),Works (Tris),Language (Tris),Inv. no. (Tris),Places (Tris),Archive (Tris),reference (Tris),text,cleanText,Coordinates,Latitude,Longitude,relLat,relLong,Cluster
12,,,© Heidelberger Gesamtverzeichnis der griechischen Papyrusurkunden Ägyptens. This work is licensed under a Creative Commons Attribution 3.0 License.,,,,,Philadelphia,,,,,X 101,,Papyrus,,"P. Lond. 3 p. 69 no. 933 (Kenyon, Frederic G. / Bell, Harold Idris; 1907) = Chrest. Wilck. 294 (Wilcken, Ulrich / ; 1912)",keiner,,,,Papyrus,,http://www.bl.uk/manuscripts/FullDisplay.aspx?ref=Papyrus_93...,mentioned people,Quittung; Steuern; Geld; Kauf eines Olivenhaines,,,,,"London, British Library Pap 933",,,,,,"Egypt, 00a - Philadelpheia (Gharabet el-Gerza)[found & written]",,,,AD 211 May 25,,,,,,,,,,mentioned places,,Greek,"P.Lond. III, Plate 45",,,,,Z. 15:27. Dez. 210 - 25. Jan. 211,,,,,"P.Lond. III, Plate 45",,25. Mai 211,W.Chr. 294,Quittung; Steuern; Geld; Kauf eines Olivenhaines,,Philadelphia (Arsinoites),,,,,,,,,,,© Heidelberger Gesamtverzeichnis der griechischen Papyrusurkunden Ägyptens. This work is licensed under a Creative Commons Attribution 3.0 License.,,X 101,,,,,,,,,Papyrus,,,,Z. 15:27. Dez. 210 - 25. Jan. 211,,,,keiner,Papyrus,http://www.bl.uk/manuscripts/FullDisplay.aspx?ref=Papyrus_93...,,,,,,,,"  ἔτους ιθ Μάρκου 
Αὐρηλίου 
Ἀντωνίνου καὶ Πουβλίου 
Σεπτιμ[ίου] Γέτα Βρεταννι-
5κῶν Μεγίστων Εὐσεβῶν 
Σεβαστῶν Παχὼν λ. διέγρ(αψεν) 
Αὐρηλίῳ Ἀπιων(*) καὶ ὡς 
χρηματίζει νομάρχῃ Ἀρσι(νοΐτου) 
εἰς τὸν τ̣οῦ ἐνκυ̣κλ(ίου) λόγον 
10διὰ Ἀνουβίωνος τοῦ καὶ 
Σύρου βοηθοῦ Λογγεινία 
Σαραπία̣ς ἐ̣λ̣α̣ιων̣οπαραδ(είσου) 
ἐν ἑκτολ(ογουμένῃ(?))(*) τάξει (ἀρουρῶν) τριῶν 
[ἐωνημέν]ου διὰ τοῦ καταλ(ογείου) 
15[τῷ ἐνεσ]τῶτι ιθ (ἔτει) Τῦβι 
[περὶ κώ]μην Φιλαδελ(φίαν) παρὰ 
[  ̣  ̣  ̣  ̣  ̣  ̣] Ἀντωνίας τει-
[μῆς](*) [ἀργ(υρίου) δρ]αχ(μῶν) τριακοσίων 
[  ̣  ̣  ̣  ̣  ̣ ἐ]π̣ὶ̣ λ(όγου) τέλ(ος) ἄχρι συντειμή-
20[σεως](*) [  ̣  ̣] δραχ(μὰς) τεσαράκον-
[τα](*) [ὀβολ(ὸν) ⁦ -ca.?- ⁩] (γίνονται) (δραχμαὶ) μ    ̣  ̣  ","  ἔτους ιθ Μάρκου 
Αὐρηλίου 
Ἀντωνίνου καὶ Πουβλίου 
Σεπτιμίου Γέτα Βρεταννι-
5κῶν Μεγίστων Εὐσεβῶν 
Σεβαστῶν Παχὼν λ. διέγραψεν 
Αὐρηλίῳ Ἀπιων καὶ ὡς 
χρηματίζει νομάρχῃ Ἀρσινοΐτου 
εἰς τὸν τ̣οῦ ἐνκυ̣κλίου λόγον 
10διὰ Ἀνουβίωνος τοῦ καὶ 
Σύρου βοηθοῦ Λογγεινία 
Σαραπία̣ς ἐ̣λ̣α̣ιων̣οπαραδείσου 
ἐν ἑκτολογουμένῃ? τάξει ἀρουρῶν τριῶν 
ἐωνημένου διὰ τοῦ καταλογείου 
15τῷ ἐνεστῶτι ιθ ἔτει Τῦβι 
περὶ κώμην Φιλαδελφίαν παρὰ 
  ̣  ̣  ̣  ̣  ̣  ̣ Ἀντωνίας τει-
μῆς ἀργυρίου δραχμῶν τριακοσίων 
  ̣  ̣  ̣  ̣  ̣ ἐπ̣ὶ̣ λόγου τέλος ἄχρι συντειμή-
20σεως   ̣  ̣ δραχμὰς τεσαράκον-
τα ὀβολὸν ⁦ -ca.?- ⁩ γίνονται δραχμαὶ μ    ̣  ̣  ","36.622766,33.0250915",36.622766,33.0250915,33.55957137,8.707431571428572,1
82,,,© Heidelberger Gesamtverzeichnis der griechischen Papyrusurkunden Ägyptens. This work is licensed under a Creative Commons Attribution 3.0 License.,,,,,Philadelphia,,,,,,,Papyrus,,"P. Phil. Gr. 12 (Scherer, Jean; 1947) = SB 3 7191 (Bilabel, Friedrich; 1927) = Aegyptus 6 (1925), p. 330-332 (Henne, Henri; 1925)",Proposition de bail pour la location d’une palmeraie-olivette,,,,Papyrus,,http://ipap.csad.ox.ac.uk/4DLink4/4DACTION/IPAPwebquery?vPub...,mentioned people,Angebot; Pacht; Palmen; Oliven,,Duplikat: PSI I 33. Alternativdatierung: 173 - 174.,,,"Cairo, Egyptian Museum JdE 49345;",,,,,,"Egypt, 00a - Philadelpheia (Gharabet el-Gerza)[found & written]",,,,"AD 173 Aug 29 - 174 Aug 28? ((Marcus Aurelius?), year 14); or AD 150 Aug 29 - 151 Aug 29? ((Antoninus Pius?), year 14)",,,,,,,,,,mentioned places,,Greek,,,,,,Z. 5:149 - 150 (Jahr unsicher) Z. 5:172 - 173 (Jahr unsicher),"Kasios son of Taonnophris, local agent",,,,,,173 - 174 (?),SB III 7191,Angebot; Pacht; Palmen; Oliven,,Philadelphia (Arsinoites),,,,,,,,,,,© Heidelberger Gesamtverzeichnis der griechischen Papyrusurkunden Ägyptens. This work is licensed under a Creative Commons Attribution 3.0 License.,,,,,,,,Duplikat: PSI I 33. Alternativdatierung: 173 - 174.,,,Papyrus,,,,Z. 5:149 - 150 (Jahr unsicher) Z. 5:172 - 173 (Jahr unsicher),,,,Proposition de bail pour la location d’une palmeraie-olivette,Papyrus,http://ipap.csad.ox.ac.uk/4DLink4/4DACTION/IPAPwebquery?vPub...,,,,,,,,"  Λ[ουκίῳ Ἀ]ν[θε]στίῳ Γερ[μανῷ] ἐνάρχωι 
γ[υ]μν[α]σιά[ρχῳ τ]ῆς τῶν Ἀντινοέων πόλ(εως) 
παρὰ Κασ[ίου] ἀ[π]άτορος μ[η(τρὸς)] Ταοννώφρε-
ως. βούλ[ο]μ[αι] μισθώσασθαι παρὰ σ[οῦ] 
5τ[ο]ὺς ἐ[πι]κειμ[έ]ν[ο]υς τοῦ διελ[η]λυθότος ιγ̣ (ἔτους) 
ἐκπιπ̣τ̣ω[ντ]ων(*) εἰς τὸ ἐν[ε]στὸς ιδ (ἔτος) 
ἐλαϊκοὺς κ̣α̣ὶ̣ [φ]οινικικοὺς καρποὺς τοῦ 
ὑπάρχον[τό]ς σοι πε̣ρ̣ὶ κώ[μ]ην Φιλαδέλ-
φειαν ἐλ[αι]ω̣νοπαραδεί[σου] ἀρουρῶν 
10ἑπτὰ ἢ ὅ̣σων ἐὰν(*) ὦσ[ι Ἰου]λίου λ̣ε̣γ̣[ο]με-
νον(*), φόρο[υ] τοῦ παντὸς ἀρ[γυ]ρίου δρα-
χμῶν χει-
λίων(*) ἑπ[τακοσί]ων , καὶ 
[ἐξ]αιρέτων φ[οίν]ικ[ος] ξ̣[ηρ]ο̣ῦ̣ πατητοῦ 
μ̣ονοξύλου ἀρτάβην μ[ία]ν μέτ̣ρῳ 
15[φ]ο̣ινικηγῷ τῆς κώμη[ς κ]αὶ ἐλαιῶν 
[ἐ]γλεκ[τ]ῆ[ς μ]ελαίνης ἀ[ρ]τάβης ἥμι-
[σ]υ(*) μέτρῳ τ[ῷ α]ὐ̣τῷ κ[αὶ κ]αλαθίων 
[διχ]ο̣ι̣ν̣ι̣κ̣ί̣[ων] δέκα κ[αὶ κα]λλύνθρων 
τ̣εσσάρ[ων ,] ἀνυπ[ολόγων καὶ ἀ]κιν- ―
20δύνων, τ[ῶν] ἔργω[ν πάντ]ων ὄν-
των πρὸς σ[ὲ τὸν Ἀ]ν[θέστιο]ν Γερμα- ―
νόν, τῶν [δὲ ποτ]ισμῶν καὶ ὠχ[ί]ας(*) καὶ 
κατασπασ[μοῦ καὶ τ]ηρήτρω[ν] ὄντων πρὸς 
ἐμὲ τὸν μ[ισθ]ούμενον. ἔσχες δὲ ἀ[π]ὸ̣ 
25τῶν προκ(ειμένων) [τοῦ] φ[όρο]υ δρ[α]χμῶν χει-
λίων(*) ἑπτα[κοσί]ων ἐπὶ λόγου δραχμὰς 
ἕκατον , τὰς δὲ λοι(πὰς) δρ̣αχμὰς χειλίας(*)  
ἑξακοσίας ἀ[π]οδώσω ἅμα τῷ κατα̣σ̣π̣α̣σ̣-
μῷ, καὶ τὸν̣ [ἐ]λαιωνοπαρ[ά]δεισον πα̣ρα̣-
30δώσω ὠχ[ευ]μένον κ[α]ὶ κατασπα̣σ̣μ̣(*)(ένον) ἐ̣ὰν   ̣μσθ(  ) ","  Λουκίῳ Ἀνθεστίῳ Γερμανῷ ἐνάρχωι 
γυμνασιάρχῳ τῆς τῶν Ἀντινοέων πόλεως 
παρὰ Κασίου ἀπάτορος μητρὸς Ταοννώφρε-
ως. βούλομαι μισθώσασθαι παρὰ σοῦ 
5τοὺς ἐπικειμένους τοῦ διεληλυθότος ιγ̣ ἔτους 
ἐκπιπ̣τ̣ωντων εἰς τὸ ἐνεστὸς ιδ ἔτος 
ἐλαϊκοὺς κ̣α̣ὶ̣ φοινικικοὺς καρποὺς τοῦ 
ὑπάρχοντός σοι πε̣ρ̣ὶ κώμην Φιλαδέλ-
φειαν ἐλαιω̣νοπαραδείσου ἀρουρῶν 
10ἑπτὰ ἢ ὅ̣σων ἐὰν ὦσι Ἰουλίου λ̣ε̣γ̣ομε-
νον, φόρου τοῦ παντὸς ἀργυρίου δρα-
χμῶν χει-
λίων ἑπτακοσίων , καὶ 
ἐξαιρέτων φοίνικος ξ̣ηρο̣ῦ̣ πατητοῦ 
μ̣ονοξύλου ἀρτάβην μίαν μέτ̣ρῳ 
15φο̣ινικηγῷ τῆς κώμης καὶ ἐλαιῶν 
ἐγλεκτῆς μελαίνης ἀρτάβης ἥμι-
συ μέτρῳ τῷ αὐ̣τῷ καὶ καλαθίων 
διχο̣ι̣ν̣ι̣κ̣ί̣ων δέκα καὶ καλλύνθρων 
τ̣εσσάρων , ἀνυπολόγων καὶ ἀκιν- ―
20δύνων, τῶν ἔργων πάντων ὄν-
των πρὸς σὲ τὸν Ἀνθέστιον Γερμα- ―
νόν, τῶν δὲ ποτισμῶν καὶ ὠχίας καὶ 
κατασπασμοῦ καὶ τηρήτρων ὄντων πρὸς 
ἐμὲ τὸν μισθούμενον. ἔσχες δὲ ἀπὸ̣ 
25τῶν προκειμένων τοῦ φόρου δραχμῶν χει-
λίων ἑπτακοσίων ἐπὶ λόγου δραχμὰς 
ἕκατον , τὰς δὲ λοιπὰς δρ̣αχμὰς χειλίας  
ἑξακοσίας ἀποδώσω ἅμα τῷ κατα̣σ̣π̣α̣σ̣-
μῷ, καὶ τὸν̣ ἐλαιωνοπαράδεισον πα̣ρα̣-
30δώσω ὠχευμένον καὶ κατασπα̣σ̣μ̣ένον ἐ̣ὰν   ̣μσθ   ","36.622766,33.0250915",36.622766,33.0250915,33.55957137,8.707431571428572,1
97,,,© Heidelberger Gesamtverzeichnis der griechischen Papyrusurkunden Ägyptens. This work is licensed under a Creative Commons Attribution 3.0 License.,,,,,Philadelphia,,,,,,,Papyrus,,"PSI 1 33 (Lodi, Teresa; 1912) = Études de papyrologie 5 (1939), p. 49-50 (Hohlwein, N.; 1939)",Affitto di un uliveto,,,,Papyrus,,http://www.psi-online.it/documents/psi;1;33...,mentioned people,"Pacht (Hain, Oliven)",,"Duplikat: P.Phil. 12. Zur Datierung vgl. Aegyptus 7, 1926, S. 275 - 276. Alternativdatierung: 173 - 174 .",,,"Florence, Biblioteca Medicea Laurenziana 13751; . other inv.: Florence, Biblioteca Medicea Laurenziana PSI 33",,,,,,"Egypt, 00a - Philadelpheia (Gharabet el-Gerza)[found & written]",,,,"AD 173 Aug 29 - 174 Aug 28? ((Marcus Aurelius?), year 14; cf. Aegyptus 7 (1926), p. 275-276); or AD 150 Aug 29 - 151 Aug 29? ((Antoninus Pius?), year 14)",,,,,,,,,,mentioned places,,Greek,,,,,,Z. 6-7:149 - 150 Z. 6-7:172 - 173,"Kasios son of Taonnophris, local agent",,,,,,173 - 174 (?),PSI 1 33,"Pacht (Hain, Oliven)",,Philadelphia (Arsinoites),,,,,,,,,,,© Heidelberger Gesamtverzeichnis der griechischen Papyrusurkunden Ägyptens. This work is licensed under a Creative Commons Attribution 3.0 License.,,,,,,,,"Duplikat: P.Phil. 12. Zur Datierung vgl. Aegyptus 7, 1926, S. 275 - 276. Alternativdatierung: 173 - 174 .",,,Papyrus,,,,Z. 6-7:149 - 150 Z. 6-7:172 - 173,,,,Affitto di un uliveto,Papyrus,http://www.psi-online.it/documents/psi;1;33...,,,,,,,,"  Λο̣υ̣[κ]ί̣[ω]ι̣ Ἀν̣[θεστίωι] Γερμανῶι ἐνάρ[χωι] 
γυμνασιάρχω̣[ι] τ̣ῆ̣ς̣ τῶν Ἀντινοέων 
πόλεως 
παρὰ Κασίου ἀπ̣[άτο]ρος μητρὸς Ταοννώ-
5φρεως. βούλο[μαι μ]ισθώσασθαι παρὰ σοῦ 
τοὺ[ς] ἐπικειμέ[νους τ]οῦ διεληλυθότος 
ιγ (ἔτους) καὶ ἐκπιπτο̣[ν]τ̣ων(*) εἰς τὸ ἐνεστὸς 
τεσσαρασκαιδέ[κατον] ἔτος ἐλαι(*)κοὺς καὶ φοι-
νικι̣κ̣οὺς καρπ[οὺς τ]οῦ ὑπάρχοντός σοι 
10περὶ Φιλαδέλφεια[ν ἐλ]αιωνοπ[αρα]δείσου 
ἀρουρῶν ἑπτὰ [ἢ ὅσ]ων(*) ἐὰν ὦ̣σ̣ι Ἰουλί-
ο̣υ̣(*) [λεγο]μενον(*), φ[όρο]υ τοῦ παντὸς ἀργυρί-
ου δραχμῶν χε̣ι̣[λίω]ν(*) ἑπτακοσίων καὶ 
ἐξα[ιρέτ]ων φοί[νικ]ος ξηροῦ πατητοῦ μο-
15νοξ[ύλο]υ ἀρτάβ[ην μ]ί̣α̣ν μέτρ[ῳ] φοινικη-
γῷ τ̣[ῆ]ς̣ κώμης κ̣αὶ̣ ἐλαιῶν ἐγ̣λεκτῆς με-
λαίν̣[η]ς ἀρτάβης ἥμισυ μέτρῳ τῷ αὐτῷ 
καὶ καλαθίων̣ διχοινικίων δέκα καὶ καλ-
λύνθρων(*) τεσσάρω̣ν̣ ἀνυπολόγων καὶ 
20ἀκινδύνων, τῶν ἔργων πάντων ὄντων 
πρὸς σὲ τὸν Ἀνθέστιον Γερμονόν, τ[ῶν δ]ὲ ποτισ-
μῶν καὶ ὠχίας(*) καὶ κατασπασμοῦ καὶ τηρήτρων̣ 
ὄντων πρὸς ἐμὲ τὸν μισθούμενον. ἔσχες δὲ 
ἅπα[ντο]ς τοῦ \προκ(ειμένου)/ φόρ[ου δραχ]μ̣ῶν χειλίων(*) ἑπτα-
25[κοσίων ἐπὶ λόγου δραχμὰς ἐκα]τ̣ό̣ν̣ (*) τὰς δὲ λοιπ(ὰς) δραχμ[ὰς] 
[χιλίας ἐξακοσίας ](*) ἀποδώσω ἅμα τῷ κα-
[τασπασμῷ καὶ](*) [τὸν] ἐλαιωνοπαράδεισον 
[παραδώσω ὠχευμ]ένου καὶ κατασπασμ(  ). κυρ(ία) <ἡ> μί̣σθ(ωσις) (?)(*)  
[(hand 2) Κάσιος ὁ προκ(είμενος) μεμίσθ(?)]ωμαι(*) ἐπὶ τοῖς προκει-
30[μένοις ⁦ -ca.?- ⁩]ος ἔγραψα ὑπὲρ αὐτοῦ 
[γράμματα μὴ εἰδότος]. 
[(ἔτους) ιδ ⁦ -ca.?- ⁩ Κα]ίσαρος [τοῦ] κ̣υρίου(*)  
-- -- -- -- -- -- -- -- -- --  ","  Λο̣υ̣κί̣ωι̣ Ἀν̣θεστίωι Γερμανῶι ἐνάρχωι 
γυμνασιάρχω̣ι τ̣ῆ̣ς̣ τῶν Ἀντινοέων 
πόλεως 
παρὰ Κασίου ἀπ̣άτορος μητρὸς Ταοννώ-
5φρεως. βούλομαι μισθώσασθαι παρὰ σοῦ 
τοὺς ἐπικειμένους τοῦ διεληλυθότος 
ιγ ἔτους καὶ ἐκπιπτο̣ντ̣ων εἰς τὸ ἐνεστὸς 
τεσσαρασκαιδέκατον ἔτος ἐλαικοὺς καὶ φοι-
νικι̣κ̣οὺς καρποὺς τοῦ ὑπάρχοντός σοι 
10περὶ Φιλαδέλφειαν ἐλαιωνοπαραδείσου 
ἀρουρῶν ἑπτὰ ἢ ὅσων ἐὰν ὦ̣σ̣ι Ἰουλί-
ο̣υ̣ λεγομενον, φόρου τοῦ παντὸς ἀργυρί-
ου δραχμῶν χε̣ι̣λίων ἑπτακοσίων καὶ 
ἐξαιρέτων φοίνικος ξηροῦ πατητοῦ μο-
15νοξύλου ἀρτάβην μί̣α̣ν μέτρῳ φοινικη-
γῷ τ̣ῆς̣ κώμης κ̣αὶ̣ ἐλαιῶν ἐγ̣λεκτῆς με-
λαίν̣ης ἀρτάβης ἥμισυ μέτρῳ τῷ αὐτῷ 
καὶ καλαθίων̣ διχοινικίων δέκα καὶ καλ-
λύνθρων τεσσάρω̣ν̣ ἀνυπολόγων καὶ 
20ἀκινδύνων, τῶν ἔργων πάντων ὄντων 
πρὸς σὲ τὸν Ἀνθέστιον Γερμονόν, τῶν δὲ ποτισ-
μῶν καὶ ὠχίας καὶ κατασπασμοῦ καὶ τηρήτρων̣ 
ὄντων πρὸς ἐμὲ τὸν μισθούμενον. ἔσχες δὲ 
ἅπαντος τοῦ \προκειμένου/ φόρου δραχμ̣ῶν χειλίων ἑπτα-
25κοσίων ἐπὶ λόγου δραχμὰς ἐκατ̣ό̣ν̣  τὰς δὲ λοιπὰς δραχμὰς 
χιλίας ἐξακοσίας  ἀποδώσω ἅμα τῷ κα-
τασπασμῷ καὶ τὸν ἐλαιωνοπαράδεισον 
παραδώσω ὠχευμένου καὶ κατασπασμ  . κυρία ἡ μί̣σθωσις ?  
hand 2 Κάσιος ὁ προκείμενος μεμίσθ?ωμαι ἐπὶ τοῖς προκει-
30μένοις ⁦ -ca.?- ⁩ος ἔγραψα ὑπὲρ αὐτοῦ 
γράμματα μὴ εἰδότος. 
ἔτους ιδ ⁦ -ca.?- ⁩ Καίσαρος τοῦ κ̣υρίου  
-- -- -- -- -- -- -- -- -- --  ","36.622766,33.0250915",36.622766,33.0250915,33.55957137,8.707431571428572,1
99,,,© Heidelberger Gesamtverzeichnis der griechischen Papyrusurkunden Ägyptens. This work is licensed under a Creative Commons Attribution 3.0 License.,,,,,Philadelphia,,,,,,,Papyrus,,"PSI 4 330 (Gentilli, Guido; 1917)",Zoilos (?) ad Apollonios,,,,Papyrus,,http://www.psi-online.it/documents/psi;4;330...,mentioned people,Brief (amtlich); Zoilos (?) an Apollonios; Bitte um Anhörung; große Ungerechtigkeit,,Gehört zum Zenon - Archiv.,,,"Florence, Biblioteca Medicea Laurenziana 10683; . other inv.: Florence, Biblioteca Medicea Laurenziana PSI 330",,,,,,"Egypt, 00a - Philadelpheia (Gharabet el-Gerza)[found]; Egypt, 00 - Arsinoites (Fayum)[written]",,,,"BC 257 Apr 21 (P02, year 28, Dystros 18)",,,,,,,,,,,,Greek,,,,,,,Zenon son of Agreophon,,,,,,21. Apr. 257 v.Chr.,PSI 4 330,Brief (amtlich); Zoilos (?) an Apollonios; Bitte um Anhörung; große Ungerechtigkeit,,Philadelphia (Arsinoites),,,,,,,,,,,© Heidelberger Gesamtverzeichnis der griechischen Papyrusurkunden Ägyptens. This work is licensed under a Creative Commons Attribution 3.0 License.,,,,,,,,Gehört zum Zenon - Archiv.,,,Papyrus,,,,,,,,Zoilos (?) ad Apollonios,Papyrus,http://www.psi-online.it/documents/psi;4;330...,,,,,,,,"  Ζ̣ω̣  ̣  ̣  ̣ς Ἀπ[ολλω]νίωι χ̣α̣[ίρει]ν. [καλῶς ἂν ἔ]χ̣[οι, εἰ ἔ]ρρωσαι· ὑγιαίνομεν δὲ καὶ αὐτοί.
                              γίνωσκέ 
με οὐ μετ  ̣[- ca.24 -]ρ̣ος. ὤ[ι]μην οὖν σοὶ μὲ̣ν̣ γράφειν πρότερον ἢ ἀν-
τιτεῖναι, ἵνα μ[- ca.35 -]νειν̣. καλῶς οὖμ(*) ποιήσεις, 
ἐὰν καὶ σοὶ φαίνηται, [γ]ράψας μοι πα[ρ]αγενέσθαι πρός σε, ἵνα ἀποδῶ σοι λόγον περὶ
                              ἁ-
5πάντων ὡς ἕκαστα ἔχει· οὐ γὰρ [ἐδοκί]μασα ἄνευ σου τὴν ἐγδημίαν ποιήσασθαι. 
μὴ οὖν περιίδηις ἡμᾶς καταφθαρέντας, ἀλλʼ ἀντιλαβοῦ. σὺ μὲν γὰρ ἐφρόντισας 
τιμῆς ἡμᾶς μεταλαβεῖν, οὗτος δὲ τῆι μεγίστηι με ἀτιμίαι περιβέβληκεν. 
περὶ μὲν γὰρ διαφόρου οὐ διαλέγομαι ὅσον εἰσενήνοχα ἀδίκως μετὰ βίας παρανομηθείς. 
ἔρρωσο. (ἔτους) κη, Δύστρου ιη. ","  Ζ̣ω̣  ̣  ̣  ̣ς Ἀπολλωνίωι χ̣α̣ίρειν. καλῶς ἂν ἔχ̣οι, εἰ ἔρρωσαι· ὑγιαίνομεν δὲ καὶ αὐτοί.
                              γίνωσκέ 
με οὐ μετ  ̣- ca.24 -ρ̣ος. ὤιμην οὖν σοὶ μὲ̣ν̣ γράφειν πρότερον ἢ ἀν-
τιτεῖναι, ἵνα μ- ca.35 -νειν̣. καλῶς οὖμ ποιήσεις, 
ἐὰν καὶ σοὶ φαίνηται, γράψας μοι παραγενέσθαι πρός σε, ἵνα ἀποδῶ σοι λόγον περὶ
                              ἁ-
5πάντων ὡς ἕκαστα ἔχει· οὐ γὰρ ἐδοκίμασα ἄνευ σου τὴν ἐγδημίαν ποιήσασθαι. 
μὴ οὖν περιίδηις ἡμᾶς καταφθαρέντας, ἀλλʼ ἀντιλαβοῦ. σὺ μὲν γὰρ ἐφρόντισας 
τιμῆς ἡμᾶς μεταλαβεῖν, οὗτος δὲ τῆι μεγίστηι με ἀτιμίαι περιβέβληκεν. 
περὶ μὲν γὰρ διαφόρου οὐ διαλέγομαι ὅσον εἰσενήνοχα ἀδίκως μετὰ βίας παρανομηθείς. 
ἔρρωσο. ἔτους κη, Δύστρου ιη. ","36.622766,33.0250915",36.622766,33.0250915,33.55957137,8.707431571428572,1
100,,,© Heidelberger Gesamtverzeichnis der griechischen Papyrusurkunden Ägyptens. This work is licensed under a Creative Commons Attribution 3.0 License.,,,,,Philadelphia,,,,,,,Papyrus,,"PSI 5 509 (Gentilli, Guido; 1917) = Norsa, Scritture documentarie I p. 5-6 (Norsa, Medea; 1929)",Obbligazione per pagamento di tassa,"Orrieux, Les papyrus de Zenon (1983), S. 102-103",,,Papyrus,,http://www.psi-online.it/documents/psi;5;509...,mentioned people,Verpflichtung; Zahlung (Steuern),,Gehört zum Zenon - Archiv. Datierung nach dem Finanzjahr.,,,"Florence, Biblioteca Medicea Laurenziana 14448; . other inv.: Florence, Biblioteca Medicea Laurenziana PSI 509",,,,,,"Egypt, 00a - Philadelpheia (Gharabet el-Gerza)[found & written]",,,,"BC 256 Apr 25 (P02 (EP), year 30, Phamenoth 02; (F))",,,,,,,,,,mentioned places,,Greek,"Norsa, Scritture documentarie, Tav. IV (R)",,,,,,Zenon son of Agreophon,,,,"Norsa, Scritture documentarie, Tav. IV (R)",,25. Apr. 256 v.Chr.,PSI 5 509,Verpflichtung; Zahlung (Steuern),,Philadelphia (Arsinoites),"Orrieux, Les papyrus de Zenon (1983), S. 102-103",,,,,,,,,,© Heidelberger Gesamtverzeichnis der griechischen Papyrusurkunden Ägyptens. This work is licensed under a Creative Commons Attribution 3.0 License.,,,,,,,,Gehört zum Zenon - Archiv. Datierung nach dem Finanzjahr.,,,Papyrus,,,,,,,,Obbligazione per pagamento di tassa,Papyrus,http://www.psi-online.it/documents/psi;5;509...,,,,,,,,"  βασιλεύοντος Πτολεμαίου τοῦ Πτολεμαίου 
Σωτῆρος ἔτους τριακοστοῦ, ἐφʼ ἱερέως τοῦ ὄντος 
Ἀλεξάνδρου καὶ θεῶν ἀδελφῶν, κανηφόρου Ἀρσινόης 
[Φιλ]αδέλφου τῆς οὔσης, μηνὸς Φαμενὼθ β, 
5[ἐν] Κροκοδίλων πόλει τοῦ Ἀρσινοίτου. συνετάξατο 
Ἡγήσιππος Φίλωνος Ναυκρατίτης εἷς τῶν ἐξειληφότων 
τὸ ἐννόμιον τοῦ Ἀρσινοίτου πρὸς Πανακέστορα 
Ἀντιπάτρου Καλυνδέα, συμπαρόντος Ζωίλου 
[ο]ἰ̣κονόμου καὶ Διοτίμου ἀντιγραφέως, τοῦ φ̣[υλ]ακιτικοῦ 
10[τῶν ἐ]μ(*) Φιλαδελφείαι κτηνῶν εἰς τὸ τριακοστὸν ἔτος 
β̣[ο]ῶν ἐργατῶν πεντήκοντα ἀν(ὰ) (ὀβολὸν) α  𐅵 (δραχμὰς) δεκαδύο 
τριώβολον, καὶ ὑποζυγίων τριάκοντα ἀν(ὰ) [(ὀβολὸν) γ  𐅵] 
(γίνονται) (δραχμαὶ) δεκαεπτὰ τριώβολον, ἐφʼ ὧι διορθώσεται 
ἐπὶ τὴν βασιλικὴν τράπεζαν τὴν ἐν Κροκοδίλων πόλει 
15[ἕως] Μεσορεὶ τριακάδος τοῦ αὐτοῦ ἔτους. ἐὰν δὲ μὴ 
[κατα]βάληι, ἀποτεισάτω τὸ ταργύριον(*) ἡμιόλιον καὶ ἡ πρ[ᾶ-]
[ξις] ἔστω π[ρὸς] βασιλικ[ά]. 
[Πανακέστωρ Ἡγησίππωι](*) Φίλωνος ἐπικε-
[χώρηκα κατὰ](*) [τὴν σύν]ταξιν ταύτην 
20[⁦ -ca.?- ⁩] ","  βασιλεύοντος Πτολεμαίου τοῦ Πτολεμαίου 
Σωτῆρος ἔτους τριακοστοῦ, ἐφʼ ἱερέως τοῦ ὄντος 
Ἀλεξάνδρου καὶ θεῶν ἀδελφῶν, κανηφόρου Ἀρσινόης 
Φιλαδέλφου τῆς οὔσης, μηνὸς Φαμενὼθ β, 
5ἐν Κροκοδίλων πόλει τοῦ Ἀρσινοίτου. συνετάξατο 
Ἡγήσιππος Φίλωνος Ναυκρατίτης εἷς τῶν ἐξειληφότων 
τὸ ἐννόμιον τοῦ Ἀρσινοίτου πρὸς Πανακέστορα 
Ἀντιπάτρου Καλυνδέα, συμπαρόντος Ζωίλου 
οἰ̣κονόμου καὶ Διοτίμου ἀντιγραφέως, τοῦ φ̣υλακιτικοῦ 
10τῶν ἐμ Φιλαδελφείαι κτηνῶν εἰς τὸ τριακοστὸν ἔτος 
β̣οῶν ἐργατῶν πεντήκοντα ἀνὰ ὀβολὸν α  𐅵 δραχμὰς δεκαδύο 
τριώβολον, καὶ ὑποζυγίων τριάκοντα ἀνὰ ὀβολὸν γ  𐅵 
γίνονται δραχμαὶ δεκαεπτὰ τριώβολον, ἐφʼ ὧι διορθώσεται 
ἐπὶ τὴν βασιλικὴν τράπεζαν τὴν ἐν Κροκοδίλων πόλει 
15ἕως Μεσορεὶ τριακάδος τοῦ αὐτοῦ ἔτους. ἐὰν δὲ μὴ 
καταβάληι, ἀποτεισάτω τὸ ταργύριον ἡμιόλιον καὶ ἡ πρᾶ-
ξις ἔστω πρὸς βασιλικά. 
Πανακέστωρ Ἡγησίππωι Φίλωνος ἐπικε-
χώρηκα κατὰ τὴν σύνταξιν ταύτην 
20⁦ -ca.?- ⁩ ","36.622766,33.0250915",36.622766,33.0250915,33.55957137,8.707431571428572,1
101,,,© Heidelberger Gesamtverzeichnis der griechischen Papyrusurkunden Ägyptens. This work is licensed under a Creative Commons Attribution 3.0 License.,,,,,Philadelphia,,,,,,,Papyrus,,"PSI 5 531 (Gentilli, Guido; 1917) = Norsa, Scritture documentarie I p. 4 (Norsa, Medea; 1929)",I sacerdoti di Astarte in Memphis a Zenon,"Thompson, Memphis under the Ptolemies (1988), S. 90.; Orrieux, Les papyrus de Zenon (1983), S. 95",,,Papyrus,,http://www.psi-online.it/documents/psi;5;531...,mentioned people,Brief (privat); Priester (Astarte) an Zenon; Epistolograph an Zenon geschickt wegen ἔντευξις; Forderung nach Öl; Vergleich mit anderen Heiligtümern,,"Gehört zum Zenon - Archiv. Zu Z. 4-6 vgl. CE 80, 2005, S. 270-276.",,,"Florence, Biblioteca Medicea Laurenziana 14470; . other inv.: Florence, Biblioteca Medicea Laurenziana PSI 531",,,,,,"Egypt, 00a - Philadelpheia (Gharabet el-Gerza)[destination]; Egypt, 00a - Philadelpheia (Gharabet el-Gerza)[found]; Egypt, L01 - Memphis[written]",,,,BC 263 - 229 (P02 or P03),,,,,,,,,,mentioned places,,Greek,"Norsa, Scritture documentarie, Tav. II",,,,,,Zenon son of Agreophon,,,,"Norsa, Scritture documentarie, Tav. II",,Mitte III v.Chr.,PSI 5 531,Brief (privat); Priester (Astarte) an Zenon; Epistolograph an Zenon geschickt wegen ἔντευξις; Forderung nach Öl; Vergleich mit anderen Heiligtümern,,Philadelphia (Arsinoites),"Thompson, Memphis under the Ptolemies (1988), S. 90.; Orrieux, Les papyrus de Zenon (1983), S. 95",,,,,,,,,,© Heidelberger Gesamtverzeichnis der griechischen Papyrusurkunden Ägyptens. This work is licensed under a Creative Commons Attribution 3.0 License.,,,,,,,,"Gehört zum Zenon - Archiv. Zu Z. 4-6 vgl. CE 80, 2005, S. 270-276.",,,Papyrus,,,,,,,,I sacerdoti di Astarte in Memphis a Zenon,Papyrus,http://www.psi-online.it/documents/psi;5;531...,,,,,,,,"  Ζήνωνι χαίρειν οἱ ἱερεῖς Ἀστάρτ[ης τῆς τῶν ἐν Μέ]μ̣φ̣ει Φοινικαιγυπτίων. εὐχόμεθά
                              σοι 
παρὰ τῆι Ἀστάρτηι δοῦναι σοι ἐπ̣[αφροδισίαν πρὸ]ς̣ τ̣ὸν βασιλέα. Ἡρόστρατος ἀπέστειλεν 
πρός σε τὸν ἐπιστολαγράφον περὶ τοῦ̣ [- ca.9 - Ἀσ]τάρτης τοῦ δόντος σοι τὴν ἔν[τε]υξιν 
ἐν τῶι Σαραπιείωι, ἀξιῶν σε ἐπιμελ[ηθῆναι πε]ρὶ τῆς ἐντεύξεως. εἰ οὖν σοι δ[οκε]ῖ̣, 
5διδόσθω ἡμῖν ἔλαιον καὶ κῖκι {τιμῆς}   ̣  ̣[  ̣  ̣  ̣  ̣  ̣  ̣]τηι ὃν τρόπον δίδοται \τιμῆς/ ἔλαιον καὶ κῖκι 
εἰς τὰ ἱερὰ τῶν Καρῶν καὶ Ἑλληνομεμ̣φιτῶν τὰ ἐμ(*) Μέμφει. δίδοται γὰρ ἔλαιον καὶ κῖκι 
εἰς τὰ ἱερὰ τῶν Καρῶν καὶ Ἑλληνομ[εμ]φ̣[ιτῶ]ν̣ τ̣ι̣μῆς τὸν χαλμαιαν τοῦ ἐλαίου (δραχμῶν) β  (τριωβόλου), 
καὶ τοῦ κίκιος (δραχμῆς) α (ὀβολῶν) δ  𐅵. τὸ δὲ ἱερὸν τῆς Ἀστάρτης ἐστὶν ὅμοιον τῶν ἱερῶν τῶν Καρῶν 
καὶ Ἑλληνομεμφιτῶν· ὡς δὲ αὐτοῖς γίνεται, γενέσθω τῶι ἱερῶι ἡμῶν. 
10ε[ὐτύχ]ει. ","  Ζήνωνι χαίρειν οἱ ἱερεῖς Ἀστάρτης τῆς τῶν ἐν Μέμ̣φ̣ει Φοινικαιγυπτίων. εὐχόμεθά
                              σοι 
παρὰ τῆι Ἀστάρτηι δοῦναι σοι ἐπ̣αφροδισίαν πρὸς̣ τ̣ὸν βασιλέα. Ἡρόστρατος ἀπέστειλεν 
πρός σε τὸν ἐπιστολαγράφον περὶ τοῦ̣ - ca.9 - Ἀστάρτης τοῦ δόντος σοι τὴν ἔντευξιν 
ἐν τῶι Σαραπιείωι, ἀξιῶν σε ἐπιμεληθῆναι περὶ τῆς ἐντεύξεως. εἰ οὖν σοι δοκεῖ̣, 
5διδόσθω ἡμῖν ἔλαιον καὶ κῖκι {τιμῆς}   ̣  ̣  ̣  ̣  ̣  ̣  ̣  ̣τηι ὃν τρόπον δίδοται \τιμῆς/ ἔλαιον καὶ κῖκι 
εἰς τὰ ἱερὰ τῶν Καρῶν καὶ Ἑλληνομεμ̣φιτῶν τὰ ἐμ Μέμφει. δίδοται γὰρ ἔλαιον καὶ κῖκι 
εἰς τὰ ἱερὰ τῶν Καρῶν καὶ Ἑλληνομεμφ̣ιτῶν̣ τ̣ι̣μῆς τὸν χαλμαιαν τοῦ ἐλαίου δραχμῶν β  τριωβόλου, 
καὶ τοῦ κίκιος δραχμῆς α ὀβολῶν δ  𐅵. τὸ δὲ ἱερὸν τῆς Ἀστάρτης ἐστὶν ὅμοιον τῶν ἱερῶν τῶν Καρῶν 
καὶ Ἑλληνομεμφιτῶν· ὡς δὲ αὐτοῖς γίνεται, γενέσθω τῶι ἱερῶι ἡμῶν. 
10εὐτύχει. ","36.622766,33.0250915",36.622766,33.0250915,33.55957137,8.707431571428572,1
117,,,© Heidelberger Gesamtverzeichnis der griechischen Papyrusurkunden Ägyptens. This work is licensed under a Creative Commons Attribution 3.0 License.,,,,,Philadelphia,,,,,X 215,,Papyrus,,"SB 16 12810 (Rupprecht, Hans-Albert / Hengstl, Joachim; 1988) = P. Zaki Aly 14 a (Aly, Zaki / ; 1994) = Pap. Congr. XVII (Naples 1983) p. 799 (Aly, Zaki / ; 1984)",Geschäftsbrief an Zenon,,,,Papyrus,,,mentioned people,Brief (geschäftlich); Thrasymedes an Zenon; Einnahmen; Ausgaben; Rhizinus; Öl; Frachtkosten; Vollmacht; Berechtigungsschein; Abrechnung,,Gehört zum Zenon - Archiv.,,,"Cairo, Egyptian Museum JdE 51597",,,,,,"Egypt, 00a - Philadelpheia (Gharabet el-Gerza)[find place, place of writing & destination]",,,,"BC 252 Jun 22 - Jul 21 (P02, year 33, Pachons)",,,,,,,,,,,,Greek,"Kongr. XVII, S. 805; P.Zaki Aly, Plate XIV a und XIV b, S. 284",,,,,,Zenon son of Agreophon,,,,"Kongr. XVII, S. 805; P.Zaki Aly, Plate XIV a und XIV b, S. 284",,22. Juni - 21. Juli 252 v.Chr.,Leicht veränderter Nachdruck: P.Zaki Aly 14 a,Brief (geschäftlich); Thrasymedes an Zenon; Einnahmen; Ausgaben; Rhizinus; Öl; Frachtkosten; Vollmacht; Berechtigungsschein; Abrechnung,,Philadelphia (Arsinoites),,,,,,,,,,,© Heidelberger Gesamtverzeichnis der griechischen Papyrusurkunden Ägyptens. This work is licensed under a Creative Commons Attribution 3.0 License.,,X 215,,,,,,Gehört zum Zenon - Archiv.,,,Papyrus,,,,,,,,Geschäftsbrief an Zenon,Papyrus,,,,,,,,,"  [Θρασυμ]ήδης Ζήνωνι χαίρειν. τὸ ἀν[ήλωμα εἰς τὴν παρακομιδὴν ⁦ -ca.?- ⁩] 
[ἔλαβον] καὶ ἀπέδωκα Φιλίσκωι τ̣[⁦ -ca.?- ⁩] 
[ἤδη ᾐτή]σατο δὲ ἡμέρας ἕως ἦλθεν [ἵνα ⁦ -ca.?- ⁩] 
[προστάσσ]η̣ται ναῦλον κίκιος μετρη[τῶν ⁦ -ca.?- ⁩] 
5[πάντα δὲ] λῆμμα καὶ ἀνήλωμα ἕως [Μεχεὶ]ρ   ̣[⁦ -ca.?- ⁩] 
[ναῦλον ἐπὶ] τῶν ρ ἀρ(ταβῶν) (δραχμῶν) κε ὥσ[τ]ε οὐχὶ μικρόν σοι   ̣  ̣[⁦ -ca.?- ⁩] 
[οἱ ἐλθόν]τες ἐκ πόλεως φάσκουσιν τοὺς ἐπὶ τῶν συνβολῶν εἶ[ναι ⁦ -ca.?- ⁩] 
[καθότι] ἡ παρʼ Ἀπολλωνίου ἐντολή ἐστιν ὅτι οἱ παρʼ ἡμῶν τ[ιμῶσι ⁦ -ca.?- ⁩] 
[ὅσαπερ] ἔσται ὁ διδούς. οὐ γὰρ ἐπʼ ὀνό[μ]ατος διασαφῖ(*) τότε ναῦ[λον] 
10[τότε ἕτερο]ν. εἰσὶν δὲ (δραχμαὶ) τ τὸ τασσόμ[ε]ν̣[ο]ν ἐ̣ρῶ̣ οὖν οὐχὶ λυσιτελ[ὲς] 
[καὶ ἵνα το]ῦτο ἴδοις. ἔρρωσο. (ἔτους) λγ, Παχών. ","  Θρασυμήδης Ζήνωνι χαίρειν. τὸ ἀνήλωμα εἰς τὴν παρακομιδὴν ⁦ -ca.?- ⁩ 
ἔλαβον καὶ ἀπέδωκα Φιλίσκωι τ̣⁦ -ca.?- ⁩ 
ἤδη ᾐτήσατο δὲ ἡμέρας ἕως ἦλθεν ἵνα ⁦ -ca.?- ⁩ 
προστάσση̣ται ναῦλον κίκιος μετρητῶν ⁦ -ca.?- ⁩ 
5πάντα δὲ λῆμμα καὶ ἀνήλωμα ἕως Μεχεὶρ   ̣⁦ -ca.?- ⁩ 
ναῦλον ἐπὶ τῶν ρ ἀρταβῶν δραχμῶν κε ὥστε οὐχὶ μικρόν σοι   ̣  ̣⁦ -ca.?- ⁩ 
οἱ ἐλθόντες ἐκ πόλεως φάσκουσιν τοὺς ἐπὶ τῶν συνβολῶν εἶναι ⁦ -ca.?- ⁩ 
καθότι ἡ παρʼ Ἀπολλωνίου ἐντολή ἐστιν ὅτι οἱ παρʼ ἡμῶν τιμῶσι ⁦ -ca.?- ⁩ 
ὅσαπερ ἔσται ὁ διδούς. οὐ γὰρ ἐπʼ ὀνόματος διασαφῖ τότε ναῦλον 
10τότε ἕτερον. εἰσὶν δὲ δραχμαὶ τ τὸ τασσόμεν̣ον ἐ̣ρῶ̣ οὖν οὐχὶ λυσιτελὲς 
καὶ ἵνα τοῦτο ἴδοις. ἔρρωσο. ἔτους λγ, Παχών. ","36.622766,33.0250915",36.622766,33.0250915,33.55957137,8.707431571428572,1
