Unnamed: 0,Condition (HGV),Author (HGV),License (HGV),Culture (HGV),Script Type (HGV),Previous Edition (HGV),Preservation (HGV),Origin (HGV),Catalog(s) (HGV),Work (HGV),Summary (HGV),Recto/Verso (HGV),Post-Concordance BL Entries (HGV),Genre (HGV),Material (HGV),Support Dimensions (HGV),Publications (HGV),Title (HGV),Translations (HGV),Support Material (HGV),Note (general) (HGV),Support/Dimensions (HGV),Reuse Type (HGV),Images (HGV),People (HGV),Subjects (HGV),Hands (HGV),Commentary (HGV),General Notes (HGV),Place Stored (Ancient) (HGV),Inv. no. (HGV),Principal Edition (HGV),Lines (HGV),Citations (HGV),Availability (HGV),palaeo (HGV),Provenance (HGV),Religion (HGV),catalogue (HGV),Partial Edition (HGV),Date (HGV),translation (HGV),study (HGV),Reference Edition (HGV),Fragments (HGV),reference (HGV),Associated Names (HGV),Works (HGV),Inv. Id (HGV),Form and Layout (HGV),Places (HGV),illustration (HGV),Language (HGV),Print Illustrations (HGV),Note (local/note) (HGV),Note (related) (HGV),Content (HGV),Readings (HGV),Mentioned Dates (HGV),Archive (HGV),Fragments (Tris),General Notes (Tris),Genre (Tris),Print Illustrations (Tris),Reuse Type (Tris),Date (Tris),Publications (Tris),Subjects (Tris),illustration (Tris),Origin (Tris),Translations (Tris),Reference Edition (Tris),Partial Edition (Tris),Support Dimensions (Tris),Provenance (Tris),Availability (Tris),Work (Tris),Content (Tris),Form and Layout (Tris),catalogue (Tris),License (Tris),Previous Edition (Tris),Post-Concordance BL Entries (Tris),Support Material (Tris),Principal Edition (Tris),Citations (Tris),People (Tris),translation (Tris),Commentary (Tris),Inv. Id (Tris),Place Stored (Ancient) (Tris),Support/Dimensions (Tris),Script Type (Tris),Culture (Tris),Catalog(s) (Tris),Mentioned Dates (Tris),study (Tris),palaeo (Tris),Readings (Tris),Title (Tris),Material (Tris),Images (Tris),Religion (Tris),Works (Tris),Language (Tris),Inv. no. (Tris),Places (Tris),Archive (Tris),reference (Tris),text,cleanText,Coordinates,Latitude,Longitude,relLat,relLong,Cluster
90,,Menches,This work is licensed under a Creative Commons Attribution-NonCommercial 3.0 License.,,,,Papyrus much damaged,Kerkeosiris?,,,Fragmentary lines from a list of names.,Recto: P.Tebt.38 (Official letter from Menches to Horos),VIII 489; IX 354; XI 270f.,,Papyri,,"P. Tebt. 1 38 (Grenfell, Bernard P. / Hunt, Arthur S. / Smyly, J. Gilbart; 1902) = Chrest. Wilck. 303 (Wilcken, Ulrich / / ; 1912)",List of names,"Lewis, Greeks in Ptolemaic Egypt (1986), S. 119",,Menches archive,1 papyrus ; 24 x 30.8 cm.,,https://dpg.lib.berkeley.edu/webdb/apis/apis2?apisid=404&ite...,mentioned people,"Names, Personal; Lists, Ptolemaic Period",Regular cursive,,,,"Berkeley, Bancroft Library Crocodile 20.2",,"11+ lines, on verso across the fibers.",,,,"Egypt, 00d - Krokodilopolis (Medinet el-Fayum)[destination]; Egypt, 00c - Tebtynis (Umm el-Baragat)[found]; Egypt, 00c - Kerkeosiris[written]",,,,ca. 113 B.C.,,,,,,Horos; Apollodoros,,P.Tebt.0038 Verso,,mentioned places,,Greek,,"Bancroft Library, Univ. of Calif., Berkeley","Petitions from the same oil-seller are P.Tebt.39, P.Tebt.157, and P.Tebt.1094.",,,Z. 10 - 27:28. Febr. - 2. März 113 v.Chr. Z. 13:28. Febr. 113 v.Chr. Z. 4:28. Febr. 113 v.Chr.,Village scribes of Kerkeosiris (Menches),,,,,,2. März 113 v.Chr.,W.Chr. 303,Brief; Menches an Horos; Aufgreifen eines Schmugglers (Öl) und Eingabe des geschädigten Apollodoros,,Kerkeosiris (Arsinoites),"Lewis, Greeks in Ptolemaic Egypt (1986), S. 119",,,,,,,,,,© Heidelberger Gesamtverzeichnis der griechischen Papyrusurkunden Ägyptens. This work is licensed under a Creative Commons Attribution 3.0 License.,,VIII 489; IX 354; XI 270f.,,,,,,,,,Papyrus,,,,Z. 10 - 27:28. Febr. - 2. März 113 v.Chr. Z. 13:28. Febr. 113 v.Chr. Z. 4:28. Febr. 113 v.Chr.,,,,Report of the Komogrammateus on a Petition,Papyrus,https://dpg.lib.berkeley.edu/webdb/apis/apis2?apisid=404&ite...,,,,,,,,"  Μεγχῆς κωμογραμ[μ]ατεὺς [Κε]ρ[κεοσί]ρ[ε]ως τῆς Πολέμων[ος μερίδος Ὥρωι - ca.10 - χαίρειν.] 
ἐν τῶι ἐν Πτολεμαίδι Εὐεργέτιδι συνεσταμένωι [- ca.30 - τῆς] 
κατὰ φύλλον γεωμετρίας προσέπεσέν μοι περὶ το̣[ῦ Ἀπολλόδωρον τὸν ἐν τῆι κώμηι ἐλαιο-]
πώλην εὑρηκέναι τῆι ια τοῦ ὑ[πο]κ[ει]μένου μ[ηνὸς Θρᾶικά τινα παραπωλήσαντα ἔλαιον] 
5ἐν ὧι καταγίνετα[ι] Πετεσοῦχος σκυτεὺς οἴκ[ωι - ca.35 -] 
καὶ τοῦτον παραδόντες Ἀπολλωνίωι τῶι διεξ[άγοντι τὰ κατὰ τὴν ἐπιστατεία]ν̣ τῆς α̣ὐ̣τ̣[ῆ]ς̣ 
σὺν τῶι ἐπιτίμωι καταστῆναι ἐφʼ οὓς καθήκε[ι περὶ ὧν ἐπιδέδωκέν μοι ὁ] Ἀπολλόδωρος 
τὴν ὑποκειμένην προσαγγελίαν καλῶς ἔχ[ειν ὑπελάβομεν προσανενέγ]και. 
—— 
[ἔρρωσο. (ἔτους)] δ Μεχεὶρ ιδ. 
10παρʼ Ἀπολλοδώρου τοῦ ἐξειληφότος τὴν διάθεσι[ν καὶ τὸ τ]έλος τοῦ ἐλαίου 
τ̣ῆ̣ς̣ α̣ὐτῆς εἰς τὸ δ (ἔτος). τῆς ἐγλήμψεως εἰς τέλος καταλελ[ειμμέν]ης χάριν τῶν 
παρεισφερόντων εἰς τὴν κώμην καὶ παραπωλούντων Κολ[πιτ]ικὸν ἔλαιον καὶ κίκι, ὅθεν 
τῆι ια τοῦ Μεχεὶρ προσαγγελέντες(*) μοι Θρᾶικά τινα οὗ τον(*) [ὄνο]μα ἀγνοῶι(*) τῶν ἐκ Κερκε-
σήφεως παρεισενηνοχότα ἔλαιον εἰς ὃν ἐνοικεῖ Πετεσο[ῦχος σ]κυτεὺς οἶκον καὶ παρα-
15πωλεῖν Θαήσει τῆι καταγινομένηι ἐν τῆι αὐτῆι οἰκίαι [καὶ   ̣  ̣  ̣  ̣  ̣  ̣  ̣]ι̣ωι χηνοβοσκῶι 
καὶ τῆι τούτου θυγατρὶ τῶν ἐκ τῆς αὐτῆς κώμης, εὐθέως π̣[αραλαβὼν τὸ]ν̣ ἐπιστάτην
                              καὶ τὸν 
παρὰ τοῦ ἀρχιφυλακίτου χάριν τοῦ καὶ σὲ μὴ παρεῖναι ἐπὶ τῶ[ν τόπων](*) [ἐ]πὶ τὸν σημαινό-
μενον τοῦ σκυτέως οἶκον κατέλαβον τὸν Θρᾶικα ἔνδον ὄντα, τὸ δ̣ʼ [ἐπίτ]ιμον ἐκτετο-
πισμ[έ]ν̣ο[ν, ἔρ]ευναν δὲ τούτου σὺν αὐτοῖς ποιησάμενος εὗρον ἐν ε[  ̣  ̣  ̣  ̣]ωι ο̣ν  ̣  ̣  ̣  ̣  
20αὐτῆι [- ca.9 -]  ̣κ̣ινημένηι ἐλαίου ωσι̣[- ca.10 -]  ̣ι κ[α]ὶ̣ συμμ̣[  ̣  ̣  ̣]ριαν δ̣η  ̣  ̣  ̣  ̣  
καὶ ἄλλην [- ca.37 -]  ̣[  ̣]ο̣λ̣  ̣  ̣[  ̣  ̣  ̣  ̣  ̣]  ̣  ̣  ̣  ̣ τ̣[ὸ]ν̣ 
Θρᾶικα παρε[- ca.30 - τοῦ σκυ]τέως κασῆ̣ι καὶ μηλωταῖς 
[- ca.44 - ε]ἰς φυγὴν ὡρμηκέναι, τὸ δὲ 
[ἐ]πίτιμον [- ca.34 - ὁ προ]γ̣εγ̣ρ̣α̣μ̣μ̣ένος Θρᾶιξ οὐ δια 
25[  ̣  ̣  ̣]ν̣ει[- ca.27 - ὥστʼ ἂν ἐπιγεγονένα]ι μοι βλάβος εἰς χα(λκοῦ) (τάλαντα) ιε. 
διὸ ἐπιδίδω[μι σοι ὅπως περὶ ὑπογραφὴν ποιήσηι] προσυποτάξαντα 
ἀντίγραφον [οἷς καθήκει ⁦ -ca.?- ⁩] 
εὐτύχει. ","  Μεγχῆς κωμογραμματεὺς Κερκεοσίρεως τῆς Πολέμωνος μερίδος Ὥρωι - ca.10 - χαίρειν. 
ἐν τῶι ἐν Πτολεμαίδι Εὐεργέτιδι συνεσταμένωι - ca.30 - τῆς 
κατὰ φύλλον γεωμετρίας προσέπεσέν μοι περὶ το̣ῦ Ἀπολλόδωρον τὸν ἐν τῆι κώμηι ἐλαιο-
πώλην εὑρηκέναι τῆι ια τοῦ ὑποκειμένου μηνὸς Θρᾶικά τινα παραπωλήσαντα ἔλαιον 
5ἐν ὧι καταγίνεται Πετεσοῦχος σκυτεὺς οἴκωι - ca.35 - 
καὶ τοῦτον παραδόντες Ἀπολλωνίωι τῶι διεξάγοντι τὰ κατὰ τὴν ἐπιστατείαν̣ τῆς α̣ὐ̣τ̣ῆς̣ 
σὺν τῶι ἐπιτίμωι καταστῆναι ἐφʼ οὓς καθήκει περὶ ὧν ἐπιδέδωκέν μοι ὁ Ἀπολλόδωρος 
τὴν ὑποκειμένην προσαγγελίαν καλῶς ἔχειν ὑπελάβομεν προσανενέγκαι. 
—— 
ἔρρωσο. ἔτους δ Μεχεὶρ ιδ. 
10παρʼ Ἀπολλοδώρου τοῦ ἐξειληφότος τὴν διάθεσιν καὶ τὸ τέλος τοῦ ἐλαίου 
τ̣ῆ̣ς̣ α̣ὐτῆς εἰς τὸ δ ἔτος. τῆς ἐγλήμψεως εἰς τέλος καταλελειμμένης χάριν τῶν 
παρεισφερόντων εἰς τὴν κώμην καὶ παραπωλούντων Κολπιτικὸν ἔλαιον καὶ κίκι, ὅθεν 
τῆι ια τοῦ Μεχεὶρ προσαγγελέντες μοι Θρᾶικά τινα οὗ τον ὄνομα ἀγνοῶι τῶν ἐκ Κερκε-
σήφεως παρεισενηνοχότα ἔλαιον εἰς ὃν ἐνοικεῖ Πετεσοῦχος σκυτεὺς οἶκον καὶ παρα-
15πωλεῖν Θαήσει τῆι καταγινομένηι ἐν τῆι αὐτῆι οἰκίαι καὶ   ̣  ̣  ̣  ̣  ̣  ̣  ̣ι̣ωι χηνοβοσκῶι 
καὶ τῆι τούτου θυγατρὶ τῶν ἐκ τῆς αὐτῆς κώμης, εὐθέως π̣αραλαβὼν τὸν̣ ἐπιστάτην
                              καὶ τὸν 
παρὰ τοῦ ἀρχιφυλακίτου χάριν τοῦ καὶ σὲ μὴ παρεῖναι ἐπὶ τῶν τόπων ἐπὶ τὸν σημαινό-
μενον τοῦ σκυτέως οἶκον κατέλαβον τὸν Θρᾶικα ἔνδον ὄντα, τὸ δ̣ʼ ἐπίτιμον ἐκτετο-
πισμέν̣ον, ἔρευναν δὲ τούτου σὺν αὐτοῖς ποιησάμενος εὗρον ἐν ε  ̣  ̣  ̣  ̣ωι ο̣ν  ̣  ̣  ̣  ̣  
20αὐτῆι - ca.9 -  ̣κ̣ινημένηι ἐλαίου ωσι̣- ca.10 -  ̣ι καὶ̣ συμμ̣  ̣  ̣  ̣ριαν δ̣η  ̣  ̣  ̣  ̣  
καὶ ἄλλην - ca.37 -  ̣  ̣ο̣λ̣  ̣  ̣  ̣  ̣  ̣  ̣  ̣  ̣  ̣  ̣  ̣ τ̣ὸν̣ 
Θρᾶικα παρε- ca.30 - τοῦ σκυτέως κασῆ̣ι καὶ μηλωταῖς 
- ca.44 - εἰς φυγὴν ὡρμηκέναι, τὸ δὲ 
ἐπίτιμον - ca.34 - ὁ προγ̣εγ̣ρ̣α̣μ̣μ̣ένος Θρᾶιξ οὐ δια 
25  ̣  ̣  ̣ν̣ει- ca.27 - ὥστʼ ἂν ἐπιγεγονέναι μοι βλάβος εἰς χαλκοῦ τάλαντα ιε. 
διὸ ἐπιδίδωμι σοι ὅπως περὶ ὑπογραφὴν ποιήσηι προσυποτάξαντα 
ἀντίγραφον οἷς καθήκει ⁦ -ca.?- ⁩ 
εὐτύχει. ","29.13416,30.693397",29.13416,30.693397,31.74084966,15.66113714285714,19
91,,"Maron, Son of Dionysios",This work is licensed under a Creative Commons Attribution-NonCommercial 3.0 License.,,,,Inside label is upside down,Kerkeosiris,,,"Maron has leased his plot of cleruchic land to Ptolemaios, son of Apollonios, for three years.","On verso, across the fibers: Names of contracting parties and witnesses with seals",,,Papyri,,"P. Tebt. 1 106 (Grenfell, Bernard P. / Hunt, Arthur S. / Smyly, J. Gilbart; 1902) = Chrest. Mitt. 134 (Mitteis, Ludwig / / ; 1912)",Lease of land,,,Muhs & Hoogendijk,1 papyrus ; 19.8 x 21.8 cm.,,https://dpg.lib.berkeley.edu/webdb/apis/apis2?apisid=7&item=...,mentioned people,"Cleruchic land; Land titles registration and transfer; Ptolemais Euergetis; Alexandria; Arsinoites nomos; Kerkeosiris; Polemonos meris; Contracts, Ptolemaic period","Two hands: 1) Abstract of contract (lines 1-2), 2) Body of contract, small regular cursive",,,,"Berkeley, Bancroft Library Crocodile 24.4",,"33 lines, on recto along the fibers.",P.Tebt.:1:106,,,"Egypt, 00c - Tebtynis (Umm el-Baragat)[found]; Egypt, 00c - Kerkeosiris[written]",,,,30 Oct. 101 B.C.,,,,,,"Ptolemaios alias Petesouchos, son of Apollonios",,P.Tebt.0106,,mentioned places,,Greek,,"Bancroft Library, Univ. of Calif., Berkeley",Other leases regarding the same plot are P.Tebt.105 and 158,,,Z. 14 - 15:101 - 100 v.Chr.,Maron son of Dionysios,,,,,,30. Okt. 101 v.Chr.,M.Chr. 134,Vertrag; Pacht; Land; Verpachtung desselben Landstückes wie in P.Tebt. I 105 durch den Besitzer an den ersten Pächter,,Ptolemais Euergetis (Arsinoites),,,,,,,,,,,© Heidelberger Gesamtverzeichnis der griechischen Papyrusurkunden Ägyptens. This work is licensed under a Creative Commons Attribution 3.0 License.,,,,,,,,,,,Papyrus,,,,Z. 14 - 15:101 - 100 v.Chr.,,,,Lease of Land,Papyrus,https://dpg.lib.berkeley.edu/webdb/apis/apis2?apisid=7&item=...,,,,,,,,"  (ἔτους) ιδ Φαῶφι ιδ ἐν Πτ̣[ο(λεμαίδι)] Εὐ(εργέτιδι). ἐμίσ(θωσε) Μ[άρων Διονυ(σίου)] Πτολεμαίωι Ἀπο(λλωνίου)
                              Πέ(ρσηι) τ(ῆς) ἐπ(ιγονῆς) 
τὸν ἑαυ(τοῦ) ἐν τρι(σὶ) σφ(ρ)α(γῖσι) εἰς (ἔτη) γ [- ca.12 -]   ̣εν̣υ̣(  ) δώ(σει) χα(λκοῦ) (τάλαντον) α ἀνα(πόδοτον). 
(hand 2) βασιλευόντων Πτο[λ]εμαίου τοῦ καὶ Ἀλεξάνδρου θεοῦ Φι[λομ]ήτορος καὶ βασιλίσσης
                              Βερενίκης 
θεαν(*) Φιλάδελφον(*) ἔτους τεσσαρεσκαιδεκάτου ἐφʼ ἱερέως Ἀλεξάνδρου καὶ τῶν ἄλλων 
5τῶν γραφομένων ἐν Ἀλεξανδρείᾳ μηνὸς Ἀπελλαίου Φαῶφι 
ἐν Πτολεμαίδι Εὐεργέ(τιδι) τοῦ Ἀρσινοίτου νομοῦ. ἐμίσθωσεν Μάρων Διονυσίου 
Μακεδὼν τῶν κατοίκων ἱππέων Πτ[ολ]εμαίωι τῶι καὶ Πετεσούχωι Ἀπολλωνίου 
Περσης(*) τῆς ἐπιγονῆς τὸν [ἑ]αυτοῦ κλῆρ[ο]ν τὸν ὄντα ἐν τρις(*) σφραγῖσι περὶ Κερκευσῖ-
ριν τῆς Πολέμωνος μερίδος, [ὧ]ν γείτονες τῆς πρώτη[ς σ]φραγῖδος νότου Μεστασύτμ̣ι̣ο̣ς̣ 
10βασιλικὴ γηι(*) ἀνὰ μέσον ὄντος [γύ]ου βορρᾶ Ἀπολλωνίου κ[λῆ]ρ[ο]ς λιβὸς καὶ ἀπηλιώτου 
[διῶρυξ, τῆ]ς δὲ δευτέρας νό[του ]βασιλικηι(*) γηι̣(*) ἀνὰ μέσον ὄντος ὑδραγ[ω]γοῦ βορρᾶ Ἀπολλωνίου 
[κλῆρος λιβὸς - ca.12 - ἀπ]ηλιώτου διῶρυξ ἀνὰ μέσον οὐσῶν νομῶν, τῆς δὲ τρίτης 
[νότου - ca.17 - βο]ρρᾶ Πολέμωνος νεωτέρου κλῆρος λιβὸς γύης ἀπηλιώτου 
[- ca.21 - κλῆ]ρ̣ο̣ς̣. ἡ μίσθωσις ἥδε εἰς ἔτηι(*) τρία ἀπὸ τοῦ ἐνεστος(*)  
15[ιδ ἔτους ἐκφορίου τοῦ παντὸς] κατʼ ἔτος ἕκαστον ἀποτάκτου πυροῦ ἀρταβῶν ὀγδοή-
[κοντα   ̣  ̣  ̣  ̣  ̣  ̣ ἄνευ σπέρματος] ἀκινδυνον(*) παντὸς κινδύνου καὶ ἀνυπολογον(*)  
[πάσης φθορᾶς πλὴν τῆς ἐμβρό]χ̣ου̣ καὶ̣ ἀβρόχου ἥτις ἂν γένηται ἐν τῇ γῇ ταύτηι 
[ἕως Ἁθὺρ τριακάδος, τῆς](*) δ̣ὲ γενομ̣έ̣ν̣η̣ς̣ ὑπόλογος ἔστ̣ωι(*) Μάρωνι ἐκ τῶν ἐκφορίων 
[κατὰ λόγον τῆς ἀβροχία]ς(*) ἕκαστον ἐὰν δὲ ἡ ἐπάνωι(*) ἢ ἡ̣ ὑποκάτωι(*) γηι(*) βρεχῆι(*)  
20[- ca.17 -]  ̣  ̣ρ  ̣  ̣ν̣ετα̣ι τὰ ἐκφόρια ἐκ πλήρους. τὰ δʼ ἔργα πάντα τῆς γῆς 
[καὶ τοὺς καθή]κοντας χωματισμοὺς καὶ ποτεισμοὺς ἐπιτελείτωι(*) Πτολεμαῖος κα-
[τʼ ἔτος καὶ ἀναπ]αυσάτωι(*) κατʼ ἔτος τὸ τρίτον μέρος τῆς γῆς χόρτωι ἢ ἀράκωι ἢ τήλει 
[καὶ μὴ ἐξέσ]τωι(*) αὐτῶι ἐγ̣λιπεῖν τὴν μίσθωσιν πρὸ τοῦ χρόνου, δότωι(*) δʼ αὐτῶι 
[Μάρων ἐν τ]ῶι πεντεκαιδεκάτῳ ἔτει εἰς τὰ ἔργα τῆς γῆς ἀναπόδοτον χαλκοῦ 
25[τάλαντον ἕν] . καὶ τοῦ χρόνου διελθόντος παραδειξάτωι(*) ἃ καὶ παρείληφεν καθαρὰ 
[ἀπὸ θρύου καλάμο]υ ἀγρώστεως τῆς {α} ἄλλης δείσης, τά τε κατʼ ἔτος ἐκφόρια ἀποδότωι(*)  
[Πτολεμαῖος Μάρωνι   ̣  ̣  ̣  ̣  ̣ ἐν μηνὶ Π]αῦνι ἐν τῇ σημαινομένηι κώμῃ οὗ ἂν Μάρων 
[συντάσσηι - ca.15 -]νπο̣ι̣ο̣υ̣ν̣ κα̣ὶ̣ λ̣ό̣γ̣ον μέτρωι τῶι πρὸς τὸ ἐν̣ τῷ δρόμῳ 
[τοῦ ἐν αὐτῆι Σουχιείου. ἐὰν δὲ μὴ ἀποδῶι(*) ἢ ἄλλο τι παρα]συγγραφῇ ἀποτεισά-
30[τω Πτολεμαῖος Μάρωνι ⁦ -ca.?- ⁩] μ̣έρος τῆς γῆς 
[⁦ -ca.?- ⁩]ς καὶ τῶν ἐκφορί-
[ων ⁦ -ca.?- ⁩]ν τιμὴν 
[⁦ -ca.?- ⁩]ς̣ εἴκοσι καὶ 
-- -- -- -- -- -- -- -- -- --  ","  ἔτους ιδ Φαῶφι ιδ ἐν Πτ̣ολεμαίδι Εὐεργέτιδι. ἐμίσθωσε Μάρων Διονυσίου Πτολεμαίωι Ἀπολλωνίου
                              Πέρσηι τῆς ἐπιγονῆς 
τὸν ἑαυτοῦ ἐν τρισὶ σφραγῖσι εἰς ἔτη γ - ca.12 -   ̣εν̣υ̣   δώσει χαλκοῦ τάλαντον α ἀναπόδοτον. 
hand 2 βασιλευόντων Πτολεμαίου τοῦ καὶ Ἀλεξάνδρου θεοῦ Φιλομήτορος καὶ βασιλίσσης
                              Βερενίκης 
θεαν Φιλάδελφον ἔτους τεσσαρεσκαιδεκάτου ἐφʼ ἱερέως Ἀλεξάνδρου καὶ τῶν ἄλλων 
5τῶν γραφομένων ἐν Ἀλεξανδρείᾳ μηνὸς Ἀπελλαίου Φαῶφι 
ἐν Πτολεμαίδι Εὐεργέτιδι τοῦ Ἀρσινοίτου νομοῦ. ἐμίσθωσεν Μάρων Διονυσίου 
Μακεδὼν τῶν κατοίκων ἱππέων Πτολεμαίωι τῶι καὶ Πετεσούχωι Ἀπολλωνίου 
Περσης τῆς ἐπιγονῆς τὸν ἑαυτοῦ κλῆρον τὸν ὄντα ἐν τρις σφραγῖσι περὶ Κερκευσῖ-
ριν τῆς Πολέμωνος μερίδος, ὧν γείτονες τῆς πρώτης σφραγῖδος νότου Μεστασύτμ̣ι̣ο̣ς̣ 
10βασιλικὴ γηι ἀνὰ μέσον ὄντος γύου βορρᾶ Ἀπολλωνίου κλῆρος λιβὸς καὶ ἀπηλιώτου 
διῶρυξ, τῆς δὲ δευτέρας νότου βασιλικηι γηι̣ ἀνὰ μέσον ὄντος ὑδραγωγοῦ βορρᾶ Ἀπολλωνίου 
κλῆρος λιβὸς - ca.12 - ἀπηλιώτου διῶρυξ ἀνὰ μέσον οὐσῶν νομῶν, τῆς δὲ τρίτης 
νότου - ca.17 - βορρᾶ Πολέμωνος νεωτέρου κλῆρος λιβὸς γύης ἀπηλιώτου 
- ca.21 - κλῆρ̣ο̣ς̣. ἡ μίσθωσις ἥδε εἰς ἔτηι τρία ἀπὸ τοῦ ἐνεστος  
15ιδ ἔτους ἐκφορίου τοῦ παντὸς κατʼ ἔτος ἕκαστον ἀποτάκτου πυροῦ ἀρταβῶν ὀγδοή-
κοντα   ̣  ̣  ̣  ̣  ̣  ̣ ἄνευ σπέρματος ἀκινδυνον παντὸς κινδύνου καὶ ἀνυπολογον  
πάσης φθορᾶς πλὴν τῆς ἐμβρόχ̣ου̣ καὶ̣ ἀβρόχου ἥτις ἂν γένηται ἐν τῇ γῇ ταύτηι 
ἕως Ἁθὺρ τριακάδος, τῆς δ̣ὲ γενομ̣έ̣ν̣η̣ς̣ ὑπόλογος ἔστ̣ωι Μάρωνι ἐκ τῶν ἐκφορίων 
κατὰ λόγον τῆς ἀβροχίας ἕκαστον ἐὰν δὲ ἡ ἐπάνωι ἢ ἡ̣ ὑποκάτωι γηι βρεχῆι  
20- ca.17 -  ̣  ̣ρ  ̣  ̣ν̣ετα̣ι τὰ ἐκφόρια ἐκ πλήρους. τὰ δʼ ἔργα πάντα τῆς γῆς 
καὶ τοὺς καθήκοντας χωματισμοὺς καὶ ποτεισμοὺς ἐπιτελείτωι Πτολεμαῖος κα-
τʼ ἔτος καὶ ἀναπαυσάτωι κατʼ ἔτος τὸ τρίτον μέρος τῆς γῆς χόρτωι ἢ ἀράκωι ἢ τήλει 
καὶ μὴ ἐξέστωι αὐτῶι ἐγ̣λιπεῖν τὴν μίσθωσιν πρὸ τοῦ χρόνου, δότωι δʼ αὐτῶι 
Μάρων ἐν τῶι πεντεκαιδεκάτῳ ἔτει εἰς τὰ ἔργα τῆς γῆς ἀναπόδοτον χαλκοῦ 
25τάλαντον ἕν . καὶ τοῦ χρόνου διελθόντος παραδειξάτωι ἃ καὶ παρείληφεν καθαρὰ 
ἀπὸ θρύου καλάμου ἀγρώστεως τῆς {α} ἄλλης δείσης, τά τε κατʼ ἔτος ἐκφόρια ἀποδότωι  
Πτολεμαῖος Μάρωνι   ̣  ̣  ̣  ̣  ̣ ἐν μηνὶ Παῦνι ἐν τῇ σημαινομένηι κώμῃ οὗ ἂν Μάρων 
συντάσσηι - ca.15 -νπο̣ι̣ο̣υ̣ν̣ κα̣ὶ̣ λ̣ό̣γ̣ον μέτρωι τῶι πρὸς τὸ ἐν̣ τῷ δρόμῳ 
τοῦ ἐν αὐτῆι Σουχιείου. ἐὰν δὲ μὴ ἀποδῶι ἢ ἄλλο τι παρασυγγραφῇ ἀποτεισά-
30τω Πτολεμαῖος Μάρωνι ⁦ -ca.?- ⁩ μ̣έρος τῆς γῆς 
⁦ -ca.?- ⁩ς καὶ τῶν ἐκφορί-
ων ⁦ -ca.?- ⁩ν τιμὴν 
⁦ -ca.?- ⁩ς̣ εἴκοσι καὶ 
-- -- -- -- -- -- -- -- -- --  ","29.13416,30.693397",29.13416,30.693397,31.74084966,15.66113714285714,19
