Unnamed: 0,Condition (HGV),Author (HGV),License (HGV),Culture (HGV),Script Type (HGV),Previous Edition (HGV),Preservation (HGV),Origin (HGV),Catalog(s) (HGV),Work (HGV),Summary (HGV),Recto/Verso (HGV),Post-Concordance BL Entries (HGV),Genre (HGV),Material (HGV),Support Dimensions (HGV),Publications (HGV),Title (HGV),Translations (HGV),Support Material (HGV),Note (general) (HGV),Support/Dimensions (HGV),Reuse Type (HGV),Images (HGV),People (HGV),Subjects (HGV),Hands (HGV),Commentary (HGV),General Notes (HGV),Place Stored (Ancient) (HGV),Inv. no. (HGV),Principal Edition (HGV),Lines (HGV),Citations (HGV),Availability (HGV),palaeo (HGV),Provenance (HGV),Religion (HGV),catalogue (HGV),Partial Edition (HGV),Date (HGV),translation (HGV),study (HGV),Reference Edition (HGV),Fragments (HGV),reference (HGV),Associated Names (HGV),Works (HGV),Inv. Id (HGV),Form and Layout (HGV),Places (HGV),illustration (HGV),Language (HGV),Print Illustrations (HGV),Note (local/note) (HGV),Note (related) (HGV),Content (HGV),Readings (HGV),Mentioned Dates (HGV),Archive (HGV),Fragments (Tris),General Notes (Tris),Genre (Tris),Print Illustrations (Tris),Reuse Type (Tris),Date (Tris),Publications (Tris),Subjects (Tris),illustration (Tris),Origin (Tris),Translations (Tris),Reference Edition (Tris),Partial Edition (Tris),Support Dimensions (Tris),Provenance (Tris),Availability (Tris),Work (Tris),Content (Tris),Form and Layout (Tris),catalogue (Tris),License (Tris),Previous Edition (Tris),Post-Concordance BL Entries (Tris),Support Material (Tris),Principal Edition (Tris),Citations (Tris),People (Tris),translation (Tris),Commentary (Tris),Inv. Id (Tris),Place Stored (Ancient) (Tris),Support/Dimensions (Tris),Script Type (Tris),Culture (Tris),Catalog(s) (Tris),Mentioned Dates (Tris),study (Tris),palaeo (Tris),Readings (Tris),Title (Tris),Material (Tris),Images (Tris),Religion (Tris),Works (Tris),Language (Tris),Inv. no. (Tris),Places (Tris),Archive (Tris),reference (Tris),text,cleanText,Coordinates,Latitude,Longitude,relLat,relLong,Cluster
5,,,© Heidelberger Gesamtverzeichnis der griechischen Papyrusurkunden Ägyptens. This work is licensed under a Creative Commons Attribution 3.0 License.,,,,,Herakleopolis,,,,,XII 20,,Papyrus,,"BGU 8 1731 (Schubart, Wilhelm / Schäfer, Diedrich; 1933)",Homologie über Umbuchung von Katökenland,,,,Papyrus,,http://berlpap.smb.museum/03959/...,mentioned people,Parachoresis; Vertrag; Land; Kleruche,,"Zu Z. 13 vgl. BOEP 1.2 (25. Juli 2012), S. 1. Zu Z. 3, 5-6 und 21 vgl. Scheuble-Reiter, Katökenreiter, S. 357f. Zu Z. 2 und zur Datierung vgl. BGU XX 2843 Einl., S. 35, Anm. 6. Zu Z. 1 vgl. BGU XX 2844,1 Anm.",,,"Berlin, Staatliche Museen P. 13948",,,,,,"Egypt, U20 - Herakleopolis (Ihnasya el-Medina)[written]; Egypt, U20 - Bousiris (Abusir el-Meleq)[found]",,,,"BC 68 Sep 9 - 67 Sep 8 (P12, year 14, [ ] 25)",,,,,,,,,,mentioned places,,Greek,,,,,,,Agoranomos from Herakleopolis,,,,,,68 - 67 v.Chr.,BGU 8 1731,Parachoresis; Vertrag; Land; Kleruche,,Herakleopolis,,,,,,,,,,,© Heidelberger Gesamtverzeichnis der griechischen Papyrusurkunden Ägyptens. This work is licensed under a Creative Commons Attribution 3.0 License.,,XII 20,,,,,,"Zu Z. 13 vgl. BOEP 1.2 (25. Juli 2012), S. 1. Zu Z. 3, 5-6 und 21 vgl. Scheuble-Reiter, Katökenreiter, S. 357f. Zu Z. 2 und zur Datierung vgl. BGU XX 2843 Einl., S. 35, Anm. 6. Zu Z. 1 vgl. BGU XX 2844,1 Anm.",,,Papyrus,,,,,,,,Homologie über Umbuchung von Katökenland,Papyrus,http://berlpap.smb.museum/03959/...,,,,,,,,"  κε Θέρσανδ̣ρ̣[ος] Χ̣ά̣ρ̣η̣[ι] ὁμολ(όγιον). 
ἔτους τεσσαρε[σκαι]δεκάτου μ[ηνὸς   ̣  ̣  ̣  ̣  ̣  ̣]  ̣  ̣  ̣  ̣ν̣ι̣ π[έ]μ̣πτῃ̣ καὶ [ε]ἰ̣κ̣άδι ἐν Ἡρακ̣[λέους] π̣[όλε]ι̣ τῆ[ι ὑ]πὲρ Μέμ̣[φιν]. 
ὁμολογεῖ Θέρ̣σανδρος̣ Ἀπολλων̣ί̣ο̣υ Μακ[εδ]ὼ[ν τῶν] κατοίκων ἱππ̣έων Χάρηι̣ τ̣ῶν̣
                              [ἐκ] κ̣[ώ]μ̣η̣[ς]   ̣  ̣ντ[  ̣  ̣  ̣  ̣  ̣  ̣  ̣] 
κατοίκων ἱπ̣π̣έ̣ω̣ν̣ εὐδοκεῖν τ[ὸ]ν Θέρσανδρον τῆι γεγονυί̣α̣ι̣ τ̣ῶ̣ι̣ Χάρηι μετεπιγρα̣[φῆι
                              ὧν] π̣[α]ρ̣α̣κ̣[εχώρηκεν] 
5α̣ὐ̣[τῶι] ἀ̣π̣ὸ̣ τ̣ο̣ῦ̣ ὑ̣π̣ά̣ρ̣χ̣ο̣ν̣τ̣ος αὐτῶι κλήρου τὰς π̣ρ̣ὸ̣ς̣   ̣  ̣  ̣τ̣ηριν ἀρούρας δέκα ἐν δυσὶ κλ̣ήροι̣ς̣ [  ̣]  ̣  ̣  ̣  ̣[- ca.13 -] 
Π̣ολέμωνος ἄ̣ρ̣ο̣υ̣ρ̣α̣ι̣ π̣έν̣τε καὶ ἐν τῶι Ἐλω̣ΐου   ̣  ̣  ̣  ̣[  ̣  ̣ ἄ]ρουραι πέντ[ε , ὧν] σ̣χ̣ο̣ι̣νισμὸς νότον ἐπὶ βορρᾶ̣[ν - ca.9 -] 
[λι]β̣ὸς ἐ̣π̣ʼ [ἀπ]ηλ[ι]ώτην ω̣ν̣ η̣ν̣[  ̣  ̣  ̣  ̣]  ̣  ̣  ̣  ̣[- ca.11 -] βασιλικο  ̣  ̣  ̣[  ̣  ̣  ̣] λ̣ιβὸς βασιλικὴ γῆ ἀπηλ[ιώτου   ̣  ̣  ̣  ̣] 
[  ̣  ̣  ̣  ̣  ̣]  ̣  ̣  ̣  ̣ ἀνθ̣ʼ [ὧν] π̣ε̣π̣ο̣ί̣η̣τ̣α̣ι̣ [ὁ] Χάρης [τ]ῶι Θερσάνδρωι εὐχ̣[ρηστιῶ]ν̣ εἴς τε τοὺς
                              στεφάνους [καὶ τὰ ἄλλα βασιλικὰ] 
[τοῦ κλή]ρου ἀκολούθω̣[ς] ταῖς δ̣[ιὰ τοῦ ἱππι]κ̣ο̣ῦ̣ λογιστηρίου οἰκον[ομί]αι̣ς̣ [ἐ]φ̣ʼ
                              [ὧι] π̣αρέξεται Θέρσανδρος [τὰς δηλουμένας] 
10[ἀρού]ρα[ς] καθαρὰς ἀ̣πὸ π̣[α]ντὸς βασιλικ[οῦ καὶ ἰ]διωτικοῦ ὀ̣φ̣ε̣ι̣λ̣ή̣ματος κα[ὶ
                              τῶ]ν ἄλλων πάντω[ν ἐ]κ̣ τ̣ῶ̣[ν ἐπάνω] 
χρόνων ἕως τριακάδος τοῦ Με̣σ̣[ορ]ὴ̣ τ̣ο̣ῦ̣ [τ]ε̣[σσα]ρε̣[σκ]αιδεκά̣[του] ἔτ̣[ους],
                              ἀπὸ δὲ ἄλλων παραχ[ωρήσεων εἰς τὸν] 
[ἀ]εὶ χρόνον, βεβαιῶν πάσ[ηι] βεβ[αι]ώ̣σ̣ε̣ι̣ [- ca.18 -] συ[νευδ]οκεῖ δὲ τῆι παραχωρή̣[σει τῶν] 
ἀρουρῶν ἡ τοῦ Θερσά[νδρ]ου γ̣υ̣ν̣ὴ̣ Ἡ̣[ρα]κ̣λ̣ε̣ί̣α̣ [τοῦ δεῖνος] μ̣ε[τ]ὰ [κυρίου]
                              τοῦ αὐτοῦ(*) ἀνδρὸς καὶ ἀ̣[δελφοῦ]. 
ἐὰν δὲ Θέρσανδρος καὶ Ἡρακ̣λ̣ε̣ί̣α ἢ̣ [ἄλλος ὑπὲρ αὐτῶν]   ̣  ̣ [  ̣  ̣]  ̣  ̣  ̣  ̣[- ca.14 -]  ̣ρ̣ως συνκεχω[ρημένα καὶ] 
15κακοτ̣εχνῶσ̣ι καθʼ ἃ γέγραπται, [τὰ μὲν διωμολο]γ̣ημένα κύ̣[ρια] ἔ̣σ̣[τω, ἡ δʼ ἐσο]μ̣έ̣ν̣η̣
                              ἔφοδος ἄ̣[κυρος ἔστω] 
καὶ προ̣σ̣α̣π̣ο̣τεισάτωσαν Θέρσαν[δρος καὶ] Ἡ̣ρ̣α̣[κλεία κ]αὶ ὁ ὑπὲρ αὐτ[ῶν] ἐ̣π̣ε̣[λθὼν]   ̣  ̣  ̣[  ̣  ̣  ̣  ̣]  ̣  ̣  ̣[- ca.9 -] 
παρασυγγραφῶσι ἐπίτιμον χα̣λ̣κ̣ο̣ῦ̣ νο̣[μί]σ̣μ̣[ατος τάλ]αντα π̣ε̣[ντήκοντα - ca.10 -]  ̣  ̣  ̣[- ca.9 -] 
καὶ μηδὲν ἧ[σσ]ο̣ν ἡ παραχ̣ώρη̣[σις] κυρία ἔστωι(*) [καθότ]ι ἑκόντες σ̣[υνεχώρησαν]. 
—— 
Θέρσανδρος ὡ[ς (ἐτῶν)   ̣]η [  ̣  ̣  ̣]  ̣ μέσο(ς) μελί(χρως) [⁦ -ca.?- ⁩] 
20Ἡρ[α]κλεία ὡς (ἐτῶν) [  ̣]  ̣  ̣  ̣[  ̣  ̣  ̣  ̣  ̣  ̣]  ̣  ̣  ̣[⁦ -ca.?- ⁩] 
Χ̣[άρ]η̣ς ὡς̣ (ἐτῶν) δ[  ̣ μ]έσο(ς) μ[  ̣  ̣  ̣ ⁦ -ca.?- ⁩] 
—— 
","  κε Θέρσανδ̣ρ̣ος Χ̣ά̣ρ̣η̣ι ὁμολόγιον. 
ἔτους τεσσαρεσκαιδεκάτου μηνὸς   ̣  ̣  ̣  ̣  ̣  ̣  ̣  ̣  ̣  ̣ν̣ι̣ πέμ̣πτῃ̣ καὶ εἰ̣κ̣άδι ἐν Ἡρακ̣λέους π̣όλει̣ τῆι ὑπὲρ Μέμ̣φιν. 
ὁμολογεῖ Θέρ̣σανδρος̣ Ἀπολλων̣ί̣ο̣υ Μακεδὼν τῶν κατοίκων ἱππ̣έων Χάρηι̣ τ̣ῶν̣
                              ἐκ κ̣ώμ̣η̣ς   ̣  ̣ντ  ̣  ̣  ̣  ̣  ̣  ̣  ̣ 
κατοίκων ἱπ̣π̣έ̣ω̣ν̣ εὐδοκεῖν τὸν Θέρσανδρον τῆι γεγονυί̣α̣ι̣ τ̣ῶ̣ι̣ Χάρηι μετεπιγρα̣φῆι
                              ὧν π̣αρ̣α̣κ̣εχώρηκεν 
5α̣ὐ̣τῶι ἀ̣π̣ὸ̣ τ̣ο̣ῦ̣ ὑ̣π̣ά̣ρ̣χ̣ο̣ν̣τ̣ος αὐτῶι κλήρου τὰς π̣ρ̣ὸ̣ς̣   ̣  ̣  ̣τ̣ηριν ἀρούρας δέκα ἐν δυσὶ κλ̣ήροι̣ς̣   ̣  ̣  ̣  ̣  ̣- ca.13 - 
Π̣ολέμωνος ἄ̣ρ̣ο̣υ̣ρ̣α̣ι̣ π̣έν̣τε καὶ ἐν τῶι Ἐλω̣ΐου   ̣  ̣  ̣  ̣  ̣  ̣ ἄρουραι πέντε , ὧν σ̣χ̣ο̣ι̣νισμὸς νότον ἐπὶ βορρᾶ̣ν - ca.9 - 
λιβ̣ὸς ἐ̣π̣ʼ ἀπηλιώτην ω̣ν̣ η̣ν̣  ̣  ̣  ̣  ̣  ̣  ̣  ̣  ̣- ca.11 - βασιλικο  ̣  ̣  ̣  ̣  ̣  ̣ λ̣ιβὸς βασιλικὴ γῆ ἀπηλιώτου   ̣  ̣  ̣  ̣ 
  ̣  ̣  ̣  ̣  ̣  ̣  ̣  ̣  ̣ ἀνθ̣ʼ ὧν π̣ε̣π̣ο̣ί̣η̣τ̣α̣ι̣ ὁ Χάρης τῶι Θερσάνδρωι εὐχ̣ρηστιῶν̣ εἴς τε τοὺς
                              στεφάνους καὶ τὰ ἄλλα βασιλικὰ 
τοῦ κλήρου ἀκολούθω̣ς ταῖς δ̣ιὰ τοῦ ἱππικ̣ο̣ῦ̣ λογιστηρίου οἰκονομίαι̣ς̣ ἐφ̣ʼ
                              ὧι π̣αρέξεται Θέρσανδρος τὰς δηλουμένας 
10ἀρούρας καθαρὰς ἀ̣πὸ π̣αντὸς βασιλικοῦ καὶ ἰδιωτικοῦ ὀ̣φ̣ε̣ι̣λ̣ή̣ματος καὶ
                              τῶν ἄλλων πάντων ἐκ̣ τ̣ῶ̣ν ἐπάνω 
χρόνων ἕως τριακάδος τοῦ Με̣σ̣ορὴ̣ τ̣ο̣ῦ̣ τε̣σσαρε̣σκαιδεκά̣του ἔτ̣ους,
                              ἀπὸ δὲ ἄλλων παραχωρήσεων εἰς τὸν 
ἀεὶ χρόνον, βεβαιῶν πάσηι βεβαιώ̣σ̣ε̣ι̣ - ca.18 - συνευδοκεῖ δὲ τῆι παραχωρή̣σει τῶν 
ἀρουρῶν ἡ τοῦ Θερσάνδρου γ̣υ̣ν̣ὴ̣ Ἡ̣ρακ̣λ̣ε̣ί̣α̣ τοῦ δεῖνος μ̣ετὰ κυρίου
                              τοῦ αὐτοῦ ἀνδρὸς καὶ ἀ̣δελφοῦ. 
ἐὰν δὲ Θέρσανδρος καὶ Ἡρακ̣λ̣ε̣ί̣α ἢ̣ ἄλλος ὑπὲρ αὐτῶν   ̣  ̣   ̣  ̣  ̣  ̣  ̣  ̣- ca.14 -  ̣ρ̣ως συνκεχωρημένα καὶ 
15κακοτ̣εχνῶσ̣ι καθʼ ἃ γέγραπται, τὰ μὲν διωμολογ̣ημένα κύ̣ρια ἔ̣σ̣τω, ἡ δʼ ἐσομ̣έ̣ν̣η̣
                              ἔφοδος ἄ̣κυρος ἔστω 
καὶ προ̣σ̣α̣π̣ο̣τεισάτωσαν Θέρσανδρος καὶ Ἡ̣ρ̣α̣κλεία καὶ ὁ ὑπὲρ αὐτῶν ἐ̣π̣ε̣λθὼν   ̣  ̣  ̣  ̣  ̣  ̣  ̣  ̣  ̣  ̣- ca.9 - 
παρασυγγραφῶσι ἐπίτιμον χα̣λ̣κ̣ο̣ῦ̣ νο̣μίσ̣μ̣ατος τάλαντα π̣ε̣ντήκοντα - ca.10 -  ̣  ̣  ̣- ca.9 - 
καὶ μηδὲν ἧσσο̣ν ἡ παραχ̣ώρη̣σις κυρία ἔστωι καθότι ἑκόντες σ̣υνεχώρησαν. 
—— 
Θέρσανδρος ὡς ἐτῶν   ̣η   ̣  ̣  ̣  ̣ μέσος μελίχρως ⁦ -ca.?- ⁩ 
20Ἡρακλεία ὡς ἐτῶν   ̣  ̣  ̣  ̣  ̣  ̣  ̣  ̣  ̣  ̣  ̣  ̣  ̣⁦ -ca.?- ⁩ 
Χ̣άρη̣ς ὡς̣ ἐτῶν δ  ̣ μέσος μ  ̣  ̣  ̣ ⁦ -ca.?- ⁩ 
—— 
","29.0854995,30.9345815",29.0854995,30.9345815,31.92897357,15.706321892857142,15
34,,,© Heidelberger Gesamtverzeichnis der griechischen Papyrusurkunden Ägyptens. This work is licensed under a Creative Commons Attribution 3.0 License.,,,,,Herakleopolites,,,,,,,Papyrus,,"P. Diosk. 3 (Maresch, Klaus; 2003)",An Dioskurides wegen Schulden,,,,Papyrus,,http://www.uni-koeln.de/phil-fak/ifa/NRWakademie/papyrologie...,mentioned people,Eingabe an den Phrurarchen; Schulden; Preis; Olivenöl,,,,,"Cologne, Papyrussammlung P. 20981",,,,,,"Egypt, U20 - Herakleopolites[written]; Egypt, U20 - Herakleopolis (Ihnasya el-Medina)[found]",,,,"BC 153 Jan 23 before? (P06, year 28, Choiak 25)",,,,,,,,,,mentioned places,,Greek,Tafel III und IVb,,,,,Empfangsvermerk Z. 25: 23. Jan. 153 (Jahr unsicher),Dioskourides phrourarchos,,,,Tafel III und IVb,,vor 23. Jan. 153 v.Chr. (Jahr unsicher),P.Phrur. Diosk. 3,Eingabe an den Phrurarchen; Schulden; Preis; Olivenöl,,Herakleopolites,,,,,,,,,,,© Heidelberger Gesamtverzeichnis der griechischen Papyrusurkunden Ägyptens. This work is licensed under a Creative Commons Attribution 3.0 License.,,,,,,,,,,,Papyrus,,,,Empfangsvermerk Z. 25: 23. Jan. 153 (Jahr unsicher),,,,An Dioskurides wegen Schulden,Papyrus,http://www.uni-koeln.de/phil-fak/ifa/NRWakademie/papyrologie...,,,,,,,,"  Διοσκουρίδει ἡγεμόνι καὶ φρου-
ράρχωι παρὰ Διοσκουρίδου 
τ̣ο̣ῦ̣ Π̣α̣κ̣ήμιος τῶν ἀπὸ τῆς 
Ν̣[ικά]δ̣α̣ι̣ ν̣ε̣ώ̣[ς]. ἀδικοῦμαι̣ 
—— 
5[ὑ]π̣[ὸ Πετο]φ̣ό̣[ι]τ̣[ος] τ̣ο̣[ῦ] Π̣ετονού̣ρ̣ι̣ο̣ς̣ 
τ̣[ῶ]ν κατοι[κο]ύντ̣ων [ἐ]ν 
Χο̣[ι]νώ̣τ̣μ̣ει ὀφεί̣λ̣ο̣[ν-]
τό̣ς̣ μ̣οι τι[μ]ὴ̣ν ἐλαίου με(τρητῶν) β  
χα̣λ̣κ̣οῦ [τάλαντα] β  Δ    ̣ ἔτι 
10  ̣[  ̣  ̣  ̣]  ̣  ̣ι̣  ̣ς̣ τοῦ κζ (ἔτους), 
τ̣[α]ῦτα πλεονάκι̣ς 
[  ̣  ̣]  ̣ε  ̣  ̣[  ̣  ̣]  ̣ε̣  ̣ε  ̣[  ̣]  ̣ριτ̣ου̣ 
[  ̣  ̣]  ̣  ̣υ̣  ̣μενε  ̣  ̣π̣ο̣  ̣  
[  ̣  ̣]  ̣[  ̣]  ̣περις  ̣[  ̣  ̣]  ̣  ̣  ̣  ̣ ὑ̣π̣ο 
15τ  ̣  ̣  ̣α̣ν̣  ̣ιδι  ̣  ̣  ̣  ̣  ̣ι  ̣[  ̣]  ̣υ 
κ̣[  ̣]  ̣  ̣  ̣[  ̣]  ̣  ̣  ̣ιωσ  ̣ερ̣[⁦ -ca.?- ⁩] 
  ̣[  ̣  ̣]  ̣[  ̣]  ̣ δ̣έδωκε̣ν̣, 
—— ἀ̣ξ̣ιῶ̣ [σ]υ̣ν̣-
τ̣[ά]ξ̣α̣ι̣ ἀσφαλίσασθαι 
α̣[ὐ]τ̣ὸ̣ν μ̣έχρι τ̣οῦ̣  ̣  ̣[⁦ -ca.?- ⁩]  ̣  
20[  ̣  ̣  ̣  ̣  ̣]  ̣[  ̣  ̣  ̣  ̣  ̣  ̣]  ̣  ̣  
Traces 1 line  
22[⁦ -ca.?- ⁩ τ]ῶ̣ν τό̣κω̣ν̣ [⁦ -ca.?- ⁩] 
[π]α̣ρα̣[  ̣  ̣] α  ̣  ̣ν 
Traces 1 line  
24-- -- -- -- -- -- -- -- -- --  ","  Διοσκουρίδει ἡγεμόνι καὶ φρου-
ράρχωι παρὰ Διοσκουρίδου 
τ̣ο̣ῦ̣ Π̣α̣κ̣ήμιος τῶν ἀπὸ τῆς 
Ν̣ικάδ̣α̣ι̣ ν̣ε̣ώ̣ς. ἀδικοῦμαι̣ 
—— 
5ὑπ̣ὸ Πετοφ̣ό̣ιτ̣ος τ̣ο̣ῦ Π̣ετονού̣ρ̣ι̣ο̣ς̣ 
τ̣ῶν κατοικούντ̣ων ἐν 
Χο̣ινώ̣τ̣μ̣ει ὀφεί̣λ̣ο̣ν-
τό̣ς̣ μ̣οι τιμὴ̣ν ἐλαίου μετρητῶν β  
χα̣λ̣κ̣οῦ τάλαντα β  Δ    ̣ ἔτι 
10  ̣  ̣  ̣  ̣  ̣  ̣ι̣  ̣ς̣ τοῦ κζ ἔτους, 
τ̣αῦτα πλεονάκι̣ς 
  ̣  ̣  ̣ε  ̣  ̣  ̣  ̣  ̣ε̣  ̣ε  ̣  ̣  ̣ριτ̣ου̣ 
  ̣  ̣  ̣  ̣υ̣  ̣μενε  ̣  ̣π̣ο̣  ̣  
  ̣  ̣  ̣  ̣  ̣περις  ̣  ̣  ̣  ̣  ̣  ̣  ̣ ὑ̣π̣ο 
15τ  ̣  ̣  ̣α̣ν̣  ̣ιδι  ̣  ̣  ̣  ̣  ̣ι  ̣  ̣  ̣υ 
κ̣  ̣  ̣  ̣  ̣  ̣  ̣  ̣  ̣ιωσ  ̣ερ̣⁦ -ca.?- ⁩ 
  ̣  ̣  ̣  ̣  ̣  ̣ δ̣έδωκε̣ν̣, 
—— ἀ̣ξ̣ιῶ̣ συ̣ν̣-
τ̣άξ̣α̣ι̣ ἀσφαλίσασθαι 
α̣ὐτ̣ὸ̣ν μ̣έχρι τ̣οῦ̣  ̣  ̣⁦ -ca.?- ⁩  ̣  
20  ̣  ̣  ̣  ̣  ̣  ̣  ̣  ̣  ̣  ̣  ̣  ̣  ̣  ̣  
Traces 1 line  
22⁦ -ca.?- ⁩ τῶ̣ν τό̣κω̣ν̣ ⁦ -ca.?- ⁩ 
πα̣ρα̣  ̣  ̣ α  ̣  ̣ν 
Traces 1 line  
24-- -- -- -- -- -- -- -- -- --  ","29.0854995,30.9345815",29.0854995,30.9345815,31.92897357,15.706321892857142,15
41,,,© Heidelberger Gesamtverzeichnis der griechischen Papyrusurkunden Ägyptens. This work is licensed under a Creative Commons Attribution 3.0 License.,,,,,Herakleopolites,,,,,,,Papyrus,,"P. Hibeh 1 70 a (Grenfell, Bernard P. / Hunt, Arthur S.; 1906)",Letter of Zoilus to Clitarchus,,,,Papyrus,,http://papyri-leipzig.dl.uni-leipzig.de/receive/UBLPapyri_sc...,mentioned people,Brief; Zoilos an Kleitarchos (Bankier),,,,,". formerly: Leipzig, Universität 614",,,,,,"Egypt, U20 - Koites[destination]; Egypt, U20 - Ankyropolis (El-Hiba)[found]; Egypt, U20 - Herakleopolites[written]",,,,"BC 229 Oct 19 - 228 Oct 18 (P03, year 19)",,,,,,,,,,mentioned places,,Greek,,,,,,,Kleitarchos banker,,,,,,229 - 228 v.Chr.,P.Hib. 1 70 a,Brief; Zoilos an Kleitarchos (Bankier),,Herakleopolites (?),,,,,,,,,,,© Heidelberger Gesamtverzeichnis der griechischen Papyrusurkunden Ägyptens. This work is licensed under a Creative Commons Attribution 3.0 License.,,,,,,,,,,,Papyrus,,,,,,,,Letter of Zoilus to Clitarchus,Papyrus,http://papyri-leipzig.dl.uni-leipzig.de/receive/UBLPapyri_sc...,,,,,,,,"  Ζωίλος Κλειτάρχωι 
χαίρειν. δέξαι παρὰ 
Ζωίλου τοῦ Πτολε-
μαίου Σινωπέως 
5ἀ̣ρ̣ο̣(υρῶν) κ̣ συκαμινοα-
κανθίνου λ̣ι̣τοῦ 
ἃ̣ς̣ ἐπρίατο παρὰ 
Βίωνος τοῦ Φιλήμο-
νος Ἐρετριέως χαλ-
10κοῦ πρὸς ἀργύριον 
[(δραχμῶν) σ] (εἰκοστὴν) (δραχμὰς) δέκα . 
ἔρρωσο. (ἔτους) ιθ  
[⁦ -ca.?- ⁩] ","  Ζωίλος Κλειτάρχωι 
χαίρειν. δέξαι παρὰ 
Ζωίλου τοῦ Πτολε-
μαίου Σινωπέως 
5ἀ̣ρ̣ο̣υρῶν κ̣ συκαμινοα-
κανθίνου λ̣ι̣τοῦ 
ἃ̣ς̣ ἐπρίατο παρὰ 
Βίωνος τοῦ Φιλήμο-
νος Ἐρετριέως χαλ-
10κοῦ πρὸς ἀργύριον 
δραχμῶν σ εἰκοστὴν δραχμὰς δέκα . 
ἔρρωσο. ἔτους ιθ  
⁦ -ca.?- ⁩ ","29.0854995,30.9345815",29.0854995,30.9345815,31.92897357,15.706321892857142,15
