Unnamed: 0,Condition (HGV),Author (HGV),License (HGV),Culture (HGV),Script Type (HGV),Previous Edition (HGV),Preservation (HGV),Origin (HGV),Catalog(s) (HGV),Work (HGV),Summary (HGV),Recto/Verso (HGV),Post-Concordance BL Entries (HGV),Genre (HGV),Material (HGV),Support Dimensions (HGV),Publications (HGV),Title (HGV),Translations (HGV),Support Material (HGV),Note (general) (HGV),Support/Dimensions (HGV),Reuse Type (HGV),Images (HGV),People (HGV),Subjects (HGV),Hands (HGV),Commentary (HGV),General Notes (HGV),Place Stored (Ancient) (HGV),Inv. no. (HGV),Principal Edition (HGV),Lines (HGV),Citations (HGV),Availability (HGV),palaeo (HGV),Provenance (HGV),Religion (HGV),catalogue (HGV),Partial Edition (HGV),Date (HGV),translation (HGV),study (HGV),Reference Edition (HGV),Fragments (HGV),reference (HGV),Associated Names (HGV),Works (HGV),Inv. Id (HGV),Form and Layout (HGV),Places (HGV),illustration (HGV),Language (HGV),Print Illustrations (HGV),Note (local/note) (HGV),Note (related) (HGV),Content (HGV),Readings (HGV),Mentioned Dates (HGV),Archive (HGV),Fragments (Tris),General Notes (Tris),Genre (Tris),Print Illustrations (Tris),Reuse Type (Tris),Date (Tris),Publications (Tris),Subjects (Tris),illustration (Tris),Origin (Tris),Translations (Tris),Reference Edition (Tris),Partial Edition (Tris),Support Dimensions (Tris),Provenance (Tris),Availability (Tris),Work (Tris),Content (Tris),Form and Layout (Tris),catalogue (Tris),License (Tris),Previous Edition (Tris),Post-Concordance BL Entries (Tris),Support Material (Tris),Principal Edition (Tris),Citations (Tris),People (Tris),translation (Tris),Commentary (Tris),Inv. Id (Tris),Place Stored (Ancient) (Tris),Support/Dimensions (Tris),Script Type (Tris),Culture (Tris),Catalog(s) (Tris),Mentioned Dates (Tris),study (Tris),palaeo (Tris),Readings (Tris),Title (Tris),Material (Tris),Images (Tris),Religion (Tris),Works (Tris),Language (Tris),Inv. no. (Tris),Places (Tris),Archive (Tris),reference (Tris),text,cleanText,Coordinates,Latitude,Longitude,relLat,relLong,Cluster
18,,,© Heidelberger Gesamtverzeichnis der griechischen Papyrusurkunden Ägyptens. This work is licensed under a Creative Commons Attribution 3.0 License.,,,,,Kellis,,,,,,,Ostrakon,,"O. Kellis 96 (Worp, Klaas Anthony; 2004)",Account of money and oil,,,,Ostrakon,,,mentioned people,Aufstellung; Geld; Öl,,"Zur Datierung vgl. S. 222. Zu Z. 8 vgl. BO 65, 2008, Sp. 309. Zu Z. 5 vgl. O.Trim. I 166,2 Anm.",,,,,,,,,"Egypt, Western desert, Oasis Magna - Kellis (Ismant el-Kharab)[found & written]",,,,AD 200 - 399,,,,,,,,,,mentioned places,,Greek,"Tafelanhang ""Plates"" (nach S. 234) 96",,,,,,,,,,"Tafelanhang ""Plates"" (nach S. 234) 96",,III - IV,O.Kellis 96,Aufstellung; Geld; Öl,,Kellis (Oasis Magna),,,,,,,,,,,© Heidelberger Gesamtverzeichnis der griechischen Papyrusurkunden Ägyptens. This work is licensed under a Creative Commons Attribution 3.0 License.,,,,,,,,"Zur Datierung vgl. S. 222. Zu Z. 8 vgl. BO 65, 2008, Sp. 309. Zu Z. 5 vgl. O.Trim. I 166,2 Anm.",,,Ostrakon,,,,,,,,Account of money and oil,Ostrakon,,,,,,,,,"  Ταλαευς σκυτεα(*) (δραχμαὶ) ω· 
Ταλετη Παιαι (δραχμαὶ) υ· 
γυ(νὴ) Ἀμμων(  ) Ἀμμ(  ) (δραχμαὶ) φ· 
Ἀπ̣τ̣ι̣λι νων· 
5γυ(νὴ) Μαχ̣ ε ἐν Πμοῦν Παμ(  ) (δραχμαὶ) ρ· 
γυ(νὴ) Ψάϊς(*) ἐν Πμοῦ(ν) Ἱέρακο(ς) (δραχμαὶ) Αφ· 
Ἀμμων(  ) ἀπὸ Η῾<ι> ἐλαίου μά(ρια) δ· 
Ταουα  ̣αϊ μάρ(ιον)· 
—— 
ἀπὸ Βάιτʼ διὰ Κόραξ(*), 
10τάλαντον ἕν .","  Ταλαευς σκυτεα δραχμαὶ ω· 
Ταλετη Παιαι δραχμαὶ υ· 
γυνὴ Ἀμμων   Ἀμμ   δραχμαὶ φ· 
Ἀπ̣τ̣ι̣λι νων· 
5γυνὴ Μαχ̣ ε ἐν Πμοῦν Παμ   δραχμαὶ ρ· 
γυνὴ Ψάϊς ἐν Πμοῦν Ἱέρακος δραχμαὶ Αφ· 
Ἀμμων   ἀπὸ Η῾ι ἐλαίου μάρια δ· 
Ταουα  ̣αϊ μάριον· 
—— 
ἀπὸ Βάιτʼ διὰ Κόραξ, 
10τάλαντον ἕν .","25.51700185,29.09511295",25.51700185,29.09511295,30.494188101,19.019926853571427,5
42,,,© Heidelberger Gesamtverzeichnis der griechischen Papyrusurkunden Ägyptens. This work is licensed under a Creative Commons Attribution 3.0 License.,,,,,Kellis,,,,,XI 102; XII 94,,Papyrus,,"P. Kellis 1 65 (Whitehorne, John E. G.; 1995)",Private Letter,,,,Papyrus,,,mentioned people,Brief (privat); Philammon an Tekose; Einziehung; Miete; Oliven; Kleider; Not (Geld),,,,,,,,,,,"Egypt, Western desert, Oasis Magna - Kellis (Ismant el-Kharab)[found & written]",,,,AD 300 - 325,,,,,,,,,,,,Greek,Pl. 65,,,,,,Family of Pamour,,,,Pl. 65,,frühes IV,P.Kell. 1 65,Brief (privat); Philammon an Tekose; Einziehung; Miete; Oliven; Kleider; Not (Geld),,Kellis (Oasis Magna),,,,,,,,,,,© Heidelberger Gesamtverzeichnis der griechischen Papyrusurkunden Ägyptens. This work is licensed under a Creative Commons Attribution 3.0 License.,,XI 102; XII 94,,,,,,,,,Papyrus,,,,,,,,Private Letter,Papyrus,,,,,,,,,"  [Φιλ]ά̣μ̣μ̣[ων]ι(*) Τεκοσε τῇ 
ἀ̣[δ]ελφῇ μ[ο]υ πολλὰ χαίρειν. 
θαυμά[ζ]ω πῶς οὐκ ἔγρα-
ψάς μοι μίαν ἐπιστολὴν περὶ 
5οὐδενὸς ἁπλῶς. ἔγραψά σοι 
πρὸ τούτου ὅτι· τήρησον τὸν 
τόπον μου ὅ(*) ἐστιν ἐπὶ μισθῷ 
ὄν(*). τοίνυν οὖν καλῶς ποιή-
σ̣ει̣ς λάβε ἀνθρώπου(*) καὶ ἴ(*)κα-
10σον(*) τὰς ἐλαίας. ἐὰν δὲ 
ὁ θεὸς κελεύει σʼ ἀπολῦσαι 
ἡμᾶς καὶ ζήσωμεν, ἐγὼ 
πληρώσω σοι τὴν χάριν 
σου, ἐὰν δὲ μὴ ὁ θεός, 
15δίδωμί σοι τὴν χάριν. 
πάντως γὰρ καὶ σὺ ἤκουσας 
τὰ̣(*) περὶ ἡμῶν ἐγένετο ἐνθά-
δε. ἁπλῶς δὲ περὶ πάντων 
πιστεύσω σοι τὸν ἐμὸν τό-
20πον, ἵνα τηρήσῃς σὲ(*) αὐ-
τόν. καὶ τὸ μικκὸν ἐλά-
διον ἤν(*) ἐάγῃς(*) παρὰ σέ, π̣ώ̣-
λησον αὐτὰ(*) καὶ ταχέως 
πέμψῃς τὴν τιμὴν διὰ πιστοῦ 
25ἀνθρώπου, ἐπὶ(*) χρείαν αὐ-
το(*) <ἔχω> ἐνθάδε, ὅτι πολλὰ ζημία 
ἐγὼ(*) ἐδόθη ἐνθάδε. καὶ 
τὸν πῶλον, πώλησον 
αὐτὰ(*) καὶ πέμψῃς τὴν 
30τιμήν. θαυμάζω δέ· 
ἔγραψά σοι ὅτι· πέμψῃς τὸ 
μαρφόρτιόν(*) μου καὶ ⟦ουκε⟧ 
τὸ χιτώνιον, καὶ οὐκ ἠμέ-
λησέ(*) σοι· πέμψῃς μοι. οἶδες 
35καὶ σὺ ὅτι ἐγὼ μνημονεύ-
εις(*). διὰ τί καὶ ἡμεῖς(*) οὐκ ἐ-
μνημόνευεις(*), ἀλλὰ λή-
θαργὸς σοί(*); ἀσπάζομαι τὸν 
υἱόν σου Ψάι(*)ν καὶ τοὺς 
40ἀδελφοὺς αὐτοῦ. ἀσπάζο-
μαι Χῶλος(*), ἀσπάζομαι 
Ἀμμ̣ώ̣νιον. ","  Φιλά̣μ̣μ̣ωνι Τεκοσε τῇ 
ἀ̣δελφῇ μου πολλὰ χαίρειν. 
θαυμάζω πῶς οὐκ ἔγρα-
ψάς μοι μίαν ἐπιστολὴν περὶ 
5οὐδενὸς ἁπλῶς. ἔγραψά σοι 
πρὸ τούτου ὅτι· τήρησον τὸν 
τόπον μου ὅ ἐστιν ἐπὶ μισθῷ 
ὄν. τοίνυν οὖν καλῶς ποιή-
σ̣ει̣ς λάβε ἀνθρώπου καὶ ἴκα-
10σον τὰς ἐλαίας. ἐὰν δὲ 
ὁ θεὸς κελεύει σʼ ἀπολῦσαι 
ἡμᾶς καὶ ζήσωμεν, ἐγὼ 
πληρώσω σοι τὴν χάριν 
σου, ἐὰν δὲ μὴ ὁ θεός, 
15δίδωμί σοι τὴν χάριν. 
πάντως γὰρ καὶ σὺ ἤκουσας 
τὰ̣ περὶ ἡμῶν ἐγένετο ἐνθά-
δε. ἁπλῶς δὲ περὶ πάντων 
πιστεύσω σοι τὸν ἐμὸν τό-
20πον, ἵνα τηρήσῃς σὲ αὐ-
τόν. καὶ τὸ μικκὸν ἐλά-
διον ἤν ἐάγῃς παρὰ σέ, π̣ώ̣-
λησον αὐτὰ καὶ ταχέως 
πέμψῃς τὴν τιμὴν διὰ πιστοῦ 
25ἀνθρώπου, ἐπὶ χρείαν αὐ-
το ἔχω ἐνθάδε, ὅτι πολλὰ ζημία 
ἐγὼ ἐδόθη ἐνθάδε. καὶ 
τὸν πῶλον, πώλησον 
αὐτὰ καὶ πέμψῃς τὴν 
30τιμήν. θαυμάζω δέ· 
ἔγραψά σοι ὅτι· πέμψῃς τὸ 
μαρφόρτιόν μου καὶ ⟦ουκε⟧ 
τὸ χιτώνιον, καὶ οὐκ ἠμέ-
λησέ σοι· πέμψῃς μοι. οἶδες 
35καὶ σὺ ὅτι ἐγὼ μνημονεύ-
εις. διὰ τί καὶ ἡμεῖς οὐκ ἐ-
μνημόνευεις, ἀλλὰ λή-
θαργὸς σοί; ἀσπάζομαι τὸν 
υἱόν σου Ψάιν καὶ τοὺς 
40ἀδελφοὺς αὐτοῦ. ἀσπάζο-
μαι Χῶλος, ἀσπάζομαι 
Ἀμμ̣ώ̣νιον. ","25.51700185,29.09511295",25.51700185,29.09511295,30.494188101,19.019926853571427,5
