Unnamed: 0,Condition (HGV),Author (HGV),License (HGV),Culture (HGV),Script Type (HGV),Previous Edition (HGV),Preservation (HGV),Origin (HGV),Catalog(s) (HGV),Work (HGV),Summary (HGV),Recto/Verso (HGV),Post-Concordance BL Entries (HGV),Genre (HGV),Material (HGV),Support Dimensions (HGV),Publications (HGV),Title (HGV),Translations (HGV),Support Material (HGV),Note (general) (HGV),Support/Dimensions (HGV),Reuse Type (HGV),Images (HGV),People (HGV),Subjects (HGV),Hands (HGV),Commentary (HGV),General Notes (HGV),Place Stored (Ancient) (HGV),Inv. no. (HGV),Principal Edition (HGV),Lines (HGV),Citations (HGV),Availability (HGV),palaeo (HGV),Provenance (HGV),Religion (HGV),catalogue (HGV),Partial Edition (HGV),Date (HGV),translation (HGV),study (HGV),Reference Edition (HGV),Fragments (HGV),reference (HGV),Associated Names (HGV),Works (HGV),Inv. Id (HGV),Form and Layout (HGV),Places (HGV),illustration (HGV),Language (HGV),Print Illustrations (HGV),Note (local/note) (HGV),Note (related) (HGV),Content (HGV),Readings (HGV),Mentioned Dates (HGV),Archive (HGV),Fragments (Tris),General Notes (Tris),Genre (Tris),Print Illustrations (Tris),Reuse Type (Tris),Date (Tris),Publications (Tris),Subjects (Tris),illustration (Tris),Origin (Tris),Translations (Tris),Reference Edition (Tris),Partial Edition (Tris),Support Dimensions (Tris),Provenance (Tris),Availability (Tris),Work (Tris),Content (Tris),Form and Layout (Tris),catalogue (Tris),License (Tris),Previous Edition (Tris),Post-Concordance BL Entries (Tris),Support Material (Tris),Principal Edition (Tris),Citations (Tris),People (Tris),translation (Tris),Commentary (Tris),Inv. Id (Tris),Place Stored (Ancient) (Tris),Support/Dimensions (Tris),Script Type (Tris),Culture (Tris),Catalog(s) (Tris),Mentioned Dates (Tris),study (Tris),palaeo (Tris),Readings (Tris),Title (Tris),Material (Tris),Images (Tris),Religion (Tris),Works (Tris),Language (Tris),Inv. no. (Tris),Places (Tris),Archive (Tris),reference (Tris),text,cleanText,Coordinates,Latitude,Longitude,relLat,relLong,Cluster
163,,,© Heidelberger Gesamtverzeichnis der griechischen Papyrusurkunden Ägyptens. This work is licensed under a Creative Commons Attribution 3.0 License.,,,,,Andromachis und Hermopolis,,,,,VIII 2,,Papyrus,,"P. Abinn. 68 Vo (Bell, Harold Idris / Martin, Victor / Turner, Eric Gardner / van Berchem, Denis; 1962) = P. Lond. 2 p. 312 no. 427 Vo (Kenyon, Frederic G. / / / ; 1898)",keiner,,,,Papyrus,other text(s) on the same object: 100560,http://www.bl.uk/manuscripts/FullDisplay.aspx?ref=Papyrus_42...,mentioned people,Abrechnung eines Säckemachers; Eingang von Haaren; Zahlungen; Getreide; Geld; Löhne,,"Zur Datierung vgl. BL VIII, S. 2. Tage: 26. (27.) Jan. - 24. (25.) Febr. Zum Ort vgl. P.Abinn. 68, Z. 16 - 27.",,,"London, British Library Pap 427 Vo",,,,,,"Egypt, 00b - Themistou Meris[written]; Egypt, 00b - Dionysias (Qasr Qarun)[found]",,,,"AD 348 about (Mecheir (Jan 26 - Feb 24); cf. BL 8, p. 2)",,,,,,,,,,mentioned places,,Greek,keine,,,,,,Flavius Abinnaeus praefectus alae,,,,keine,,ca. 348 - 351,"P.Lond. II 427 R (S. 311 - 312), Z. 1 - 12",Liste; Zahlungen; Getreide; Namen,,Andromachis und Hermopolis (Arsinoites),,,,,,,,,,,© Heidelberger Gesamtverzeichnis der griechischen Papyrusurkunden Ägyptens. This work is licensed under a Creative Commons Attribution 3.0 License.,,VIII 2,,,,,,"Zur Datierung vgl. BL VIII, S. 2. Zum Ort vgl. Z. 16 und 20.",,,Papyrus,,,,,,,,keiner,Papyrus,http://www.bl.uk/manuscripts/FullDisplay.aspx?ref=Papyrus_42...,,,,,,,,"  (*) (hand 2) Μεχείρ 
(*) (hand 1) λόγος Διεσκόρου τ̣ο̣ῦ̣ σακκᾶ 
30(*) ἐλαβι(*) τρίχια λίτρας λί(τρας) σν, 
(*) σάκκων εἴκοσι πέντε 
(*) πρὸς λίτρας δέκα , ἀπουσίας λί(τρας) γ, 
(*) ὡς ἑκάστου σάκκου πρὸς λί(τρας) ζ  
(*) τι(μῆς) τοῦ σάκκου (τάλαντα) λ  
35(*) (hand 3?) ὡς ἀρ(ιθμῷ) τελοῦ(μεν) σακκᾷ κατ̣ὰ 
(*) σάκκων(*) τάλαντα δεκάπεντε (τάλαντα) ι̣ε̣  
(*) ὧν ἐλαβι(*) ὁ σακκᾶς· 
(*) σίτου ἀρτάβας τρεῖς (ἀρτάβας) γ (τάλαντα) ρν̣  
(*) ἄλλην τ̣ά̣λαν̣τ̣α̣ ν̣. 
40(*) ἐπληρώ̣θη μ̣ι̣σ̣θ̣(ὸς) σακκᾷ   ̣  ̣  
(*) παρὰ (τάλαντα(?)) ε λ̣ο̣ι̣(πὸν) ὀφίλι(*) σάκκο̣υ̣ς̣ ι̣  
(*) (hand 4) ἐλαβι(*) Ἀνο̣ῦ̣τις μυρ[ι]άδα̣ς̣ ι̣ϛ̣  
(*) ὁ αὐτὸς Ἀνοῦτις (ἀρτάβην) α (τάλαντα) ν  
(*) ὁ αὐτὸς σίτου (ἀρτάβην) α  
45(*) ὁ αὐτὸς ἄλλην (ἀρτάβην) α  
Traces 1 line  ","   hand 2 Μεχείρ 
 hand 1 λόγος Διεσκόρου τ̣ο̣ῦ̣ σακκᾶ 
30 ἐλαβι τρίχια λίτρας λίτρας σν, 
 σάκκων εἴκοσι πέντε 
 πρὸς λίτρας δέκα , ἀπουσίας λίτρας γ, 
 ὡς ἑκάστου σάκκου πρὸς λίτρας ζ  
 τιμῆς τοῦ σάκκου τάλαντα λ  
35 hand 3? ὡς ἀριθμῷ τελοῦμεν σακκᾷ κατ̣ὰ 
 σάκκων τάλαντα δεκάπεντε τάλαντα ι̣ε̣  
 ὧν ἐλαβι ὁ σακκᾶς· 
 σίτου ἀρτάβας τρεῖς ἀρτάβας γ τάλαντα ρν̣  
 ἄλλην τ̣ά̣λαν̣τ̣α̣ ν̣. 
40 ἐπληρώ̣θη μ̣ι̣σ̣θ̣ὸς σακκᾷ   ̣  ̣  
 παρὰ τάλαντα? ε λ̣ο̣ι̣πὸν ὀφίλι σάκκο̣υ̣ς̣ ι̣  
 hand 4 ἐλαβι Ἀνο̣ῦ̣τις μυριάδα̣ς̣ ι̣ϛ̣  
 ὁ αὐτὸς Ἀνοῦτις ἀρτάβην α τάλαντα ν  
 ὁ αὐτὸς σίτου ἀρτάβην α  
45 ὁ αὐτὸς ἄλλην ἀρτάβην α  
Traces 1 line  ","31.25,30.25",31.25,30.25,31.395000000000003,13.696428571428571,13
164,,,© Heidelberger Gesamtverzeichnis der griechischen Papyrusurkunden Ägyptens. This work is licensed under a Creative Commons Attribution 3.0 License.,,,,,Andromachis und Hermopolis,,,,,VIII 2,,Papyrus,,"P. Abinn. 68 Vo (Bell, Harold Idris / Martin, Victor / Turner, Eric Gardner / van Berchem, Denis; 1962) = P. Lond. 2 p. 312 no. 427 Vo (Kenyon, Frederic G. / / / ; 1898)",keiner,,,,Papyrus,other text(s) on the same object: 100560,http://www.bl.uk/manuscripts/FullDisplay.aspx?ref=Papyrus_42...,mentioned people,Abrechnung eines Säckemachers; Eingang von Haaren; Zahlungen; Getreide; Geld; Löhne,,"Zur Datierung vgl. BL VIII, S. 2. Tage: 26. (27.) Jan. - 24. (25.) Febr. Zum Ort vgl. P.Abinn. 68, Z. 16 - 27.",,,"London, British Library Pap 427 Vo",,,,,,"Egypt, 00b - Themistou Meris[written]; Egypt, 00b - Dionysias (Qasr Qarun)[found]",,,,"AD 348 about (Mecheir (Jan 26 - Feb 24); cf. BL 8, p. 2)",,,,,,,,,,mentioned places,,Greek,keine,,,,,,Flavius Abinnaeus praefectus alae,,,,keine,,ca. 348 - 351,"P.Lond. II 427 R (S. 311 - 312), Z. 1 - 12",Liste; Zahlungen; Getreide; Namen,,Andromachis und Hermopolis (Arsinoites),,,,,,,,,,,© Heidelberger Gesamtverzeichnis der griechischen Papyrusurkunden Ägyptens. This work is licensed under a Creative Commons Attribution 3.0 License.,,VIII 2,,,,,,"Zur Datierung vgl. BL VIII, S. 2. Zum Ort vgl. Z. 16 und 20.",,,Papyrus,,,,,,,,keiner,Papyrus,http://www.bl.uk/manuscripts/FullDisplay.aspx?ref=Papyrus_42...,,,,,,,,"  (*) (hand 2) Μεχείρ 
(*) (hand 1) λόγος Διεσκόρου τ̣ο̣ῦ̣ σακκᾶ 
30(*) ἐλαβι(*) τρίχια λίτρας λί(τρας) σν, 
(*) σάκκων εἴκοσι πέντε 
(*) πρὸς λίτρας δέκα , ἀπουσίας λί(τρας) γ, 
(*) ὡς ἑκάστου σάκκου πρὸς λί(τρας) ζ  
(*) τι(μῆς) τοῦ σάκκου (τάλαντα) λ  
35(*) (hand 3?) ὡς ἀρ(ιθμῷ) τελοῦ(μεν) σακκᾷ κατ̣ὰ 
(*) σάκκων(*) τάλαντα δεκάπεντε (τάλαντα) ι̣ε̣  
(*) ὧν ἐλαβι(*) ὁ σακκᾶς· 
(*) σίτου ἀρτάβας τρεῖς (ἀρτάβας) γ (τάλαντα) ρν̣  
(*) ἄλλην τ̣ά̣λαν̣τ̣α̣ ν̣. 
40(*) ἐπληρώ̣θη μ̣ι̣σ̣θ̣(ὸς) σακκᾷ   ̣  ̣  
(*) παρὰ (τάλαντα(?)) ε λ̣ο̣ι̣(πὸν) ὀφίλι(*) σάκκο̣υ̣ς̣ ι̣  
(*) (hand 4) ἐλαβι(*) Ἀνο̣ῦ̣τις μυρ[ι]άδα̣ς̣ ι̣ϛ̣  
(*) ὁ αὐτὸς Ἀνοῦτις (ἀρτάβην) α (τάλαντα) ν  
(*) ὁ αὐτὸς σίτου (ἀρτάβην) α  
45(*) ὁ αὐτὸς ἄλλην (ἀρτάβην) α  
Traces 1 line  ","   hand 2 Μεχείρ 
 hand 1 λόγος Διεσκόρου τ̣ο̣ῦ̣ σακκᾶ 
30 ἐλαβι τρίχια λίτρας λίτρας σν, 
 σάκκων εἴκοσι πέντε 
 πρὸς λίτρας δέκα , ἀπουσίας λίτρας γ, 
 ὡς ἑκάστου σάκκου πρὸς λίτρας ζ  
 τιμῆς τοῦ σάκκου τάλαντα λ  
35 hand 3? ὡς ἀριθμῷ τελοῦμεν σακκᾷ κατ̣ὰ 
 σάκκων τάλαντα δεκάπεντε τάλαντα ι̣ε̣  
 ὧν ἐλαβι ὁ σακκᾶς· 
 σίτου ἀρτάβας τρεῖς ἀρτάβας γ τάλαντα ρν̣  
 ἄλλην τ̣ά̣λαν̣τ̣α̣ ν̣. 
40 ἐπληρώ̣θη μ̣ι̣σ̣θ̣ὸς σακκᾷ   ̣  ̣  
 παρὰ τάλαντα? ε λ̣ο̣ι̣πὸν ὀφίλι σάκκο̣υ̣ς̣ ι̣  
 hand 4 ἐλαβι Ἀνο̣ῦ̣τις μυριάδα̣ς̣ ι̣ϛ̣  
 ὁ αὐτὸς Ἀνοῦτις ἀρτάβην α τάλαντα ν  
 ὁ αὐτὸς σίτου ἀρτάβην α  
45 ὁ αὐτὸς ἄλλην ἀρτάβην α  
Traces 1 line  ","31.25,30.25",31.25,30.25,31.395000000000003,13.696428571428571,13
