Unnamed: 0,Condition (HGV),Author (HGV),License (HGV),Culture (HGV),Script Type (HGV),Previous Edition (HGV),Preservation (HGV),Origin (HGV),Catalog(s) (HGV),Work (HGV),Summary (HGV),Recto/Verso (HGV),Post-Concordance BL Entries (HGV),Genre (HGV),Material (HGV),Support Dimensions (HGV),Publications (HGV),Title (HGV),Translations (HGV),Support Material (HGV),Note (general) (HGV),Support/Dimensions (HGV),Reuse Type (HGV),Images (HGV),People (HGV),Subjects (HGV),Hands (HGV),Commentary (HGV),General Notes (HGV),Place Stored (Ancient) (HGV),Inv. no. (HGV),Principal Edition (HGV),Lines (HGV),Citations (HGV),Availability (HGV),palaeo (HGV),Provenance (HGV),Religion (HGV),catalogue (HGV),Partial Edition (HGV),Date (HGV),translation (HGV),study (HGV),Reference Edition (HGV),Fragments (HGV),reference (HGV),Associated Names (HGV),Works (HGV),Inv. Id (HGV),Form and Layout (HGV),Places (HGV),illustration (HGV),Language (HGV),Print Illustrations (HGV),Note (local/note) (HGV),Note (related) (HGV),Content (HGV),Readings (HGV),Mentioned Dates (HGV),Archive (HGV),Fragments (Tris),General Notes (Tris),Genre (Tris),Print Illustrations (Tris),Reuse Type (Tris),Date (Tris),Publications (Tris),Subjects (Tris),illustration (Tris),Origin (Tris),Translations (Tris),Reference Edition (Tris),Partial Edition (Tris),Support Dimensions (Tris),Provenance (Tris),Availability (Tris),Work (Tris),Content (Tris),Form and Layout (Tris),catalogue (Tris),License (Tris),Previous Edition (Tris),Post-Concordance BL Entries (Tris),Support Material (Tris),Principal Edition (Tris),Citations (Tris),People (Tris),translation (Tris),Commentary (Tris),Inv. Id (Tris),Place Stored (Ancient) (Tris),Support/Dimensions (Tris),Script Type (Tris),Culture (Tris),Catalog(s) (Tris),Mentioned Dates (Tris),study (Tris),palaeo (Tris),Readings (Tris),Title (Tris),Material (Tris),Images (Tris),Religion (Tris),Works (Tris),Language (Tris),Inv. no. (Tris),Places (Tris),Archive (Tris),reference (Tris),text,cleanText,Coordinates,Latitude,Longitude,relLat,relLong,Cluster
143,,,© Heidelberger Gesamtverzeichnis der griechischen Papyrusurkunden Ägyptens. This work is licensed under a Creative Commons Attribution 3.0 License.,,,,,Oberägypten,,,,,,,Ostrakon,,"O. Strasb. 1 610 (Viereck, Paul; 1923)",keiner,,,,Ostrakon,,,,Abrechnung; Naturalien,,,,,"Strasbourg, Bibliothèque Nationale O. gr. 831",,,,,,"Egypt, U - Upper Egypt[found & written]",,,,AD 100 - 199,,,,,,,,,,,,Greek,,,,,,,,,,,,,II,O.Strasb. 1 610,Abrechnung; Naturalien,,Oberägypten,,,,,,,,,,,© Heidelberger Gesamtverzeichnis der griechischen Papyrusurkunden Ägyptens. This work is licensed under a Creative Commons Attribution 3.0 License.,,,,,,,,,,,Ostrakon,,,,,,,,keiner,Ostrakon,,,,,,,,,"  [⁦ -ca.?- ⁩]αῆσις 
[⁦ -ca.?- ⁩]  ̣  ̣  ̣οικου (δραχμὰς) Γτμ  
[⁦ -ca.?- ⁩ λ]αμβάνεις λαχάνου (ἀρτάβας) γ  
[⁦ -ca.?- ⁩ ἀν]αλωμάτων ὑπὸ σοῦ 
5[⁦ -ca.?- ⁩] (δραχμὰς) Βυμη  
[⁦ -ca.?- ⁩] ὑπὲρ τιμῆ(ς) ἀψαριδίων(*) (δραχμὰς) \τη/ σπη. ","  ⁦ -ca.?- ⁩αῆσις 
⁦ -ca.?- ⁩  ̣  ̣  ̣οικου δραχμὰς Γτμ  
⁦ -ca.?- ⁩ λαμβάνεις λαχάνου ἀρτάβας γ  
⁦ -ca.?- ⁩ ἀναλωμάτων ὑπὸ σοῦ 
5⁦ -ca.?- ⁩ δραχμὰς Βυμη  
⁦ -ca.?- ⁩ ὑπὲρ τιμῆς ἀψαριδίων δραχμὰς \τη/ σπη. ","38.75,29.75",38.75,29.75,31.005000000000003,6.732142857142857,14
150,,,© Heidelberger Gesamtverzeichnis der griechischen Papyrusurkunden Ägyptens. This work is licensed under a Creative Commons Attribution 3.0 License.,,,,,Oberägypten,,,,,X 304,,Ostrakon,,"O. Wilb. 76 (Préaux, Claire; 1935)",Administration de biens confisqués par l’État,,,,Ostrakon,,,,Verkauf; Land; Staat,,,,,"New York, Brooklyn Museum Accession no. 16.580.454; . formerly: New York, Brooklyn Museum Accession no. 12768.1776 [76]",,,,,,"Egypt, U04b - Memnoneia - Djeme (Thebes west)[found & written]",,,,AD 117 - 161?,,,,,,,,,,,,Greek,,,,,,,,,,,,,117 - 161 (?),O.Wilb. 76,Verkauf; Land; Staat,,Oberägypten,,,,,,,,,,,© Heidelberger Gesamtverzeichnis der griechischen Papyrusurkunden Ägyptens. This work is licensed under a Creative Commons Attribution 3.0 License.,,X 304,,,,,,,,,Ostrakon,,,,,,,,Administration de biens confisqués par l’État,Ostrakon,,,,,,,,,"  ἔγλογο(ς) ἐπιτηρ(ήσεως) ὑπαρχ(όντων) (πρότερον) νεκ(ροτάφων) ὄντ(ων) ἐν τ(αῖς) νεκρί(αις) 
ιζ (ἔτους). εἰσὶν αἱ περιγενόμεναι 
ἐξ ἐπιτηρ(ήσεως) ⟦ἡμῶν⟧ φοινίκ(ων) (πυροῦ ἀρτάβαι) ια  
αἱ καὶ πραθ(εῖσαι) (πυροῦ ἀρτάβαι) ἐκ (δραχμῶν) ε (γίνονται) (δραχμαὶ) νε  
5καὶ ὁμ(οίως) κούκεα ἀριθ(μῷ) ε  ϛΓ  
τὰ καὶ πραθ(έντα) διʼ ἡμῶν ὁμο(ίως) ἐπὶ τ(ῆς) 
ξένης ωμ (ὀβολοὺς) β  𐅵 (γίνονται) ἐπὶ τὸ α(ὐτὸ) 
τιμὴ φοι(νίκων) καὶ κούκ(εων) (δραχμαὶ) ωϙε (ὀβολοὶ) β  𐅵. ","  ἔγλογος ἐπιτηρήσεως ὑπαρχόντων πρότερον νεκροτάφων ὄντων ἐν ταῖς νεκρίαις 
ιζ ἔτους. εἰσὶν αἱ περιγενόμεναι 
ἐξ ἐπιτηρήσεως ⟦ἡμῶν⟧ φοινίκων πυροῦ ἀρτάβαι ια  
αἱ καὶ πραθεῖσαι πυροῦ ἀρτάβαι ἐκ δραχμῶν ε γίνονται δραχμαὶ νε  
5καὶ ὁμοίως κούκεα ἀριθμῷ ε  ϛΓ  
τὰ καὶ πραθέντα διʼ ἡμῶν ὁμοίως ἐπὶ τῆς 
ξένης ωμ ὀβολοὺς β  𐅵 γίνονται ἐπὶ τὸ αὐτὸ 
τιμὴ φοινίκων καὶ κούκεων δραχμαὶ ωϙε ὀβολοὶ β  𐅵. ","38.75,29.75",38.75,29.75,31.005000000000003,6.732142857142857,14
