Unnamed: 0,Condition (HGV),Author (HGV),License (HGV),Culture (HGV),Script Type (HGV),Previous Edition (HGV),Preservation (HGV),Origin (HGV),Catalog(s) (HGV),Work (HGV),Summary (HGV),Recto/Verso (HGV),Post-Concordance BL Entries (HGV),Genre (HGV),Material (HGV),Support Dimensions (HGV),Publications (HGV),Title (HGV),Translations (HGV),Support Material (HGV),Note (general) (HGV),Support/Dimensions (HGV),Reuse Type (HGV),Images (HGV),People (HGV),Subjects (HGV),Hands (HGV),Commentary (HGV),General Notes (HGV),Place Stored (Ancient) (HGV),Inv. no. (HGV),Principal Edition (HGV),Lines (HGV),Citations (HGV),Availability (HGV),palaeo (HGV),Provenance (HGV),Religion (HGV),catalogue (HGV),Partial Edition (HGV),Date (HGV),translation (HGV),study (HGV),Reference Edition (HGV),Fragments (HGV),reference (HGV),Associated Names (HGV),Works (HGV),Inv. Id (HGV),Form and Layout (HGV),Places (HGV),illustration (HGV),Language (HGV),Print Illustrations (HGV),Note (local/note) (HGV),Note (related) (HGV),Content (HGV),Readings (HGV),Mentioned Dates (HGV),Archive (HGV),Fragments (Tris),General Notes (Tris),Genre (Tris),Print Illustrations (Tris),Reuse Type (Tris),Date (Tris),Publications (Tris),Subjects (Tris),illustration (Tris),Origin (Tris),Translations (Tris),Reference Edition (Tris),Partial Edition (Tris),Support Dimensions (Tris),Provenance (Tris),Availability (Tris),Work (Tris),Content (Tris),Form and Layout (Tris),catalogue (Tris),License (Tris),Previous Edition (Tris),Post-Concordance BL Entries (Tris),Support Material (Tris),Principal Edition (Tris),Citations (Tris),People (Tris),translation (Tris),Commentary (Tris),Inv. Id (Tris),Place Stored (Ancient) (Tris),Support/Dimensions (Tris),Script Type (Tris),Culture (Tris),Catalog(s) (Tris),Mentioned Dates (Tris),study (Tris),palaeo (Tris),Readings (Tris),Title (Tris),Material (Tris),Images (Tris),Religion (Tris),Works (Tris),Language (Tris),Inv. no. (Tris),Places (Tris),Archive (Tris),reference (Tris),text,cleanText,Coordinates,Latitude,Longitude,relLat,relLong,Cluster
311,,,This work is licensed under a Creative Commons Attribution-NonCommercial 3.0 License.,,,,,Provenance unknown,,,Letter,,,,Papyrus,,"P. Got. 37 descr. (Frisk, Hjalmar; 1929)",Lettre,,,Recto: 11 fragmentary lines against the fibres; Verso: 1 fragmentary line with the fibres,Pap.; 20.0 x 15.5 cm,,http://papyri.info/apis/gothenburg.apis.27...,mentioned people,Papyri; Letter; Grain,,Descr.,,,"Göteborg, Universitetsbibliotek 20",,,P. Got. 37 descr. [TM 38712],,,Egypt[found & written],,,,VII A.D.,,,,,,Phoibammon N(e)ilos; Phoibammon N(e)ilos,,P. Got. inv. 20,,,,Greek,,,,,,,,,,,,,VII,P.Got. 37,Brief (privat); N.N. an N.N.; Kauf; Getreide; Kirche,,unbekannt,,,,,,,,,,,© Heidelberger Gesamtverzeichnis der griechischen Papyrusurkunden Ägyptens. This work is licensed under a Creative Commons Attribution 3.0 License.,,,,,,,,Descr.,,,Papyrus,,,,,,,,Lettre,Papyrus,http://papyri.info/apis/gothenburg.apis.27...,,,,,,,,"   π(  )(*)  
[⁦ -ca.?- ⁩ τ]ῆς ὑμῶν κοσμιότητος καὶ εἵνα   ̣[  ̣]  ̣γιν τούτων(*) τῶν δ̣[⁦ -ca.?- ⁩] 
[⁦ -ca.?- ⁩ το]ῦ σίτου καὶ τῶν κριθῶν. μεταδέδωκέν μοι δὲ Φοιβ[άμμων ⁦ -ca.?- ⁩] 
[⁦ -ca.?- ⁩ ἐδ]έξατο τὰ ἓξ νομίσματα παρὰ ἄπα Νίλου τοῦ [⁦ -ca.?- ⁩] 
[⁦ -ca.?- ⁩] παρ’(*) ἑαυτῷ καὶ σὺν θεῷ αὐτοῦ κατ̣α̣λ̣α̣μ̣βάνων [⁦ -ca.?- ⁩] 
5[⁦ -ca.?- ⁩]αυτα πέμπει(*) ὑμῖν σὺν θεῷ δὲ ὑπε̣ννομεν(*) καὶ [⁦ -ca.?- ⁩] 
[⁦ -ca.?- ⁩] καὶ ὁ καλὸς κόμες ἐφʼ ἑκάστου σὺν θεῷ διδάσκει̣ [⁦ -ca.?- ⁩] 
Traces 1 line  
8[⁦ -ca.?- ⁩ μ]ε̣γ̣αλ̣οπρεπεστάτου(*) ἄρχοντος κάτω [⁦ -ca.?- ⁩] 
Traces 3 lines  ","   π    
⁦ -ca.?- ⁩ τῆς ὑμῶν κοσμιότητος καὶ εἵνα   ̣  ̣  ̣γιν τούτων τῶν δ̣⁦ -ca.?- ⁩ 
⁦ -ca.?- ⁩ τοῦ σίτου καὶ τῶν κριθῶν. μεταδέδωκέν μοι δὲ Φοιβάμμων ⁦ -ca.?- ⁩ 
⁦ -ca.?- ⁩ ἐδέξατο τὰ ἓξ νομίσματα παρὰ ἄπα Νίλου τοῦ ⁦ -ca.?- ⁩ 
⁦ -ca.?- ⁩ παρ’ ἑαυτῷ καὶ σὺν θεῷ αὐτοῦ κατ̣α̣λ̣α̣μ̣βάνων ⁦ -ca.?- ⁩ 
5⁦ -ca.?- ⁩αυτα πέμπει ὑμῖν σὺν θεῷ δὲ ὑπε̣ννομεν καὶ ⁦ -ca.?- ⁩ 
⁦ -ca.?- ⁩ καὶ ὁ καλὸς κόμες ἐφʼ ἑκάστου σὺν θεῷ διδάσκει̣ ⁦ -ca.?- ⁩ 
Traces 1 line  
8⁦ -ca.?- ⁩ με̣γ̣αλ̣οπρεπεστάτου ἄρχοντος κάτω ⁦ -ca.?- ⁩ 
Traces 3 lines  ","31.5,26.5",31.5,26.5,28.47,13.464285714285714,15
622,,,This work is licensed under a Creative Commons Attribution-NonCommercial 3.0 License.,,,,,Provenance Unknown,,,"Order from Psenamounis to the baker, Atio, to pay 1,100 drachmas in silver for grain. The money is to be paid from funds in Atio's possession",,,,Papyrus,,"P. Princ. 3 156 (Johnson, Allan Chester / Goodrich, Sidney Pullman; 1942)",Money-Order,,,"The hand is a tiny, upright cursive",1 papyrus fragment; 6 x 12 cm,,https://dpul.princeton.edu/papyri/catalog/g732dd33r...,mentioned people,Papyri; Order,,"Zur Datierung vgl. BL VII, S. 169.",,,"Princeton, University Library Garrett deposit 7736 a",,,P.Princ.:3:156,,,Egypt[found & written],,,,"AD 301, December 3",,,,,,,,GD 7736 A,,,,In Greek,,GD 7736 A: mounted with P.Princeton III 171,,,,,,,,,,,3. Dez. 301,P.Princ. 3 156,Anweisung; Zahlung; Geld,,unbekannt,,,,,,,,,,,© Heidelberger Gesamtverzeichnis der griechischen Papyrusurkunden Ägyptens. This work is licensed under a Creative Commons Attribution 3.0 License.,,,,,,,,"Zur Datierung vgl. BL VII, S. 169.",,,Papyrus,,,,,,,,Money - Order,Papyrus,https://dpul.princeton.edu/papyri/catalog/g732dd33r...,,,,,,,,"  π(αρὰ) Ψεναμούνιος Ἀτίωνι ἀρτοκόπ(ῳ) χαίρειν. 
δὸς Ἀπολλωνίῳ ἀφʼ ὧν ἔχεις ὑπὲρ τιμῆς σίτου 
ἀργυρίου δραχμὰς χιλείας(*) ἑκατόν, 
(γίνονται) Αρ. 
5(ἔτους) ιη(*) καὶ ιζ καὶ ι Χοίακ ζ. ἔρρωσο. ","  παρὰ Ψεναμούνιος Ἀτίωνι ἀρτοκόπῳ χαίρειν. 
δὸς Ἀπολλωνίῳ ἀφʼ ὧν ἔχεις ὑπὲρ τιμῆς σίτου 
ἀργυρίου δραχμὰς χιλείας ἑκατόν, 
γίνονται Αρ. 
5ἔτους ιη καὶ ιζ καὶ ι Χοίακ ζ. ἔρρωσο. ","31.5,26.5",31.5,26.5,28.47,13.464285714285714,15
