Unnamed: 0,Condition (HGV),Author (HGV),License (HGV),Culture (HGV),Script Type (HGV),Previous Edition (HGV),Preservation (HGV),Origin (HGV),Catalog(s) (HGV),Work (HGV),Summary (HGV),Recto/Verso (HGV),Post-Concordance BL Entries (HGV),Genre (HGV),Material (HGV),Support Dimensions (HGV),Publications (HGV),Title (HGV),Translations (HGV),Support Material (HGV),Note (general) (HGV),Support/Dimensions (HGV),Reuse Type (HGV),Images (HGV),People (HGV),Subjects (HGV),Hands (HGV),Commentary (HGV),General Notes (HGV),Place Stored (Ancient) (HGV),Inv. no. (HGV),Principal Edition (HGV),Lines (HGV),Citations (HGV),Availability (HGV),palaeo (HGV),Provenance (HGV),Religion (HGV),catalogue (HGV),Partial Edition (HGV),Date (HGV),translation (HGV),study (HGV),Reference Edition (HGV),Fragments (HGV),reference (HGV),Associated Names (HGV),Works (HGV),Inv. Id (HGV),Form and Layout (HGV),Places (HGV),illustration (HGV),Language (HGV),Print Illustrations (HGV),Note (local/note) (HGV),Note (related) (HGV),Content (HGV),Readings (HGV),Mentioned Dates (HGV),Archive (HGV),Fragments (Tris),General Notes (Tris),Genre (Tris),Print Illustrations (Tris),Reuse Type (Tris),Date (Tris),Publications (Tris),Subjects (Tris),illustration (Tris),Origin (Tris),Translations (Tris),Reference Edition (Tris),Partial Edition (Tris),Support Dimensions (Tris),Provenance (Tris),Availability (Tris),Work (Tris),Content (Tris),Form and Layout (Tris),catalogue (Tris),License (Tris),Previous Edition (Tris),Post-Concordance BL Entries (Tris),Support Material (Tris),Principal Edition (Tris),Citations (Tris),People (Tris),translation (Tris),Commentary (Tris),Inv. Id (Tris),Place Stored (Ancient) (Tris),Support/Dimensions (Tris),Script Type (Tris),Culture (Tris),Catalog(s) (Tris),Mentioned Dates (Tris),study (Tris),palaeo (Tris),Readings (Tris),Title (Tris),Material (Tris),Images (Tris),Religion (Tris),Works (Tris),Language (Tris),Inv. no. (Tris),Places (Tris),Archive (Tris),reference (Tris),text,cleanText,Coordinates,Latitude,Longitude,relLat,relLong,Cluster
302,,,© Heidelberger Gesamtverzeichnis der griechischen Papyrusurkunden Ägyptens. This work is licensed under a Creative Commons Attribution 3.0 License.,,,,,Dionysias,,,,,,,Papyrus,,"P. Gen.(2) 1 8 bis (Schubert, Paul; 2002) = P. Gen. 1 8 bis (Nicole, Jules; 1906)",Contrat de vente de graines de légumes avec paiement anticipé,,,,Papyrus,,http://www.ville-ge.ch/musinfo/imageZoom/?iip=bgeiip/papyrus...,mentioned people,Vertrag; Darlehen; Saat; Geld; (Vorauszahlung),,,,,"Geneva, Bibliothèque P. Gr. 41",,,,,,"Egypt, 00b - Dionysias (Qasr Qarun)[written]; Egypt, 00 - Arsinoites (Fayum)[found]",,,,"AD 140 Aug 29 - 141 Aug 28 (Antoninus Pius, year 05)",,,,,,,,,,,,Greek,pl. IX,,,,,,,,,,pl. IX,,140 - 141,P.Gen. 1 (2e éd.) 8 bis,Vertrag; Darlehen; Saat; Geld; (Vorauszahlung),,Dionysias (Arsinoites),,,,,,,,,,,© Heidelberger Gesamtverzeichnis der griechischen Papyrusurkunden Ägyptens. This work is licensed under a Creative Commons Attribution 3.0 License.,,,,,,,,,,,Papyrus,,,,,,,,Contrat de vente de graines de légumes avec paiement anticipé,Papyrus,http://www.ville-ge.ch/musinfo/imageZoom/?iip=bgeiip/papyrus...,,,,,,,,"  [⁦ -ca.?- ⁩]ριος[⁦ -ca.?- ⁩] 
[⁦ -ca.?- ⁩]δι[⁦ -ca.?- ⁩] 
[⁦ -ca.?- ⁩]οητι[⁦ -ca.?- ⁩] 
[⁦ -ca.?- ⁩]  ̣  ̣  ̣  ̣  ̣[⁦ -ca.?- ⁩] 
5[⁦ -ca.?- ⁩]ντω  ̣  ̣  ̣ου[⁦ -ca.?- ⁩] 
5a[⁦ -ca.?- ⁩]  ̣[⁦ -ca.?- ⁩] 
[⁦ -ca.?- ⁩]α̣ν[⁦ -ca.?- ⁩ τοῦ εἰ-]
σ̣ι̣ό̣ν[τος] πέμπ̣[τ]ου̣ ἔ̣[τους] Ἀ̣ν̣[των]ε̣ί̣[νου Καίσαρος] 
τ̣οῦ κυρ̣[ίο]υ. τὸ δ̣[ὲ λ]αχ̣α̣ν̣[ό]σπερμ̣[ο]ν̣ [ἀποδότω] 
ὁ̣ Στοτοῆ̣τις τῷ Διδύ̣μῳ ἢ̣ τ̣ῇ Φ̣λ̣α̣ο̣[υίᾳ Διοκλείᾳ] 
10ἐν τῷ α̣ὐ̣[τ]ῷ μηνὶ Φαῶφ̣ι τοῦ αὐ̣τ̣οῦ̣ [εἰσιόντος] 
π̣έμπτο̣[υ] ἔ̣τους ἀνυπερθέτως, τ̣[ῆς πράξ-]
[ε]ως ο̣[ὔ]σ̣η̣[ς τ]ῷ̣ Διδύμ[ῳ] ἢ̣ τ̣ῇ̣ Φλ[αουίᾳ Διο-]
κλ[είᾳ] ἔκ τ̣[ε] τοῦ [Στοτ]ο̣ή̣τιος κ̣[αὶ ἐκ τῶν ὑπαρ-]
χ̣όν̣τ̣ω̣ν α̣ὐτῷ πά̣[ντων], καθά̣[περ ἐκ δίκης.] 
15(hand 2) Στοτ̣[οῆ]τ̣ις Στοτοή̣[τιος] μητρὸς [Ταφιώμιος] 
[ἔ]χω παρ̣[ὰ] τοῦ Διδ̣[ύμου ἐκ] τ̣οῦ τῆς [Φλαουίας] 
[Διοκλείας λ]ό̣γ̣ου ἀρ[γυρίου δραχ]μὰς [- ca.9 -] 
[  ̣  ̣]α̣κ̣[  ̣  ̣  ̣  ̣ τέ]σ̣σ̣αρας ε̣[ἰς τιμὴν] λαχα[νοσπέρμου] 
τ̣ῆς [ἐσο]μ̣ένης τ[ιμῆς, κ]αὶ ἀ̣ποτώ̣[σω](*)[ ἐν τῷ] 
20[μην]ὶ [Φαῶφ]ι τοῦ ἰ[σιόντο]ς(*) πέμ[πτου ἔτους] 
[  ̣  ̣]  ̣  ̣[  ̣  ̣ ὡς π]ρ̣όκιτα[ι](*).","  ⁦ -ca.?- ⁩ριος⁦ -ca.?- ⁩ 
⁦ -ca.?- ⁩δι⁦ -ca.?- ⁩ 
⁦ -ca.?- ⁩οητι⁦ -ca.?- ⁩ 
⁦ -ca.?- ⁩  ̣  ̣  ̣  ̣  ̣⁦ -ca.?- ⁩ 
5⁦ -ca.?- ⁩ντω  ̣  ̣  ̣ου⁦ -ca.?- ⁩ 
5a⁦ -ca.?- ⁩  ̣⁦ -ca.?- ⁩ 
⁦ -ca.?- ⁩α̣ν⁦ -ca.?- ⁩ τοῦ εἰ-
σ̣ι̣ό̣ντος πέμπ̣του̣ ἔ̣τους Ἀ̣ν̣τωνε̣ί̣νου Καίσαρος 
τ̣οῦ κυρ̣ίου. τὸ δ̣ὲ λαχ̣α̣ν̣όσπερμ̣ον̣ ἀποδότω 
ὁ̣ Στοτοῆ̣τις τῷ Διδύ̣μῳ ἢ̣ τ̣ῇ Φ̣λ̣α̣ο̣υίᾳ Διοκλείᾳ 
10ἐν τῷ α̣ὐ̣τῷ μηνὶ Φαῶφ̣ι τοῦ αὐ̣τ̣οῦ̣ εἰσιόντος 
π̣έμπτο̣υ ἔ̣τους ἀνυπερθέτως, τ̣ῆς πράξ-
εως ο̣ὔσ̣η̣ς τῷ̣ Διδύμῳ ἢ̣ τ̣ῇ̣ Φλαουίᾳ Διο-
κλείᾳ ἔκ τ̣ε τοῦ Στοτο̣ή̣τιος κ̣αὶ ἐκ τῶν ὑπαρ-
χ̣όν̣τ̣ω̣ν α̣ὐτῷ πά̣ντων, καθά̣περ ἐκ δίκης. 
15hand 2 Στοτ̣οῆτ̣ις Στοτοή̣τιος μητρὸς Ταφιώμιος 
ἔχω παρ̣ὰ τοῦ Διδ̣ύμου ἐκ τ̣οῦ τῆς Φλαουίας 
Διοκλείας λό̣γ̣ου ἀργυρίου δραχμὰς - ca.9 - 
  ̣  ̣α̣κ̣  ̣  ̣  ̣  ̣ τέσ̣σ̣αρας ε̣ἰς τιμὴν λαχανοσπέρμου 
τ̣ῆς ἐσομ̣ένης τιμῆς, καὶ ἀ̣ποτώ̣σω ἐν τῷ 
20μηνὶ Φαῶφι τοῦ ἰσιόντος πέμπτου ἔτους 
  ̣  ̣  ̣  ̣  ̣  ̣ ὡς πρ̣όκιται.","32.707083,36.5652865",32.707083,36.5652865,36.32092347,12.34342292857143,19
