Unnamed: 0,Condition (HGV),Author (HGV),License (HGV),Culture (HGV),Script Type (HGV),Previous Edition (HGV),Preservation (HGV),Origin (HGV),Catalog(s) (HGV),Work (HGV),Summary (HGV),Recto/Verso (HGV),Post-Concordance BL Entries (HGV),Genre (HGV),Material (HGV),Support Dimensions (HGV),Publications (HGV),Title (HGV),Translations (HGV),Support Material (HGV),Note (general) (HGV),Support/Dimensions (HGV),Reuse Type (HGV),Images (HGV),People (HGV),Subjects (HGV),Hands (HGV),Commentary (HGV),General Notes (HGV),Place Stored (Ancient) (HGV),Inv. no. (HGV),Principal Edition (HGV),Lines (HGV),Citations (HGV),Availability (HGV),palaeo (HGV),Provenance (HGV),Religion (HGV),catalogue (HGV),Partial Edition (HGV),Date (HGV),translation (HGV),study (HGV),Reference Edition (HGV),Fragments (HGV),reference (HGV),Associated Names (HGV),Works (HGV),Inv. Id (HGV),Form and Layout (HGV),Places (HGV),illustration (HGV),Language (HGV),Print Illustrations (HGV),Note (local/note) (HGV),Note (related) (HGV),Content (HGV),Readings (HGV),Mentioned Dates (HGV),Archive (HGV),Fragments (Tris),General Notes (Tris),Genre (Tris),Print Illustrations (Tris),Reuse Type (Tris),Date (Tris),Publications (Tris),Subjects (Tris),illustration (Tris),Origin (Tris),Translations (Tris),Reference Edition (Tris),Partial Edition (Tris),Support Dimensions (Tris),Provenance (Tris),Availability (Tris),Work (Tris),Content (Tris),Form and Layout (Tris),catalogue (Tris),License (Tris),Previous Edition (Tris),Post-Concordance BL Entries (Tris),Support Material (Tris),Principal Edition (Tris),Citations (Tris),People (Tris),translation (Tris),Commentary (Tris),Inv. Id (Tris),Place Stored (Ancient) (Tris),Support/Dimensions (Tris),Script Type (Tris),Culture (Tris),Catalog(s) (Tris),Mentioned Dates (Tris),study (Tris),palaeo (Tris),Readings (Tris),Title (Tris),Material (Tris),Images (Tris),Religion (Tris),Works (Tris),Language (Tris),Inv. no. (Tris),Places (Tris),Archive (Tris),reference (Tris),text,cleanText,Coordinates,Latitude,Longitude,relLat,relLong,Cluster
130,,,© Heidelberger Gesamtverzeichnis der griechischen Papyrusurkunden Ägyptens. This work is licensed under a Creative Commons Attribution 3.0 License.,,,,,Koptos,,,,,,,Ostrakon,,"O. Petrie Mus. 281 (Erdas, Donatella; 2012) = O. Petrie 195 (Tait, John Gavin; 1930)",Ricevuta di τιμὴ πυροῦ ἀρταβῶν διοικήσεως,,,,Ostrakon,,http://petriecat.museums.ucl.ac.uk/dispatcher.aspx?action=se...,mentioned people,"Quittung; Steuer (Geldwert für Weizen, Gerste, Rizinus); Bank",,,,,"London, University College, Petrie Museum UC 32659",,,,,,"Egypt, U05 - Koptos (Qift)[found & written]",,,,BC 4 Jan 25,,,,,,,,"London, UC Inv. Nr. 32659",,mentioned places,,Greek,beiliegende DVD,,,,,,,,,,beiliegende DVD,,25. Jan. 4 v.Chr.,O.Petr. 195,"Quittung; Steuer (Geldwert für Weizen, Gerste, Rizinus); Bank",,Koptos,,,,,,,,,,,© Heidelberger Gesamtverzeichnis der griechischen Papyrusurkunden Ägyptens. This work is licensed under a Creative Commons Attribution 3.0 License.,,,,,,,,,"London, UC Inv. Nr. 32659",,Ostrakon,,,,,,,,Ricevuta di τιμὴ πυροῦ ἀρταβῶν διοικήσεως,Ostrakon,http://petriecat.museums.ucl.ac.uk/dispatcher.aspx?action=se...,,,,,,,,"  διαγέγρα(φε) διὰ τῆς Ἑρμ(ίου) τρ̣α̣(πέζης) ὑ̣π̣(ὲρ) τιμ(ῆς) (πυροῦ ἀρταβῶν)(*)  
διο(ικήσεως) κε [(ἔτους) κά]τ̣ω τοπ(αρχίας) Ἁ̣ρ̣υώθ(ης) Ἁρυώθ(ου)(*)  
(ἀρταβῶν) κγ (δραχμὰς) π  (τριώβολον) καὶ κρ̣ι̣(θῆς) α̣γ̣´ (δραχμὰς) [β] κ̣α̣ὶ̣ κ̣ρό(τωνος)(*)  
(ἀρταβῶν) β  𐅵 (δραχμὰς) η  (τετρώβολον)  (ἡμιωβέλιον) (ἔτους) κϛ Καίσαρος 
5Τῦβ(ι) λ. ","  διαγέγραφε διὰ τῆς Ἑρμίου τρ̣α̣πέζης ὑ̣π̣ὲρ τιμῆς πυροῦ ἀρταβῶν  
διοικήσεως κε ἔτους κάτ̣ω τοπαρχίας Ἁ̣ρ̣υώθης Ἁρυώθου  
ἀρταβῶν κγ δραχμὰς π  τριώβολον καὶ κρ̣ι̣θῆς α̣γ̣´ δραχμὰς β κ̣α̣ὶ̣ κ̣ρότωνος  
ἀρταβῶν β  𐅵 δραχμὰς η  τετρώβολον  ἡμιωβέλιον ἔτους κϛ Καίσαρος 
5Τῦβι λ. ","39.9632817,23.8014465",39.9632817,23.8014465,26.36512827,5.605524135714283,5
131,,,© Heidelberger Gesamtverzeichnis der griechischen Papyrusurkunden Ägyptens. This work is licensed under a Creative Commons Attribution 3.0 License.,,,,,Koptos,,,,,,,Ostrakon,,"O. Petrie Mus. 282 (Erdas, Donatella; 2012) = O. Petrie 196 (Tait, John Gavin; 1930)",Ricevuta di τιμὴ πυροῦ ἀρταβῶν διοικήσεως,,,,Ostrakon,,http://petriecat.museums.ucl.ac.uk/dispatcher.aspx?action=se...,mentioned people,"Quittung; Steuer (Geldwert für Weizen, Gerste, Rizinus); Bank",,,,,"London, University College, Petrie Museum UC 32660",,,,,,"Egypt, U05 - Koptos (Qift)[found & written]",,,,BC 4 Jan 25,,,,,,,,"London, UC Inv. Nr. 32660",,mentioned places,,Greek,beiliegende DVD,,,,,,,,,,beiliegende DVD,,25. Jan. 4 v.Chr.,O.Petr. 196,"Quittung; Steuer (Geldwert für Weizen, Gerste, Rizinus); Bank",,Koptos,,,,,,,,,,,© Heidelberger Gesamtverzeichnis der griechischen Papyrusurkunden Ägyptens. This work is licensed under a Creative Commons Attribution 3.0 License.,,,,,,,,,"London, UC Inv. Nr. 32660",,Ostrakon,,,,,,,,Ricevuta di τιμὴ πυροῦ ἀρταβῶν διοικήσεως,Ostrakon,http://petriecat.museums.ucl.ac.uk/dispatcher.aspx?action=se...,,,,,,,,"  διαγεγρά(φασι)(*) διὰ τῆς Ἑρμ(ίου) τρα(πέζης) ὑπ(ὲρ) τιμ(ῆς) 
(πυροῦ ἀρταβῶν)(*) διο(ικήσεως) κε (ἔτους) κάτω τοπ(αρχίας) 
Ἡρ̣αῆσ̣κ̣(ος)(*) Ἁ̣ρ̣υώθ(ου) καὶ Πετε̣μεν̣ῶ̣(φις) Ὥ̣ρο(υ) 
(πυροῦ ἀρταβῶν)(*)  ζϛ´ (δραχμάς) κε (ἡμιωβέλιον) καὶ κρ(ιθῆς)(*) (ἀρτάβης) α (δραχμάς) γ  (τριώβολον)  
5καὶ̣ κρ̣ό(τωνος)(*) (τετάρτου)(*)  (τετρώβολον)  (ἡμιωβέλιον) (ἔτους) κϛ  
Καίσαρος Τῦβι λ̣  ","  διαγεγράφασι διὰ τῆς Ἑρμίου τραπέζης ὑπὲρ τιμῆς 
πυροῦ ἀρταβῶν διοικήσεως κε ἔτους κάτω τοπαρχίας 
Ἡρ̣αῆσ̣κ̣ος Ἁ̣ρ̣υώθου καὶ Πετε̣μεν̣ῶ̣φις Ὥ̣ρου 
πυροῦ ἀρταβῶν  ζϛ´ δραχμάς κε ἡμιωβέλιον καὶ κριθῆς ἀρτάβης α δραχμάς γ  τριώβολον  
5καὶ̣ κρ̣ότωνος τετάρτου  τετρώβολον  ἡμιωβέλιον ἔτους κϛ  
Καίσαρος Τῦβι λ̣  ","39.9632817,23.8014465",39.9632817,23.8014465,26.36512827,5.605524135714283,5
132,,,© Heidelberger Gesamtverzeichnis der griechischen Papyrusurkunden Ägyptens. This work is licensed under a Creative Commons Attribution 3.0 License.,,,,,Koptos,,,,,,,Ostrakon,,"O. Petrie Mus. 283 (Erdas, Donatella; 2012) = O. Petrie 197 (Tait, John Gavin; 1930)",Ricevuta di τιμὴ πυροῦ ἀρταβῶν διοικήσεως,,,,Ostrakon,,http://petriecat.museums.ucl.ac.uk/dispatcher.aspx?action=se...,mentioned people,Quittung; Steuer (Geldwert für Weizen); Bank,,,,,"London, University College, Petrie Museum UC 32661",,,,,,"Egypt, U05 - Koptos (Qift)[found & written]",,,,BC 4 Jan 25,,,,,,,,"London, UC Inv. Nr. 32661",,mentioned places,,Greek,beiliegende DVD,,,,,,,,,,beiliegende DVD,,25. Jan. 4 v.Chr.,O.Petr. 197,Quittung; Steuer (Geldwert für Weizen); Bank,,Koptos,,,,,,,,,,,© Heidelberger Gesamtverzeichnis der griechischen Papyrusurkunden Ägyptens. This work is licensed under a Creative Commons Attribution 3.0 License.,,,,,,,,,"London, UC Inv. Nr. 32661",,Ostrakon,,,,,,,,Ricevuta di τιμὴ πυροῦ ἀρταβῶν διοικήσεως,Ostrakon,http://petriecat.museums.ucl.ac.uk/dispatcher.aspx?action=se...,,,,,,,,"  δια(γέ)γρα(φε)(*) διὰ τῆς Ἑρμ(ίου) τρα(πέζης) ὑπ(ὲρ) 
τι(μῆς) (πυροῦ ἀρταβῶν)(*) διο(ικήσεως) κε̣ (ἔτους) κάτω̣ (το)π(αρχίας) 
Ψενμῖ(νις) Πε̣τ̣αρουω̣ή̣(ριος)(*)  
(ἀρταβῶν) β (δραχμὰς) ζ (ἔτους) κϛ  
5Καίσαρος Τῦβι λ̣. ","  διαγέγραφε διὰ τῆς Ἑρμίου τραπέζης ὑπὲρ 
τιμῆς πυροῦ ἀρταβῶν διοικήσεως κε̣ ἔτους κάτω̣ τοπαρχίας 
Ψενμῖνις Πε̣τ̣αρουω̣ή̣ριος  
ἀρταβῶν β δραχμὰς ζ ἔτους κϛ  
5Καίσαρος Τῦβι λ̣. ","39.9632817,23.8014465",39.9632817,23.8014465,26.36512827,5.605524135714283,5
133,,,© Heidelberger Gesamtverzeichnis der griechischen Papyrusurkunden Ägyptens. This work is licensed under a Creative Commons Attribution 3.0 License.,,,,,Koptos,,,,,,,Ostrakon,,"O. Petrie Mus. 285 (Erdas, Donatella; 2012) = O. Petrie 199 (Tait, John Gavin; 1930)",Ricevuta di τιμὴ πυροῦ ἀρταβῶν διοικήσεως,,,,Ostrakon,,http://petriecat.museums.ucl.ac.uk/dispatcher.aspx?action=se...,mentioned people,"Quittung; Steuer (Geldwert für Weizen, Gerste); Bank",,,,,"London, University College, Petrie Museum UC 32663",,,,,,"Egypt, U05 - Koptos (Qift)[found & written]",,,,BC 4 Jan 25,,,,,,,,"London, UC Inv. Nr. 32663",,mentioned places,,Greek,beiliegende DVD,,,,,,,,,,beiliegende DVD,,25. Jan. 4 v.Chr.,O.Petr. 199,"Quittung; Steuer (Geldwert für Weizen, Gerste); Bank",,Koptos,,,,,,,,,,,© Heidelberger Gesamtverzeichnis der griechischen Papyrusurkunden Ägyptens. This work is licensed under a Creative Commons Attribution 3.0 License.,,,,,,,,,"London, UC Inv. Nr. 32663",,Ostrakon,,,,,,,,Ricevuta di τιμὴ πυροῦ ἀρταβῶν διοικήσεως,Ostrakon,http://petriecat.museums.ucl.ac.uk/dispatcher.aspx?action=se...,,,,,,,,"  [διαγέγρ]α̣(φε) διὰ τῆς Ἑρμ(ίου) τρα(πέζης) ὑπ(ὲρ) 
[τι(μῆς) (πυροῦ ἀρταβῶν)(*)] διο(ικήσεως) κε (ἔτους) κ̣ά̣τ̣ω τοπ(αρχίας)(*) Ἁρυ̣ώ̣θ̣(ης) 
[Π]εταρπαή(σιος) πυροῦ (ἀρτάβης)(*)  α (δραχμὰς) γ  (τριώβολον)  
[ὑ]π̣οκ(ειμένων) κρ(ιθῆς) (ἀρτάβης) (ἡμίσους) (δραχμάς)(*)  β. (ἔτους) κϛ  
5Καίσαρο(ς) Τῦβι λ. ","  διαγέγρα̣φε διὰ τῆς Ἑρμίου τραπέζης ὑπὲρ 
τιμῆς πυροῦ ἀρταβῶν διοικήσεως κε ἔτους κ̣ά̣τ̣ω τοπαρχίας Ἁρυ̣ώ̣θ̣ης 
Πεταρπαήσιος πυροῦ ἀρτάβης  α δραχμὰς γ  τριώβολον  
ὑπ̣οκειμένων κριθῆς ἀρτάβης ἡμίσους δραχμάς  β. ἔτους κϛ  
5Καίσαρος Τῦβι λ. ","39.9632817,23.8014465",39.9632817,23.8014465,26.36512827,5.605524135714283,5
134,,,© Heidelberger Gesamtverzeichnis der griechischen Papyrusurkunden Ägyptens. This work is licensed under a Creative Commons Attribution 3.0 License.,,,,,Koptos,,,,,,,Ostrakon,,"O. Petrie Mus. 286 (Erdas, Donatella; 2012) = O. Petrie 201 (Tait, John Gavin; 1930)",Ricevuta di τιμὴ πυροῦ ἀρταβῶν διοικήσεως,,,,Ostrakon,,http://petriecat.museums.ucl.ac.uk/dispatcher.aspx?action=se...,mentioned people,"Quittung; Steuer (Geldwert für Weizen, Gerste?, Rizinus); Bank",,,,,"London, University College, Petrie Museum UC 32664",,,,,,"Egypt, U05 - Koptos (Qift)[found & written]",,,,BC 4 Jan 25,,,,,,,,"London, UC Inv. Nr. 32664",,mentioned places,,Greek,beiliegende DVD,,,,,,,,,,beiliegende DVD,,25. Jan. 4 v.Chr.,O.Petr. 201,"Quittung; Steuer (Geldwert für Weizen, Gerste?, Rizinus); Bank",,Koptos,,,,,,,,,,,© Heidelberger Gesamtverzeichnis der griechischen Papyrusurkunden Ägyptens. This work is licensed under a Creative Commons Attribution 3.0 License.,,,,,,,,,"London, UC Inv. Nr. 32664",,Ostrakon,,,,,,,,Ricevuta di τιμὴ πυροῦ ἀρταβῶν διοικήσεως,Ostrakon,http://petriecat.museums.ucl.ac.uk/dispatcher.aspx?action=se...,,,,,,,,"  [διαγέγρα(φε) διὰ] τ̣ῆς Ἑρμ(ίου) τρα(πέζης) ὑπ(ὲρ) 
[τι(μῆς) (πυροῦ ἀρταβῶν) διο(ικήσεως) κε] (ἔτους) κάτ(ω) τοπ(αρχίας)(*) Ἁρυώθ(ης) 
[⁦ -ca.?- ⁩] α̣  (ἡμιωβέλιον) κ(αὶ) κρό(τωνος) α̣η´(*)  
[⁦ -ca.?- ⁩] (ἀρταβων) βη´(*) (δραχμὰς) ζ  (διώβολον)  (ἡμιωβέλιον). 
5[(ἔτους) κϛ Καίσαρος Τ]ῦβι λ. ","  διαγέγραφε διὰ τ̣ῆς Ἑρμίου τραπέζης ὑπὲρ 
τιμῆς πυροῦ ἀρταβῶν διοικήσεως κε ἔτους κάτω τοπαρχίας Ἁρυώθης 
⁦ -ca.?- ⁩ α̣  ἡμιωβέλιον καὶ κρότωνος α̣η´  
⁦ -ca.?- ⁩ ἀρταβων βη´ δραχμὰς ζ  διώβολον  ἡμιωβέλιον. 
5ἔτους κϛ Καίσαρος Τῦβι λ. ","39.9632817,23.8014465",39.9632817,23.8014465,26.36512827,5.605524135714283,5
135,,,© Heidelberger Gesamtverzeichnis der griechischen Papyrusurkunden Ägyptens. This work is licensed under a Creative Commons Attribution 3.0 License.,,,,,Koptos,,,,,,,Ostrakon,,"O. Petrie Mus. 287 (Erdas, Donatella; 2012) = O. Petrie 200 (Tait, John Gavin; 1930)",Ricevuta di τιμὴ πυροῦ ἀρταβῶν διοικήσεως,,,,Ostrakon,,http://petriecat.museums.ucl.ac.uk/dispatcher.aspx?action=se...,mentioned people,Quittung; Steuer (Geldwert für Weizen); Bank,,,,,"London, University College, Petrie Museum UC 32675",,,,,,"Egypt, U05 - Koptos (Qift)[found & written]",,,,BC 4 Jan 25,,,,,,,,"London, UC Inv. Nr. 32675",,mentioned places,,Greek,beiliegende DVD,,,,,,,,,,beiliegende DVD,,25. Jan. 4 v.Chr.,O.Petr. 200,Quittung; Steuer (Geldwert für Weizen); Bank,,Koptos,,,,,,,,,,,© Heidelberger Gesamtverzeichnis der griechischen Papyrusurkunden Ägyptens. This work is licensed under a Creative Commons Attribution 3.0 License.,,,,,,,,,"London, UC Inv. Nr. 32675",,Ostrakon,,,,,,,,Ricevuta di τιμὴ πυροῦ ἀρταβῶν διοικήσεως,Ostrakon,http://petriecat.museums.ucl.ac.uk/dispatcher.aspx?action=se...,,,,,,,,"  δια(γέ)γρα(φε)(*) [διὰ τῆς Ἑρμ(ίου) τρα(πέζης) ὑπ(ὲρ)] 
τι(μῆς) (πυροῦ ἀρταβῶν)(*) δ̣ιο(ικήσεως) [κε (ἔτους) κάτω (το)π(αρχίας) ] 
Ἁρυώθη(ς) [⁦ -ca.?- ⁩] 
(ἀρταβῶν) [⁦ -ca.?- ⁩](*)  
5(ἔτους) κ̣[ϛ Κ]α̣ίσ̣α̣ρ̣[ος Τῦβι λ.] ","  διαγέγραφε διὰ τῆς Ἑρμίου τραπέζης ὑπὲρ 
τιμῆς πυροῦ ἀρταβῶν δ̣ιοικήσεως κε ἔτους κάτω τοπαρχίας  
Ἁρυώθης ⁦ -ca.?- ⁩ 
ἀρταβῶν ⁦ -ca.?- ⁩  
5ἔτους κ̣ϛ Κα̣ίσ̣α̣ρ̣ος Τῦβι λ. ","39.9632817,23.8014465",39.9632817,23.8014465,26.36512827,5.605524135714283,5
405,,,© Heidelberger Gesamtverzeichnis der griechischen Papyrusurkunden Ägyptens. This work is licensed under a Creative Commons Attribution 3.0 License.,,,,,Koitai,,,,,,,Papyrus,,"P. Lond. 7 2006 (Skeat, Theodore Cressy; 1974)",keiner,"Orrieux, Les papyrus de Zenon (1983), S. 143",,,Papyrus,,https://www.bl.uk/manuscripts/FullDisplay.aspx?ref=Papyrus_2...,mentioned people,Brief (Geschäfts-); Zuteilung; Getreide; Hirten; Darlehen; Bad; Zugtiere,,Datierung nach dem makedonischen Regierungsjahr.,,,"London, British Library Pap 2095",,,,,,"Egypt, 00a - Philadelpheia (Gharabet el-Gerza)[destination]; Egypt, 00a - Philadelpheia (Gharabet el-Gerza)[found]; Egypt, 00a - Onniton Koite[written]",,,,"BC 248 Jun 24 (P02, year 38, Pachons 04)",,,,,,,,,,mentioned places,,Greek,,,,,,,Zenon son of Agreophon,,,,,,24. Juni 248 v.Chr.,P.Lond. 7 2006,Brief (Geschäfts-); Zuteilung; Getreide; Hirten; Darlehen; Bad; Zugtiere,,Koitai (Arsinoites),"Orrieux, Les papyrus de Zenon (1983), S. 143",,,,,,,,,,© Heidelberger Gesamtverzeichnis der griechischen Papyrusurkunden Ägyptens. This work is licensed under a Creative Commons Attribution 3.0 License.,,,,,,,,Datierung nach dem makedonischen Regierungsjahr.,,,Papyrus,,,,,,,,keiner,Papyrus,https://www.bl.uk/manuscripts/FullDisplay.aspx?ref=Papyrus_2...,,,,,,,,"  Ἰάσων Ζήνωνι χαίρειν. γείνωσκε(*) Πετο-
βάστιν τὸν ἐν Σύρων Κώμηι οὐ διδόντα 
τοῖς κτήνεσιν χόρτον οὐδὲ τοῖς σώμα-
σιν σιτομητρίαν(*). παρεγενήθεσαν(*) οὖν 
5πρός με Ἀσκληπιάδης καὶ Ἀπολλωνίδης 
καὶ οἱ λοιποὶ ποιμένες φάμενοι ἐνοφείλεσ-
[θ]α̣ι̣ αὐτοῖς ὀψώνιον μηνῶν ϛ καὶ μὴ 
[δύν]ασθαι ὑπομένιν(*) μηθὲν λαμβάνον-
τ̣ά̣[ς]. παρακαλέσας οὖν αὐτοὺς καὶ 
10[δοὺς] ἑκάσ̣τ̣ω̣ι̣ μεικρὸν(*) ἀπέστειλα ἕως 
[τοῦ] σ̣οὶ γρά̣ψ̣α̣ι̣ περὶ τούτων. οὐδὲ γὰρ ἐμοὶ 
[π]α̣[ρά]κ̣ειται [ὅ]θ̣εν διδῶ, οὔτε γὰρ τὸν 
[φόρο]ν̣ τοῦ βαλα̣ν̣έου(*) λα̣μ̣[βά]νομεν οὔτε τῶν 
ὑπ[ο]ζ̣υγείων(*). [ὁ] γ̣ὰρ Γλα̣[υ]κ̣ίας οὔ φησιν ἐκποι-
15εῖν̣. [α]ὑ[τῶ]ι. κα̣ὶ τὸν τυρὸν ὃν γράφεις ἡμῖν 
πα[ρ]αλαμβάνειν ἐκ ι (δραχμῶν) τὸ τάλαντον 
οὐχ̣ εὑρίσκει \τὸ τά(λαντον)/ ἀλλʼ ἢ (δραχμὰς) ϛ. καλῶς δὲ ποιήσις(*)  
κα̣[ὶ] Θευδώρωι τῶι τοκιστῆι γράψας περὶ τῶν 
ψιλ̣ῶν καὶ ἡμ̣ιψιλίων καὶ τῶν ἱδρώιων. 
20ἐθήκαμεν γὰρ ⟦  ̣  ̣  ̣⟧ αὐτὰ ἐνυχυρα(*) ἐν τῶι ⟦Χοι⟧ 
Χοίαχ ἀργυρίου (δραχμὰς) π ὡς τῶν δ (δραχμῶν) τόκος (ἡμιωβέλιον) (ὀβολοῦ τέταρτον) . 
ἐξενήνοχεν γὰρ αὐτὰ πλεονάκις ε̣ἰ̣ς τὴν 
ἀγορὰν ὡς ἀποδωσόμενος παρὰ τὸ μη\τὲ/(*) τὸν 
τόκον αὐτὸν κομίσεσθαι(*). διαμεμάρτυρ-
25ται οὖν μοι ἐπὶ πλεόνων κομίσεσθαι. ἐξίω-
κα(*) οὖν αὐτὸν ἐπισχεῖν ἕως κ τοῦ Παχώνς. 
φρόντισον οὖν ἵνα πραθῆι. 
ἔρρωσο. (ἔτους) λη, Παχὼνς δ. ","  Ἰάσων Ζήνωνι χαίρειν. γείνωσκε Πετο-
βάστιν τὸν ἐν Σύρων Κώμηι οὐ διδόντα 
τοῖς κτήνεσιν χόρτον οὐδὲ τοῖς σώμα-
σιν σιτομητρίαν. παρεγενήθεσαν οὖν 
5πρός με Ἀσκληπιάδης καὶ Ἀπολλωνίδης 
καὶ οἱ λοιποὶ ποιμένες φάμενοι ἐνοφείλεσ-
θα̣ι̣ αὐτοῖς ὀψώνιον μηνῶν ϛ καὶ μὴ 
δύνασθαι ὑπομένιν μηθὲν λαμβάνον-
τ̣ά̣ς. παρακαλέσας οὖν αὐτοὺς καὶ 
10δοὺς ἑκάσ̣τ̣ω̣ι̣ μεικρὸν ἀπέστειλα ἕως 
τοῦ σ̣οὶ γρά̣ψ̣α̣ι̣ περὶ τούτων. οὐδὲ γὰρ ἐμοὶ 
πα̣ράκ̣ειται ὅθ̣εν διδῶ, οὔτε γὰρ τὸν 
φόρον̣ τοῦ βαλα̣ν̣έου λα̣μ̣βάνομεν οὔτε τῶν 
ὑποζ̣υγείων. ὁ γ̣ὰρ Γλα̣υκ̣ίας οὔ φησιν ἐκποι-
15εῖν̣. αὑτῶι. κα̣ὶ τὸν τυρὸν ὃν γράφεις ἡμῖν 
παραλαμβάνειν ἐκ ι δραχμῶν τὸ τάλαντον 
οὐχ̣ εὑρίσκει \τὸ τάλαντον/ ἀλλʼ ἢ δραχμὰς ϛ. καλῶς δὲ ποιήσις  
κα̣ὶ Θευδώρωι τῶι τοκιστῆι γράψας περὶ τῶν 
ψιλ̣ῶν καὶ ἡμ̣ιψιλίων καὶ τῶν ἱδρώιων. 
20ἐθήκαμεν γὰρ ⟦  ̣  ̣  ̣⟧ αὐτὰ ἐνυχυρα ἐν τῶι ⟦Χοι⟧ 
Χοίαχ ἀργυρίου δραχμὰς π ὡς τῶν δ δραχμῶν τόκος ἡμιωβέλιον ὀβολοῦ τέταρτον . 
ἐξενήνοχεν γὰρ αὐτὰ πλεονάκις ε̣ἰ̣ς τὴν 
ἀγορὰν ὡς ἀποδωσόμενος παρὰ τὸ μη\τὲ/ τὸν 
τόκον αὐτὸν κομίσεσθαι. διαμεμάρτυρ-
25ται οὖν μοι ἐπὶ πλεόνων κομίσεσθαι. ἐξίω-
κα οὖν αὐτὸν ἐπισχεῖν ἕως κ τοῦ Παχώνς. 
φρόντισον οὖν ἵνα πραθῆι. 
ἔρρωσο. ἔτους λη, Παχὼνς δ. ","40.857202,22.824816",40.857202,22.824816,25.60335648,4.775455285714285,5
