Unnamed: 0,Condition (HGV),Author (HGV),License (HGV),Culture (HGV),Script Type (HGV),Previous Edition (HGV),Preservation (HGV),Origin (HGV),Catalog(s) (HGV),Work (HGV),Summary (HGV),Recto/Verso (HGV),Post-Concordance BL Entries (HGV),Genre (HGV),Material (HGV),Support Dimensions (HGV),Publications (HGV),Title (HGV),Translations (HGV),Support Material (HGV),Note (general) (HGV),Support/Dimensions (HGV),Reuse Type (HGV),Images (HGV),People (HGV),Subjects (HGV),Hands (HGV),Commentary (HGV),General Notes (HGV),Place Stored (Ancient) (HGV),Inv. no. (HGV),Principal Edition (HGV),Lines (HGV),Citations (HGV),Availability (HGV),palaeo (HGV),Provenance (HGV),Religion (HGV),catalogue (HGV),Partial Edition (HGV),Date (HGV),translation (HGV),study (HGV),Reference Edition (HGV),Fragments (HGV),reference (HGV),Associated Names (HGV),Works (HGV),Inv. Id (HGV),Form and Layout (HGV),Places (HGV),illustration (HGV),Language (HGV),Print Illustrations (HGV),Note (local/note) (HGV),Note (related) (HGV),Content (HGV),Readings (HGV),Mentioned Dates (HGV),Archive (HGV),Fragments (Tris),General Notes (Tris),Genre (Tris),Print Illustrations (Tris),Reuse Type (Tris),Date (Tris),Publications (Tris),Subjects (Tris),illustration (Tris),Origin (Tris),Translations (Tris),Reference Edition (Tris),Partial Edition (Tris),Support Dimensions (Tris),Provenance (Tris),Availability (Tris),Work (Tris),Content (Tris),Form and Layout (Tris),catalogue (Tris),License (Tris),Previous Edition (Tris),Post-Concordance BL Entries (Tris),Support Material (Tris),Principal Edition (Tris),Citations (Tris),People (Tris),translation (Tris),Commentary (Tris),Inv. Id (Tris),Place Stored (Ancient) (Tris),Support/Dimensions (Tris),Script Type (Tris),Culture (Tris),Catalog(s) (Tris),Mentioned Dates (Tris),study (Tris),palaeo (Tris),Readings (Tris),Title (Tris),Material (Tris),Images (Tris),Religion (Tris),Works (Tris),Language (Tris),Inv. no. (Tris),Places (Tris),Archive (Tris),reference (Tris),text,cleanText,Coordinates,Latitude,Longitude,relLat,relLong,Cluster
587,,,© Heidelberger Gesamtverzeichnis der griechischen Papyrusurkunden Ägyptens. This work is licensed under a Creative Commons Attribution 3.0 License.,,,,,Eleira,,,,,,,Papyrus,,"P. Oxy. 60 4064 (Bastianini, Guido; 1994)",Nomination to a Liturgy,,,,Papyrus,,https://doi.org/10.25446/oxford.21177367...,mentioned people,Vorschlag; Liturgie; Getreide; an Ammonios (Stratege von Arabia),,,,,"Oxford, Sackler Library, Papyrology Rooms P. Oxy. 4064",,,,,,"Egypt, L20 - Eleiron[written]; Egypt, U19 - Oxyrynchos (Bahnasa)[found]",,,,AD 183 Dec 15,,,,,,,,,,mentioned places,,Greek,,,,,,Z. 11:182 - 183,Ammonios strategos of Arabia,,,,,,15. Dez. 183,P.Oxy. 60 4064,Vorschlag; Liturgie; Getreide; an Ammonios (Stratege von Arabia),,Eleira (Arabia),,,,,,,,,,,© Heidelberger Gesamtverzeichnis der griechischen Papyrusurkunden Ägyptens. This work is licensed under a Creative Commons Attribution 3.0 License.,,,,,,,,,,,Papyrus,,,,Z. 11:182 - 183,,,,Nomination to a Liturgy,Papyrus,https://doi.org/10.25446/oxford.21177367...,,,,,,,,"  Ἀμμων̣ί̣[ω]ι στρ(ατηγῷ) Ἀραβ(ίας) 
παρὰ Δ[ιο]σκόρου κω-
μογραφμματ̣έ̣ως Ηλειρων 
καὶ ἄλ(λων) κω̣μ̣ῶ̣ν̣ μέρ̣ο̣υς 
5τ̣ο(παρχίας) ὑ(πὲρ) Φακ̣[ουσ]ε̣ι̣τ̣ῶν π̣ό̣λ(ιν). 
αἰτο̣ύμ̣ε̣ν̣ο̣ς̣ ὑπὸ σοῦ 
ὄνομ̣[α εἰ]ς̣ δε̣ι̣γ̣[ματο]κατ̣αγω(γίαν) 
πυ̣ρ̣οῦ καταγομέ̣ν[ο]υ̣ 
εἰς Ἀλεξάν̣δρειαν̣ εἰς τοὺ̣ς̣ 
10[ἐ]ν̣ τῇ Νέᾳ Πόλει θησαυ[ροὺ]ς̣ 
ἀ[πὸ] γ̣[ε]ν̣ήμ̣α̣[τ]ο̣ς̣ κγ (ἔτους) [συ]ν-
αγ̣οραστ̣ι̣κ̣ο̣ῦ πυ[ροῦ] 
δί̣δω̣μι τὸν ὑ̣πο[γ]ε̣γρ(αμμένον) 
ὄ̣ν̣τα εὔπο̣ρ̣ον καὶ ἐ̣π̣ιτή-
15δειον· 
ἔστι δέ· 
Ψό̣[ϊς] μητ̣ρὸς Θαή̣σ̣ι̣ο̣ς̣ τ̣ῆ̣[ς] Π̣α̣-
χώθο̣υ (ἐτῶν) λγ  
ἀ̣π̣ὸ κ̣ώμη̣ς̣ Η̣λ̣ε̣ι̣ρ̣ων 
20ἔ̣χων πό(ρον) οἰκο̣(πέδων) (δραχμῶν) χ. 
(ἔτους) κδ Αὐτ̣οκ̣ράτ̣ο[ρος] 
Καίσαρος Μάρ̣κου̣ Αὐρ̣[ηλί]ο̣υ 
Κομμόδο[υ] Ἀντωνίν[ο]υ Σ̣ε̣β̣α̣σ̣τ̣οῦ 
Ἀρμενια̣κ̣ο̣ῦ̣ Μηδι̣κ̣οῦ̣ 
25Παρθικοῦ Σαρμ̣α̣τ̣ικοῦ 
Γερμανικ̣ο̣ῦ Μεγίστου, Ἁδρι(ανοῦ) ιη, 
(hand 2?) Διόσκορος κωμογρ(αμματεὺς) ἐπιδ(έδωκα) δι(ὰ) Διδύ(μου) βοηθοῦ. ","  Ἀμμων̣ί̣ωι στρατηγῷ Ἀραβίας 
παρὰ Διοσκόρου κω-
μογραφμματ̣έ̣ως Ηλειρων 
καὶ ἄλλων κω̣μ̣ῶ̣ν̣ μέρ̣ο̣υς 
5τ̣οπαρχίας ὑπὲρ Φακ̣ουσε̣ι̣τ̣ῶν π̣ό̣λιν. 
αἰτο̣ύμ̣ε̣ν̣ο̣ς̣ ὑπὸ σοῦ 
ὄνομ̣α εἰς̣ δε̣ι̣γ̣ματοκατ̣αγωγίαν 
πυ̣ρ̣οῦ καταγομέ̣νου̣ 
εἰς Ἀλεξάν̣δρειαν̣ εἰς τοὺ̣ς̣ 
10ἐν̣ τῇ Νέᾳ Πόλει θησαυροὺς̣ 
ἀπὸ γ̣εν̣ήμ̣α̣το̣ς̣ κγ ἔτους συν-
αγ̣οραστ̣ι̣κ̣ο̣ῦ πυροῦ 
δί̣δω̣μι τὸν ὑ̣πογε̣γραμμένον 
ὄ̣ν̣τα εὔπο̣ρ̣ον καὶ ἐ̣π̣ιτή-
15δειον· 
ἔστι δέ· 
Ψό̣ϊς μητ̣ρὸς Θαή̣σ̣ι̣ο̣ς̣ τ̣ῆ̣ς Π̣α̣-
χώθο̣υ ἐτῶν λγ  
ἀ̣π̣ὸ κ̣ώμη̣ς̣ Η̣λ̣ε̣ι̣ρ̣ων 
20ἔ̣χων πόρον οἰκο̣πέδων δραχμῶν χ. 
ἔτους κδ Αὐτ̣οκ̣ράτ̣ορος 
Καίσαρος Μάρ̣κου̣ Αὐρ̣ηλίο̣υ 
Κομμόδου Ἀντωνίνου Σ̣ε̣β̣α̣σ̣τ̣οῦ 
Ἀρμενια̣κ̣ο̣ῦ̣ Μηδι̣κ̣οῦ̣ 
25Παρθικοῦ Σαρμ̣α̣τ̣ικοῦ 
Γερμανικ̣ο̣ῦ Μεγίστου, Ἁδριανοῦ ιη, 
hand 2? Διόσκορος κωμογραμματεὺς ἐπιδέδωκα διὰ Διδύμου βοηθοῦ. ","37.176484,-3.597934",37.176484,-3.597934,4.993611479999999,8.193264857142855,7
