Unnamed: 0,Condition (HGV),Author (HGV),License (HGV),Culture (HGV),Script Type (HGV),Previous Edition (HGV),Preservation (HGV),Origin (HGV),Catalog(s) (HGV),Work (HGV),Summary (HGV),Recto/Verso (HGV),Post-Concordance BL Entries (HGV),Genre (HGV),Material (HGV),Support Dimensions (HGV),Publications (HGV),Title (HGV),Translations (HGV),Support Material (HGV),Note (general) (HGV),Support/Dimensions (HGV),Reuse Type (HGV),Images (HGV),People (HGV),Subjects (HGV),Hands (HGV),Commentary (HGV),General Notes (HGV),Place Stored (Ancient) (HGV),Inv. no. (HGV),Principal Edition (HGV),Lines (HGV),Citations (HGV),Availability (HGV),palaeo (HGV),Provenance (HGV),Religion (HGV),catalogue (HGV),Partial Edition (HGV),Date (HGV),translation (HGV),study (HGV),Reference Edition (HGV),Fragments (HGV),reference (HGV),Associated Names (HGV),Works (HGV),Inv. Id (HGV),Form and Layout (HGV),Places (HGV),illustration (HGV),Language (HGV),Print Illustrations (HGV),Note (local/note) (HGV),Note (related) (HGV),Content (HGV),Readings (HGV),Mentioned Dates (HGV),Archive (HGV),Fragments (Tris),General Notes (Tris),Genre (Tris),Print Illustrations (Tris),Reuse Type (Tris),Date (Tris),Publications (Tris),Subjects (Tris),illustration (Tris),Origin (Tris),Translations (Tris),Reference Edition (Tris),Partial Edition (Tris),Support Dimensions (Tris),Provenance (Tris),Availability (Tris),Work (Tris),Content (Tris),Form and Layout (Tris),catalogue (Tris),License (Tris),Previous Edition (Tris),Post-Concordance BL Entries (Tris),Support Material (Tris),Principal Edition (Tris),Citations (Tris),People (Tris),translation (Tris),Commentary (Tris),Inv. Id (Tris),Place Stored (Ancient) (Tris),Support/Dimensions (Tris),Script Type (Tris),Culture (Tris),Catalog(s) (Tris),Mentioned Dates (Tris),study (Tris),palaeo (Tris),Readings (Tris),Title (Tris),Material (Tris),Images (Tris),Religion (Tris),Works (Tris),Language (Tris),Inv. no. (Tris),Places (Tris),Archive (Tris),reference (Tris),text,cleanText,Coordinates,Latitude,Longitude,relLat,relLong,Cluster
309,,,© Heidelberger Gesamtverzeichnis der griechischen Papyrusurkunden Ägyptens. This work is licensed under a Creative Commons Attribution 3.0 License.,,,,,Naboo,,,,,,,Papyrus,,"P. Giss. 1 61 (Meyer, Paul M.; 1912) = Hengstl, Griechische Papyri 29 (Hengstl, Joachim; 1978)",Beschwerdeschrift von Einwohnern des Dorfes Naboo über ihren κωμογραμματεύς,"Johnson, Roman Egypt (1936), S. 496, Nr. 310",,,Papyrus,,https://papyri.uni-leipzig.de/receive/GiePapyri_schrift_0001...,mentioned people,Brief; Beschwerde der Einwohner von Naboo an den Strategen Apollonios über ihren κωμογραμματεύς,,Gehört zum Archiv des Strategen Apollonios.,,,"Giessen, Universitätsbibliothek P. Giss. 8",,,,,,"Egypt, U10b - Naboo[written]; Egypt, U15 - Hermopolis (El-Ashmunein)[found]",,,,"AD 119 Jun 7 (Hadrianus, year 03, Pauni 13)",,,,,,,,,,mentioned places,,Greek,,,,,,Z. 15-16:117 - 119,Apollonios strategos,,,,,,7. Juni 119,C.Pap. Hengstl 29,Brief; Beschwerde der Einwohner von Naboo an den Strategen Apollonios über ihren κωμογραμματεύς,,Naboo (Apollonopolites Heptakomias),"Johnson, Roman Egypt (1936), S. 496, Nr. 310",,,,,,,,,,© Heidelberger Gesamtverzeichnis der griechischen Papyrusurkunden Ägyptens. This work is licensed under a Creative Commons Attribution 3.0 License.,,,,,,,,Gehört zum Archiv des Strategen Apollonios.,,,Papyrus,,,,Z. 15-16:117 - 119,,,,Beschwerdeschrift von Einwohnern des Dorfes Naboo über ihren κωμογραμματεύς,Papyrus,https://papyri.uni-leipzig.de/receive/GiePapyri_schrift_0001...,,,,,,,,"  Ἀπολλωνίωι στρατηγῶι Ἀπολλωνοπο̣λ̣[ίτου] 
(Ἑπτα)κω̣μίας 
παρὰ Πετ̣εμενεκύσιος Πετεμενεκ[ύσιος] 
τοῦ Πνάσιος(*) καὶ Ὀ̣φιέως Πε[τεμ]εν[ε]κύ̣[σιος] 
5\κα̣[ὶ]   ̣  ̣  ̣/ τ[ῶ]ν ἀπὸ κώμ[η]ς Ναβ[ο]ώ̣ι. πολ̣λὰ [αἰ-]
κι[σθ]έ̣[ν]τες ὑπὸ Ψάιτος κωμογρ[αμ]ματέως 
Ναβοὼι ἀναγκ̣αίως μηνυοντ[ες](*) α̣[ὐ-]
τὸν λογίαν(*) πε̣[π]οιηκέναι ἐπὶ τῆς κώ-
μης Ναβοώι, οι(*) μὲν ἐξ εἴκοσι δραχμῶν, 
10οι(*) δὲ ἐκ δώδ[εκ]α δραχ(μῶν) καὶ ὀκτὼ διέ̣σ̣[ει-]
σεν. καὶ ὁμοίω[ς ἕ]τερα τοῦ κατʼ ἄνδρα̣ κ̣α̣ὶ̣(?)(*)  
τοῦ̣ σ̣ωματισμοῦ ἀπ̣ῄτησεν ὁ [  ̣  ̣  ̣  ̣] 
τω πυροῦ (ἀρτάβας) ϛ ινα  ̣[  ̣]  ̣τω  ̣[  ̣  ̣]τη̣  ̣  ̣  ̣  
μεν τοῦ τυράννου συνκρίνα̣ντ̣[ος τὸν] 
15σωμ̣α̣τισμὸν τοῦ γ (ἔτους) καὶ τοῦ διεληλυθ̣ό̣τος 
β (ἔτους) πρὸς τὴν εὐθυμετρίαν, ἀξιοῦμ̣ε̣[ν], 
κύριε, ἐὰν δόξηι̣ σοι, τὴν ἐξέτασιν ποιή̣-
σασθαι πρὸς τὸ μηδὲν ἔλασσον τῶι φίσ̣[κωι] 
ἐπακολουθῆσαι μενόντων ὧν ἔ̣χ[ο-]
20μεν ἄλλων πρὸς αὐτόν. 
(ἔτους) γ Αὐτοκράτο̣ρος Κα̣ί̣σαρος Τραιανοῦ Ἁδριανοῦ 
Σε̣βαστοῦ Παῦνι ιγ. 
(hand 2) Οὐφ̣ι̣[εὺς Π]ετεμενεκύσ̣ιο̣[ς] 
ἐπιδ̣[έδ]ωκα ὡς πρόκ[ε]ι̣τα̣ι̣. 
25(hand 3) Πν[εκῦσις Πετε]μενεκῦσις ἐ[πιδέ-]
δ̣ω̣[κα ὡς πρόκ(ειται). (hand 4)   ̣  ̣]  ̣ν̣σαρεὺς [  ̣  ̣  ̣  ̣  ̣] 
Traces 1 line  ","  Ἀπολλωνίωι στρατηγῶι Ἀπολλωνοπο̣λ̣ίτου 
Ἑπτακω̣μίας 
παρὰ Πετ̣εμενεκύσιος Πετεμενεκύσιος 
τοῦ Πνάσιος καὶ Ὀ̣φιέως Πετεμενεκύ̣σιος 
5\κα̣ὶ   ̣  ̣  ̣/ τῶν ἀπὸ κώμης Ναβοώ̣ι. πολ̣λὰ αἰ-
κισθέ̣ντες ὑπὸ Ψάιτος κωμογραμματέως 
Ναβοὼι ἀναγκ̣αίως μηνυοντες α̣ὐ-
τὸν λογίαν πε̣ποιηκέναι ἐπὶ τῆς κώ-
μης Ναβοώι, οι μὲν ἐξ εἴκοσι δραχμῶν, 
10οι δὲ ἐκ δώδεκα δραχμῶν καὶ ὀκτὼ διέ̣σ̣ει-
σεν. καὶ ὁμοίως ἕτερα τοῦ κατʼ ἄνδρα̣ κ̣α̣ὶ̣?  
τοῦ̣ σ̣ωματισμοῦ ἀπ̣ῄτησεν ὁ   ̣  ̣  ̣  ̣ 
τω πυροῦ ἀρτάβας ϛ ινα  ̣  ̣  ̣τω  ̣  ̣  ̣τη̣  ̣  ̣  ̣  
μεν τοῦ τυράννου συνκρίνα̣ντ̣ος τὸν 
15σωμ̣α̣τισμὸν τοῦ γ ἔτους καὶ τοῦ διεληλυθ̣ό̣τος 
β ἔτους πρὸς τὴν εὐθυμετρίαν, ἀξιοῦμ̣ε̣ν, 
κύριε, ἐὰν δόξηι̣ σοι, τὴν ἐξέτασιν ποιή̣-
σασθαι πρὸς τὸ μηδὲν ἔλασσον τῶι φίσ̣κωι 
ἐπακολουθῆσαι μενόντων ὧν ἔ̣χο-
20μεν ἄλλων πρὸς αὐτόν. 
ἔτους γ Αὐτοκράτο̣ρος Κα̣ί̣σαρος Τραιανοῦ Ἁδριανοῦ 
Σε̣βαστοῦ Παῦνι ιγ. 
hand 2 Οὐφ̣ι̣εὺς Πετεμενεκύσ̣ιο̣ς 
ἐπιδ̣έδωκα ὡς πρόκει̣τα̣ι̣. 
25hand 3 Πνεκῦσις Πετεμενεκῦσις ἐπιδέ-
δ̣ω̣κα ὡς πρόκειται. hand 4   ̣  ̣  ̣ν̣σαρεὺς   ̣  ̣  ̣  ̣  ̣ 
Traces 1 line  ","47.843842,10.463808",47.843842,10.463808,15.96177024,-1.712139000000002,10
