Unnamed: 0,Condition (HGV),Author (HGV),License (HGV),Culture (HGV),Script Type (HGV),Previous Edition (HGV),Preservation (HGV),Origin (HGV),Catalog(s) (HGV),Work (HGV),Summary (HGV),Recto/Verso (HGV),Post-Concordance BL Entries (HGV),Genre (HGV),Material (HGV),Support Dimensions (HGV),Publications (HGV),Title (HGV),Translations (HGV),Support Material (HGV),Note (general) (HGV),Support/Dimensions (HGV),Reuse Type (HGV),Images (HGV),People (HGV),Subjects (HGV),Hands (HGV),Commentary (HGV),General Notes (HGV),Place Stored (Ancient) (HGV),Inv. no. (HGV),Principal Edition (HGV),Lines (HGV),Citations (HGV),Availability (HGV),palaeo (HGV),Provenance (HGV),Religion (HGV),catalogue (HGV),Partial Edition (HGV),Date (HGV),translation (HGV),study (HGV),Reference Edition (HGV),Fragments (HGV),reference (HGV),Associated Names (HGV),Works (HGV),Inv. Id (HGV),Form and Layout (HGV),Places (HGV),illustration (HGV),Language (HGV),Print Illustrations (HGV),Note (local/note) (HGV),Note (related) (HGV),Content (HGV),Readings (HGV),Mentioned Dates (HGV),Archive (HGV),Fragments (Tris),General Notes (Tris),Genre (Tris),Print Illustrations (Tris),Reuse Type (Tris),Date (Tris),Publications (Tris),Subjects (Tris),illustration (Tris),Origin (Tris),Translations (Tris),Reference Edition (Tris),Partial Edition (Tris),Support Dimensions (Tris),Provenance (Tris),Availability (Tris),Work (Tris),Content (Tris),Form and Layout (Tris),catalogue (Tris),License (Tris),Previous Edition (Tris),Post-Concordance BL Entries (Tris),Support Material (Tris),Principal Edition (Tris),Citations (Tris),People (Tris),translation (Tris),Commentary (Tris),Inv. Id (Tris),Place Stored (Ancient) (Tris),Support/Dimensions (Tris),Script Type (Tris),Culture (Tris),Catalog(s) (Tris),Mentioned Dates (Tris),study (Tris),palaeo (Tris),Readings (Tris),Title (Tris),Material (Tris),Images (Tris),Religion (Tris),Works (Tris),Language (Tris),Inv. no. (Tris),Places (Tris),Archive (Tris),reference (Tris),text,cleanText,Coordinates,Latitude,Longitude,relLat,relLong,Cluster
68,,,© Heidelberger Gesamtverzeichnis der griechischen Papyrusurkunden Ägyptens. This work is licensed under a Creative Commons Attribution 3.0 License.,,,,,Pesla  oder Hermopolis,,,,,VIII 105,,Papyrus,,"CPR 6 23 (Harrauer, Hermann / van Lith, S. M. E.; 1978)",keiner,,,,Papyrus,,http://data.onb.ac.at/rec/RZ00002702...,mentioned people,"Zahlungsauftrag (Wein, Getreide)",,Gehört zum Archiv des Apollonios paralemptes. Alternativdatierung: 21. März 304.,,,"Vienna, Nationalbibliothek G 13045; Vienna, Nationalbibliothek G 13015; Vienna, Nationalbibliothek G 13773",,,,,,"Egypt, U15 - Pesla[written]; Egypt, U15 - Hermopolis (El-Ashmunein)[found]",,,,"AD 304 Mar 21? (Diocletianus, year 20 and 19, Thoth 25) or AD 303 Sep 23? (Diocletianus, year 20 and 19, Thoth 25)",,,,,,,,,,,,Greek,Tafel 12,,,,,Z. 3:301 - 302 Z. 5:302 - 303,Apollonios paralemptes in Pesla,,,,Tafel 12,,21. März 304 (?),CPR 6 23,"Zahlungsauftrag (Wein, Getreide)",,Pesla (Hermopolites) oder Hermopolis,,,,,,,,,,,© Heidelberger Gesamtverzeichnis der griechischen Papyrusurkunden Ägyptens. This work is licensed under a Creative Commons Attribution 3.0 License.,,VIII 105,,,,,,Gehört zum Archiv des Apollonios paralemptes. Alternativdatierung: 21. März 304.,,,Papyrus,,,,Z. 3:301 - 302 Z. 5:302 - 303,,,,keiner,Papyrus,http://data.onb.ac.at/rec/RZ00002702...,,,,,,,,"  -- -- -- -- -- -- -- -- -- --  
2[⁦ -ca.?- ⁩ δ]ὸ̣ς Σιλβανῷ̣ 
[⁦ -ca.?- ⁩ ἀπὸ Πα]χ̣ὼν ἕως 
 [⁦ -ca.?- ⁩ ἀπὸ γενήμ(ατος) ιη καὶ ιζ καὶ ι οἴνο]υ̣ κερ(άμια) β  
5[καὶ ἀπὸ γενήμ(ατος) τοῦ (αὐτοῦ) σίτου ἀρτάβη]ν̣ α̣  𐅵 καὶ 
[κερ(άμιον(?)) α καὶ (δεύτερον) ἀπὸ ῥύσ(εως) ιθ] καὶ ιη και ια κερ(άμια) γ  
[γ(ίνεται) τοῦ ἐπιστάλμ(ατος) σίτου ἀπὸ] γ̣ε̣νήμ(ατος) ιη καὶ ιζ καὶ ι  
[ἀρτάβη α  𐅵 ἐκ (δραχμῶν)   ̣ καὶ ο]ἴ̣(νου) ἀ̣[πὸ] γενήμ(ατος) τοῦ (αὐτοῦ) κερ(άμια) β  
[ἐκ (δραχμῶν) χ καὶ κερ(άμιον) α (δραχμῶν)] φ καὶ (δεύτερον) ἀπὸ ῥύσ(εως(?)) 
10[ιθ καὶ ιη καὶ ια κερ(άμια)] γ ἐκ (δραχμῶν) τ. 
(hand 2) [ἐσημ(ειωσάμην) ἀπὸ γενήμ(ατος) ιη καὶ ιζ] καὶ ι σίτου ἀρτά̣βην̣ μίαν ἥμισυ(*)  
[ἐκ δραχμ(ῶν) ⁦ -ca.?- ⁩ κοσίων καὶ ο]ἴ(νου) ἀπὸ γενήμ(ατος) τοῦ (αὐτοῦ) κεράμ(ια) δύο 
ἐκ δραχμ(ῶν) ἑ[ξακοσίων καὶ(?)] κεράμ(ιον) ἓν δραχμ(ῶν) πεντακοσίων 
καὶ (δεύτερον) ἀπὸ ῥ[ύσ(εως) ιθ καὶ ιη καὶ ια κεράμ(ια) τρία ἐκ δραχμ(ῶν)] 
15τριακοσίω̣[ν] 
(hand 3) ἄλ(λου) ὄ̣ν̣τ(ος) κ(εράμια) ο οἴ(νου) καὶ ὄξ(ους). 
(hand 1) (ἔτους) κ [καὶ ⁦ -ca.?- ⁩]ωθ κε  ","  -- -- -- -- -- -- -- -- -- --  
2⁦ -ca.?- ⁩ δὸ̣ς Σιλβανῷ̣ 
⁦ -ca.?- ⁩ ἀπὸ Παχ̣ὼν ἕως 
 ⁦ -ca.?- ⁩ ἀπὸ γενήματος ιη καὶ ιζ καὶ ι οἴνου̣ κεράμια β  
5καὶ ἀπὸ γενήματος τοῦ αὐτοῦ σίτου ἀρτάβην̣ α̣  𐅵 καὶ 
κεράμιον? α καὶ δεύτερον ἀπὸ ῥύσεως ιθ καὶ ιη και ια κεράμια γ  
γίνεται τοῦ ἐπιστάλματος σίτου ἀπὸ γ̣ε̣νήματος ιη καὶ ιζ καὶ ι  
ἀρτάβη α  𐅵 ἐκ δραχμῶν   ̣ καὶ οἴ̣νου ἀ̣πὸ γενήματος τοῦ αὐτοῦ κεράμια β  
ἐκ δραχμῶν χ καὶ κεράμιον α δραχμῶν φ καὶ δεύτερον ἀπὸ ῥύσεως? 
10ιθ καὶ ιη καὶ ια κεράμια γ ἐκ δραχμῶν τ. 
hand 2 ἐσημειωσάμην ἀπὸ γενήματος ιη καὶ ιζ καὶ ι σίτου ἀρτά̣βην̣ μίαν ἥμισυ  
ἐκ δραχμῶν ⁦ -ca.?- ⁩ κοσίων καὶ οἴνου ἀπὸ γενήματος τοῦ αὐτοῦ κεράμια δύο 
ἐκ δραχμῶν ἑξακοσίων καὶ? κεράμιον ἓν δραχμῶν πεντακοσίων 
καὶ δεύτερον ἀπὸ ῥύσεως ιθ καὶ ιη καὶ ια κεράμια τρία ἐκ δραχμῶν 
15τριακοσίω̣ν 
hand 3 ἄλλου ὄ̣ν̣τος κεράμια ο οἴνου καὶ ὄξους. 
hand 1 ἔτους κ καὶ ⁦ -ca.?- ⁩ωθ κε  ","31.614254,34.8910485",31.614254,34.8910485,35.01501783,13.358192714285714,8
476,,,© Heidelberger Gesamtverzeichnis der griechischen Papyrusurkunden Ägyptens. This work is licensed under a Creative Commons Attribution 3.0 License.,,,,,Nessana,,,,,VIII 87; X 40; XI 60,,Papyrus,,"P. Ness. 3 64 (Kraemer, Casper J. Jr.; 1958)","Requisition of Wheat and Oil, or Money",,,,Papyrus,,,,Forderung; Auftrag; Abgaben; Weizen; Öl; Geld; Zahlung,,"Zur Datierung vgl. Aegyptus 65, 1985, S. 109. Griechisch - arabisch.",,,"New York, Pierpont Morgan Library H. Dunscombe Colt Collection pap. 64",,,,,,"Israel, Palestina - Nessana (Auja Hafir)[found & written]",,,,"AD 676 Feb 2 - 29 (year 56; Indictio 04, (Feb))",,,,,,,,,,mentioned places,,bilingual: Greek / Arabic,"Crisci, Scrivere greco, Tav. LXVIII",,,,,,Georgios and Sergios,,,,"Crisci, Scrivere greco, Tav. LXVIII",,2. - 29. Febr. 676,P.Nessana 64,Forderung; Auftrag; Abgaben; Weizen; Öl; Geld; Zahlung,,Nessana (Palästina),,,,,,,,,,,© Heidelberger Gesamtverzeichnis der griechischen Papyrusurkunden Ägyptens. This work is licensed under a Creative Commons Attribution 3.0 License.,,VIII 87; X 40; XI 60,,,,,,"Zur Datierung vgl. Aegyptus 65, 1985, S. 109. Griechisch - arabisch.",,,Papyrus,,,,,,,,"Requisition of Wheat and Oil, or Money",Papyrus,,,,,,,,,"  -- -- -- -- -- -- -- -- -- --  
6Arabic 6 lines 
7ἐν ὀνόμ(ατι) τοῦ θεοῦ· Αλααρ(ε)θ β(εν) Αβδ τοῖ(ς) ἀπὸ Α̣τ(  ) Α̣β  ̣[  ̣  ̣] 
κλή(ματος)(*) Συκομάζ(ων) χώρ(ας) Γάζ(ης). π(α)ρ(άσχετε) τ(α)χ(έως) Αβδελλα β(εν) Αλκ̣αμ̣α 
τῶν β(ανι) Σααδ β(εν) Ζηρ (ὑπὲρ) μη(νῶν) β Σααραειν Ραβι (ὑπὲρ) λοι[π(άδων)] 
10ἰνδ(ικτίον)ο(ς) δ σίτ(ου) μ(ο)δ(ίους) διακοσίους ἑβδομήκοντα ἐννέα , 
ἐλαί(ου) (ξέστας) διακοσίους ἑβδομήκοντα ἐννέα , 
(καὶ) (ὑπὲρ) τι(μῆς) σίτ(ου) μ(ο)δ(ίων) διακοσίω[ν] ἑβδομήκοντα ἐνν[έα] , 
ἐλαί(ου) (ξεστῶν) δια̣κ̣ο̣σ̣ίων ἑβδομήκοντα ἐν[νέα] 
νο(μίσματα) δεκαοκτὼ δίμοιρον . ἐγρ(άφη) Φεβρου(αρίῳ) ἰ[νδ(κτί)ο(νος) δ,] 
15κ(α)τʼ Ἄραβα(ς) ἔτους νϛ, χειρὶ Γεωργίου Μαϊουμ̣ί̣τ̣(ου). 
ὅ(λου)· σίτ(ου) μ(ό)δ(ιοι) σοθ, ἐλαίο(υ) (ξέσται) σοθ (καὶ) (ὑπὲρ) τι(μῆς) σί(του) μ(ο)δ(ίων) σοθ ἐλαί(ου) (ξεστῶν) κζ̣[θ] 
νο(μίσματα) ιη  𐅷  
(stamp) 
Arabic 4 lines 
22ὅ(λου)· σίτ(ου) μ(ο)δ(ίων) σοθ, ἐλαίο(υ) (ξέσται) σοθ (καὶ) (ὑπὲρ) τι(μῆς) 
σίτ(ου) μ(ο)δ(ίων) σοθ, ἐλαί(ου) (ξεστῶν) σοθ νο(μίσματα) ιη  𐅷  ","  -- -- -- -- -- -- -- -- -- --  
6Arabic 6 lines 
7ἐν ὀνόματι τοῦ θεοῦ· Αλααρεθ βεν Αβδ τοῖς ἀπὸ Α̣τ   Α̣β  ̣  ̣  ̣ 
κλήματος Συκομάζων χώρας Γάζης. παράσχετε ταχέως Αβδελλα βεν Αλκ̣αμ̣α 
τῶν βανι Σααδ βεν Ζηρ ὑπὲρ μηνῶν β Σααραειν Ραβι ὑπὲρ λοιπάδων 
10ἰνδικτίονος δ σίτου μοδίους διακοσίους ἑβδομήκοντα ἐννέα , 
ἐλαίου ξέστας διακοσίους ἑβδομήκοντα ἐννέα , 
καὶ ὑπὲρ τιμῆς σίτου μοδίων διακοσίων ἑβδομήκοντα ἐννέα , 
ἐλαίου ξεστῶν δια̣κ̣ο̣σ̣ίων ἑβδομήκοντα ἐννέα 
νομίσματα δεκαοκτὼ δίμοιρον . ἐγράφη Φεβρουαρίῳ ἰνδκτίονος δ, 
15κατʼ Ἄραβας ἔτους νϛ, χειρὶ Γεωργίου Μαϊουμ̣ί̣τ̣ου. 
ὅλου· σίτου μόδιοι σοθ, ἐλαίου ξέσται σοθ καὶ ὑπὲρ τιμῆς σίτου μοδίων σοθ ἐλαίου ξεστῶν κζ̣θ 
νομίσματα ιη  𐅷  
stamp 
Arabic 4 lines 
22ὅλου· σίτου μοδίων σοθ, ἐλαίου ξέσται σοθ καὶ ὑπὲρ τιμῆς 
σίτου μοδίων σοθ, ἐλαίου ξεστῶν σοθ νομίσματα ιη  𐅷  ","30.87626,34.427774",30.87626,34.427774,34.65366372,14.043472857142858,8
477,,,© Heidelberger Gesamtverzeichnis der griechischen Papyrusurkunden Ägyptens. This work is licensed under a Creative Commons Attribution 3.0 License.,,,,,Nessana,,,,,VIII 87; X 40,,Papyrus,,"P. Ness. 3 65 (Kraemer, Casper J. Jr.; 1958)","Requisition of Wheat and Oil, or Money",,,,Papyrus,,,,Forderung; Auftrag; Weizen; Öl; Abgaben; Geld; Zahlung,,"Zur Datierung vgl. Aegyptus 65, 1985, S. 109. Griechisch - arabisch.",,,"New York, Pierpont Morgan Library H. Dunscombe Colt Collection pap. 65",,,,,,"Israel, Palestina - Nessana (Auja Hafir)[found & written]",,,,AD 675 Aug 30 - 676 Aug 28,,,,,,,,,,mentioned places,,bilingual: Greek / Arabic,,,,,,,Georgios and Sergios,,,,,,675 - 676,P.Nessana 65,Forderung; Auftrag; Weizen; Öl; Abgaben; Geld; Zahlung,,Nessana (Palästina),,,,,,,,,,,© Heidelberger Gesamtverzeichnis der griechischen Papyrusurkunden Ägyptens. This work is licensed under a Creative Commons Attribution 3.0 License.,,VIII 87; X 40,,,,,,"Zur Datierung vgl. Aegyptus 65, 1985, S. 109. Griechisch - arabisch.",,,Papyrus,,,,,,,,"Requisition of Wheat and Oil, or Money",Papyrus,,,,,,,,,"  -- -- -- -- -- -- -- -- -- --  
1Traces 1 line  
2Arabic 3 lines 
5[ἐν ὀνόμ(ατι) τοῦ θεο]ῦ. Α̣λ[ααρ(ε)θ β(εν)] Α̣βδ [τοῖ(ς) ἀπὸ] 
[Νεστάνων κλίμ(ατος) Ἐλούση(ς) χώρα(ς)] Γ̣ά̣ζ̣η̣ς. 
[π(αράσ)χ(ετε) τ(α)χ(έως) - ca.20 -]   ̣  ̣  ̣  ̣  
[- ca.23 -]  ̣  ̣  ̣  ̣  
[  ̣  ̣  ̣  ̣ (ὑπὲρ(?)) λοιπ(άδων) ἰνδ(ικτίον)ο(ς) δ σίτ(ου) μ(ο)δ(ίους) δ]ι̣α̣κοσίους 
10[πέντε , ἐλαί(ου) (ξέστας) δια]κοσ[ίου]ς π̣έντε (καὶ) (ὑπὲρ) τιμῆ(ς) σί(του) μ(ο)δ(ίων) 
[διακοσίων πέντε ] (καὶ) ἐλ[αίο(υ) (ξεστῶν) διακοσίων πέντ]ε 
[νο(μίσματα) δεκατρεῖς δίμοιρον . ἐγρ(άφη) μ(ηνὶ)   ̣  ̣ ἰ]νδ(ικτίον)ο(ς) δ, κ(α)τʼ Ἄραβα(ς) 
[ἔτους νϛ, χειρὶ - ca.18 -] ἐλ(αί)ου σε  
[(καὶ) (ὑπὲρ) τιμῆ(ς) σίτ(ου) μ(ο)δ(ίων)] σε [ἐλαίο(υ) (ξεστῶν) σε νο(μίσματα) ιγ  𐅷]   ̣ / / / 
15(stamp) 
Arabic 3 lines 
18ὅ(λου)· σί(του) μό(διοι) σε ἐλαί(ου) σε (καὶ) (ὑπὲρ) τιμῆ(ς) σί(του) μο(δίων) σε ἐλαί(ου) σε (καὶ) ν̣ο̣(μίσματα) ιγ  𐅷  ","  -- -- -- -- -- -- -- -- -- --  
1Traces 1 line  
2Arabic 3 lines 
5ἐν ὀνόματι τοῦ θεοῦ. Α̣λααρεθ βεν Α̣βδ τοῖς ἀπὸ 
Νεστάνων κλίματος Ἐλούσης χώρας Γ̣ά̣ζ̣η̣ς. 
παράσχετε ταχέως - ca.20 -   ̣  ̣  ̣  ̣  
- ca.23 -  ̣  ̣  ̣  ̣  
  ̣  ̣  ̣  ̣ ὑπὲρ? λοιπάδων ἰνδικτίονος δ σίτου μοδίους δι̣α̣κοσίους 
10πέντε , ἐλαίου ξέστας διακοσίους π̣έντε καὶ ὑπὲρ τιμῆς σίτου μοδίων 
διακοσίων πέντε  καὶ ἐλαίου ξεστῶν διακοσίων πέντε 
νομίσματα δεκατρεῖς δίμοιρον . ἐγράφη μηνὶ   ̣  ̣ ἰνδικτίονος δ, κατʼ Ἄραβας 
ἔτους νϛ, χειρὶ - ca.18 - ἐλαίου σε  
καὶ ὑπὲρ τιμῆς σίτου μοδίων σε ἐλαίου ξεστῶν σε νομίσματα ιγ  𐅷   ̣ / / / 
15stamp 
Arabic 3 lines 
18ὅλου· σίτου μόδιοι σε ἐλαίου σε καὶ ὑπὲρ τιμῆς σίτου μοδίων σε ἐλαίου σε καὶ ν̣ο̣μίσματα ιγ  𐅷  ","30.87626,34.427774",30.87626,34.427774,34.65366372,14.043472857142858,8
478,,,© Heidelberger Gesamtverzeichnis der griechischen Papyrusurkunden Ägyptens. This work is licensed under a Creative Commons Attribution 3.0 License.,,,,,Nessana,,,,,X 40,,Papyrus,,"P. Ness. 3 69 (Kraemer, Casper J. Jr.; 1958)",Account of Food Tax (rizk),,,,Papyrus,other text(s) on the same object: 21498,,,Abrechnung; Steuern; Weizen; Öl; Geld,,Rückseite: P.Nessana 68.,,,"New York, Pierpont Morgan Library H. Dunscombe Colt Collection pap. 68 Vo",,,,,,"Israel, Palestina - Nessana (Auja Hafir)[found & written]",,,,AD 680 Aug 29 - 681 Aug 28?,,,,,,,,,,,,Greek,,,,,,,,,,,,,680 - 681 (?),P.Nessana 69,Abrechnung; Steuern; Weizen; Öl; Geld,,Nessana (Palästina),,,,,,,,,,,© Heidelberger Gesamtverzeichnis der griechischen Papyrusurkunden Ägyptens. This work is licensed under a Creative Commons Attribution 3.0 License.,,X 40,,,,,,Rückseite: P.Nessana 68.,,,Papyrus,,,,,,,,Account of Food Tax (rizk),Papyrus,,,,,,,,,"  λ(ό)γ̣(ος) ῥο[υ]ζ̣ηκ(*) τῆς ἰνδ(ικτίωνος) θ  
[σί]τ̣(ου) μ̣(ό)δ̣ια υ̣ξ̣β ἐ(λαίου) ξ(έσ)τ(αι) σλα  
(καὶ) τ (ὁμοίως) ρν  
(καὶ) η (ὁμοίως) δ  
5(καὶ) το (ὁμοίως) ρ̣πε  
(καὶ) μ (ὁμοίως) μ ἐ(λαίου) ξ(έσται) μ  
(καὶ) τιμ(ὴ) σίτ(ου) μ(ο)δ(ίων) ρο ἐ(λαίου) ξ(εστῶν) ρο ν̣ο̣(μίσματα) ια  γ´  
σίτ(ου) μ(ό)δ(ια) ξζ (ὁμοίως) ξζ νο(μίσματα) δ  𐅵  
μ(ό)δ(ια) ρκδ (ὁμοίως) ρκδ νο(μίσματα) η  δ´  
10μ(ό)δ(ια) μϛ (ὁμοίως) μϛ νο(μίσματα) γ  ιβ´  
(ὁμοῦ) σίτ(ου) μ(ό)δ(ια) Αρπ ἐ(λαίου) ξ(εσ)τ(ῶν) χι  
(καὶ) τιμ(ὴ) σίτ(ου) μ(ό)δ(ια) υζ ἐ(λαίου) ξ(εσ)τ(ῶν) υζ  
νο(μίσματα) κζ  ϛ´  ","  λόγ̣ος ῥουζ̣ηκ τῆς ἰνδικτίωνος θ  
σίτ̣ου μ̣όδ̣ια υ̣ξ̣β ἐλαίου ξέσται σλα  
καὶ τ ὁμοίως ρν  
καὶ η ὁμοίως δ  
5καὶ το ὁμοίως ρ̣πε  
καὶ μ ὁμοίως μ ἐλαίου ξέσται μ  
καὶ τιμὴ σίτου μοδίων ρο ἐλαίου ξεστῶν ρο ν̣ο̣μίσματα ια  γ´  
σίτου μόδια ξζ ὁμοίως ξζ νομίσματα δ  𐅵  
μόδια ρκδ ὁμοίως ρκδ νομίσματα η  δ´  
10μόδια μϛ ὁμοίως μϛ νομίσματα γ  ιβ´  
ὁμοῦ σίτου μόδια Αρπ ἐλαίου ξεστῶν χι  
καὶ τιμὴ σίτου μόδια υζ ἐλαίου ξεστῶν υζ  
νομίσματα κζ  ϛ´  ","30.87626,34.427774",30.87626,34.427774,34.65366372,14.043472857142858,8
479,,,© Heidelberger Gesamtverzeichnis der griechischen Papyrusurkunden Ägyptens. This work is licensed under a Creative Commons Attribution 3.0 License.,,,,,Nessana,,,,,,,Papyrus,,"P. Ness. 3 89 (Kraemer, Casper J. Jr.; 1958)",Account of a Trading Company,"Lee, Pagans and Christians (2001), S. 282",,,Papyrus,other text(s) on the same object: 37379,,,Abrechnung; Geld; Kleinvieh; Lebensmittel; Getreide,,"Rückseite: P.Nessana 54. Zu Z. 22f. vgl. O.Did., S. 108, Anm. 35.",,,"New York, Pierpont Morgan Library H. Dunscombe Colt Collection pap. 54 Vo",,,,,,"Israel, Palestina - Nessana (Auja Hafir)[found & written]",,,,AD 575 - 625,,,,,,,,,,mentioned places,,Greek,Plate 7,,,,,,,,,,Plate 7,,spätes VI - frühes VII,P.Nessana 89,Abrechnung; Geld; Kleinvieh; Lebensmittel; Getreide,,Nessana (Palästina),"Lee, Pagans and Christians (2001), S. 282",,,,,,,,,,© Heidelberger Gesamtverzeichnis der griechischen Papyrusurkunden Ägyptens. This work is licensed under a Creative Commons Attribution 3.0 License.,,,,,,,,"Rückseite: P.Nessana 54. Zu Z. 22f. vgl. O.Did., S. 108, Anm. 35.",,,Papyrus,,,,,,,,Account of a Trading Company,Papyrus,,,,,,,,,"  ⎝ ⎝ ⎝ ⎝ ⎝ ⎝ ⎝ ⎝ ⎝ 
† ἐλθεντ  ̣[  ̣  ̣]  ̣ ε̣χ̣ο̣ν̣τ̣[- ca.40 -] 
[λ]όγος σὺν θεῷ̣ καὶ τὸν   ̣[⁦ -ca.?- ⁩] 
κ̣[εῖ]ν̣ται ὑ(*)μῖ̣ν̣ σ̣ίτ[ου] (μόδια(?)) ε̣  η̣´ [⁦ -ca.?- ⁩] 
5σίτου καὶ κριθο͂ν(*) (μόδια) β  𐅷 κα̣ὶ̣ κ̣[⁦ -ca.?- ⁩] 
καὶ ἐν φ(ό)λ(λεσι) (μόδια) το(ῦ) γ´ (ὁμοῦ) γίνοντε(*) (μόδια) ια  γ̣´ [⁦ -ca.?- ⁩] 
καὶ κῖντε(*) ὑ(*)μῖν (μόδια) β  κ̣δ̣´ καὶ κε̣ῖ̣ντ̣[αι ⁦ -ca.?- ⁩] 
α̣υ̣λ̣ο̣υ̣   ̣  ̣ελθ  ̣μ̣αιτατ̣ο  ̣  ̣[⁦ -ca.?- ⁩] 
ε̣ν̣α̣ς̣  ̣  ̣  ̣  ̣ (μόδια) σκ  ̣δε  ̣ελ  ̣  ̣  ̣[⁦ -ca.?- ⁩] 
10  ̣  ̣τ̣  ̣  ̣  ̣  ̣εκτου  ̣δεαν  ̣  ̣[⁦ -ca.?- ⁩] 
  ̣  ̣  ̣  ̣ο̣τ̣ο̣ Traces [⁦ -ca.?- ⁩] 
⁦ vac. ? ⁩  
εἰσε͂λθεν(*) Μαιμ  ̣  ̣ι̣σ̣  ̣  ̣ν  ̣  ̣  ̣  ̣[⁦ -ca.?- ⁩] 
  ̣  ̣  ̣θ̣ανοι̣τ̣ρ̣ Traces [⁦ -ca.?- ⁩] 
τ̣  ̣ (νομίσματα(?)) ι̣  𐅵  ν̣α̣  Traces [⁦ -ca.?- ⁩] 
15  ̣  ̣  ̣  ̣νιωνος   ̣  ̣  ̣  ̣ιν  ̣  ̣  ̣  ̣ι̣μ̣ι̣ς̣[⁦ -ca.?- ⁩] 
Ζοναινου Αι̣δ̣ου (νομίσματα) ι̣α̣  𐅵 εἰσε͂λθ[ε]ν(*)[⁦ -ca.?- ⁩] 
ἔτι τὸ ἴ(*)σου διʼ ἐσθε͂τα(*) ἰ(*)ς(*) τ̣α̣[⁦ -ca.?- ⁩] 
ἔ̣κ̣ιντο(*) μοι   ̣τον  ̣  ̣  ̣[- ca.15 -]  ̣  ̣  ̣ερεον καὶ τὸ λ  ̣  ̣  ̣  ̣σ̣τ̣  ̣  ̣  ̣  ̣[- ca.10 -] 
[  ̣  ̣  ̣]  ̣  ̣  ̣σα  ̣  ̣  ̣ν[  ̣  ̣]  ̣ιμεν  ̣[- ca.18 -] καὶ ἄλα(*) διάφορα γ̣ριταριν(*) λ(ίτραν) α  𐅵 μίαν ἥμοισ[υ](*). 
20[ἐκ]αθαρίσαμεν αὐτὸ οἱ ἀμ̣[φό]τ̣εροι [- ca.9 -]μις ἁγιό̣του ἀβ(β(?))ᾶ Μανθεα σι(δήρου) λί(τραν) α μίαν (νομίσματα) ε  γ̣´. 
δ̣[ο]θὲν τιμῖς(*) το̣ῦ κορασίου ν[ο(μίσματα)] γ̣ [κα]ὶ καμαίλον(*) (νομίσματος) 𐅵  γ´ (ὁμοῦ) θ [γ´] κ̣αὶ τιμῖς(*) το(*) πεδίου(*) (νομίσματα) ϛ κ̣α̣ὶ̣ καμελιν(*) (νομίσματα) δ  γ´  
(ὁμοῦ) (νομίσματα) ι  γ´ σὺν τοῦ(*) μισθοῦ(*) τοῦ γράψ̣αντος τὸ ὀνιακὸν(*) αὐτοῦ. δοθ(έντα) το(*) Σαρακαινο(*) το(*) σικοφαντέσαντι(*)  
ἑμᾶς(*) ἰ(*)ς(*) τὸ ἅγιον ὤρος(*) (νομίσματα) γ  𐅵. ἀνέδοκεν(*) ἑμ̣ῖν(*) (νομίσματα) σο  𐅵 ὁ ἀβᾶς(*) Μαρτίρ\ι/ος. ἐνέλθαμεν(*) ἰ(*)ς(*) εὐχὲν(*) εἰς τω(*)  
ἅγιον ὤρος(*) καὶ ἐδόσαμεν εὐλογίαν (νόμισμα) α. καὶ ἰ(*)ς(*) ἀνέλομα(*) ὑ(*)μο͂ν(*) καὶ ἀγο̣ρ̣ασίας ὀψαρίου καὶ ἀμιγδαλ(ῶν)(*) (νόμισμα) α. 
25δοθ(έντα) ἰ(*)ς(*) τὸ ἅγιον ὤρος(*) ὑ(*)πὲρ τῖς(*) κυ̣ν̣ό̣τ̣ετος(*) τοῦ χορίου(*) ὑ(*)μο͂ν(*) (νομίσματα) ι καὶ   ̣  ̣  ̣  ̣χ̣[  ̣]  ̣σ̣ος (νομίσματα) ζ (ὁμοῦ) (νομίσματα) ιζ. 
δοθ(έντα) ἰ(*)ς(*) ἔγιπτον(*) ὅτε ἀπελ(  ) Στέφα̣ν̣ος τὸ προ͂τον(*) τ̣ι̣σ̣ε̣ι̣δ̣ι̣ν̣ καὶ ἔφ[υ]γ̣εν τὸ καμ̣ελιν(*) τὸ μαίγα(*) (νομίσματα) [  ̣  ̣] 
[  ̣  ̣  ̣  ̣  ̣]κ̣[- ca.14 - καμηλί]ου ἀσινου(*) το(*) Σαρακενο͂ν(*) τὸν σίτο[ν μ(ό)]δ̣(ια) κ τοῦδε ἕνεκεν ἔλαβεν 
[- ca.17 - α]ὐτὸ ἔλ[αβεν(?)] ὁ̣ ἐ̣πίσκοπος τ̣ο(  ) ζ̣ Σ̣τ̣έφ(ανος) ἰ(*)ς(*) τὸ τελ[  ̣  ̣  ̣  ̣  ̣  ̣]ερεον καὶ φ(ό)λ(λεις) ρξ  
[- ca.15 - ἀνέ]δοκαν (νομίσματα) β  γ´ καὶ ἀπέθανην(*). ἔτι ἔλαβεν̣ [  ̣  ̣  ̣  ̣ τὸ] μαίγα(*) καμαιλιν(*) (νομίσματα) ιε. 
30⁦ vac. ? ⁩  
30† λόγ̣(ος) τον̣(*) ἀ̣γ̣ο̣ρ̣α̣σθέντον(*) καὶ ἐξ[ε]λθέ̣ντον(*) ε̣  ̣ο̣  ̣  ̣ω̣ν̣ ἐκ̣ τ̣ῖς̣(*) φορ̣ᾶ̣ς̣ τε(*) μαινὸς̣(*) Δίου   ̣  ̣  ̣  κ̣α̣  γ̣´ ἀγορασθὲν κ̣[α]μ̣α̣[ιλ]ι̣ν̣(*) θε̣λ(*) (νομίσματα) ζ. 
ἔτ̣ι ἀγο̣ρασθὲν καμαιλιν(*) (νομίσματα) ε  γ´ καὶ ὠνοθέλι̣α̣ν̣(*) (νομίσματα) β  γ̣´. δο̣θ̣(έντα) δ̣ιὰ ἀ̣στικο͂ν(*) κ̣α̣ὶ̣ κυ̣μ̣[  ̣]  ̣ατω̣ν  ̣  ̣  
ἔκ τῖς(*) τιμῖς(*) τοῦ ασιμιου κλ̣ε̣πο̣μινο̣υ̣ ασβ̣  ̣  ̣κολ̣ικ̣ρε̣α̣ι̣ς̣ ζ. 
τε(*) μαινὸς(*) Ἀπελέου εδόθε(*) ἰ(*)ς(*) τε(*) κινότετα(*) ἡμο͂ν(*) Σέργιος καὶ Ἀβρααμίω καὶ μο̣υ̣ Ζοναινου (νομίσματα) ιϛ. 
δοθ(έντα) τιμὲν(*) ὠνοθελίας(*) ἰ(*)ς(*) Νεσανα (νομίσματα) ε  γ´ καὶ ἐτελεύτεσεν(*). 
35[ἀ]ν̣εκ[ομί]σαμεν ἀπὸ τιμῖς(*) τοῦ καμαιλίου(*) ὥπερ(*) ἐλαβα(*) οἱ Σαρακενοὶ(*) ὑ(*)οὶ(*) Ειαλωδεε̣ιδ (νομίσματα) δ. 
[  ̣  ̣  ̣  ̣  ̣  ̣  ̣  ̣]το̣[  ̣ ν]ο(μίσματα) ι̣. ἀνελόσαμεν(*) ὅτε ἰ(*)σέλθαμεν(*) Εμ̣αζεν πρὸς τε(*) γυνεκαν̣(*) τοῦ σπαθαρίου (νόμισμα) α. 
[- ca.19 -] πάντα παντῖ(*) (νομίσματα) ι καὶ ἀπὸ τιμῖς(*) φορά̣δος (νομίσματα) γ καὶ ἀπὸ τιμῖς(*) πώ̣λ̣ο̣υ̣ 
[(νόμισμα) α καὶ ἀπὸ τιμῆς   ̣  ̣  ̣  ̣ (νόμισμα) α ] καὶ τὸ ἐπεσόν(*) μοι (νόμισμα) α καὶ ἀπὸ τιμῖς(*) ἐρέας καὶ ἐ̣λέου(*) (νομίσματα) β (ὁμοῦ) (νομίσματα) ιη. 
[- ca.18 -] (νομίσματα) β ἅπερ ἐδοκαμε(*) Μαρτι̣[ρι]ο(*) καὶ ὑ(*)μῖν ἀναλόματα̣(*) θ(ε)ο̣(ῦ) (ὑπὲρ) τιμῖς(*) σινδονί[ου] 
40[- ca.16 -] δ̣οθ(ὲν) Σαρακαινο(*) Αδιου (νόμισμα) α  ϛ´ ὃ ἐδανίσαμεν(*) ἐξ αὐτοῦ ἰ(*)ς(*) τιμὶν(*) ἐρέας 
[- ca.16 -] Στεφάνου Μιο̣ιου καὶ Ἰ(*)ωάνου Λαρ[ν]α̣χ̣ (νομίσματα) ε. ἐχομε(*) κριθάριν ἐξ αὐτοῦ μ(ό)δ(ια) [  ̣  ̣] 
[δοθ(έντα) τι]μ̣ῖς(*) καμαιλίου(*) (νομίσματα) ϛ καὶ τιμῖς(*) καμαιλίου(*) μαιγάλου(*) (νομίσματα) ϛ. ἔτι ἀγορασὲν(*) ὑμῖν οἰ(νάριον) (νόμισμα) α. 
[  ̣  ̣  ̣  ̣  ̣]α̣μανου δοξειας βετα̣γορινα̣ (νομισμα )   ̣ ὑ(*)πὲρ τ[ῶ]ν ι κολ(λά)θ(ων) το [  ̣  ̣] ἕπερ(*) ἔ̣λαβεν ἐξ αὐτοῦ Θεώ̣δ̣(ορος) (νομίσματα) ζ. 
⁦ vac. ? ⁩  
[- ca.16 -] καὶ πρ[ε]σ̣βᾳ(*) τῆς δεσποίνης ἡμο͂ν(*) τε͂ς(*) θεοτόκου καὶ ἀιπαρθέν̣[ου](*) [Μαρίας καὶ] 
45[τοῦ ἁγίου] καὶ ἐνδόξ[ο]υ Ἰ(*)ω(άννου) τοῦ προδρμου(*) καὶ βαπτ̣[ίστο]υ καὶ πάντον(*) τον̣(*) ἁ̣[γίω]ν̣ [μ]α̣[ρτύρων †] 
[- ca.9 -] τιμ̣ὶν(*) τοῦ σάγμ̣α̣τ̣ος τοῦ καμαιλου(*) (ὁμοῦ) φόλ(λεις) σ. ","  ⎝ ⎝ ⎝ ⎝ ⎝ ⎝ ⎝ ⎝ ⎝ 
† ἐλθεντ  ̣  ̣  ̣  ̣ ε̣χ̣ο̣ν̣τ̣- ca.40 - 
λόγος σὺν θεῷ̣ καὶ τὸν   ̣⁦ -ca.?- ⁩ 
κ̣εῖν̣ται ὑμῖ̣ν̣ σ̣ίτου μόδια? ε̣  η̣´ ⁦ -ca.?- ⁩ 
5σίτου καὶ κριθο͂ν μόδια β  𐅷 κα̣ὶ̣ κ̣⁦ -ca.?- ⁩ 
καὶ ἐν φόλλεσι μόδια τοῦ γ´ ὁμοῦ γίνοντε μόδια ια  γ̣´ ⁦ -ca.?- ⁩ 
καὶ κῖντε ὑμῖν μόδια β  κ̣δ̣´ καὶ κε̣ῖ̣ντ̣αι ⁦ -ca.?- ⁩ 
α̣υ̣λ̣ο̣υ̣   ̣  ̣ελθ  ̣μ̣αιτατ̣ο  ̣  ̣⁦ -ca.?- ⁩ 
ε̣ν̣α̣ς̣  ̣  ̣  ̣  ̣ μόδια σκ  ̣δε  ̣ελ  ̣  ̣  ̣⁦ -ca.?- ⁩ 
10  ̣  ̣τ̣  ̣  ̣  ̣  ̣εκτου  ̣δεαν  ̣  ̣⁦ -ca.?- ⁩ 
  ̣  ̣  ̣  ̣ο̣τ̣ο̣ Traces ⁦ -ca.?- ⁩ 
⁦ vac. ? ⁩  
εἰσε͂λθεν Μαιμ  ̣  ̣ι̣σ̣  ̣  ̣ν  ̣  ̣  ̣  ̣⁦ -ca.?- ⁩ 
  ̣  ̣  ̣θ̣ανοι̣τ̣ρ̣ Traces ⁦ -ca.?- ⁩ 
τ̣  ̣ νομίσματα? ι̣  𐅵  ν̣α̣  Traces ⁦ -ca.?- ⁩ 
15  ̣  ̣  ̣  ̣νιωνος   ̣  ̣  ̣  ̣ιν  ̣  ̣  ̣  ̣ι̣μ̣ι̣ς̣⁦ -ca.?- ⁩ 
Ζοναινου Αι̣δ̣ου νομίσματα ι̣α̣  𐅵 εἰσε͂λθεν⁦ -ca.?- ⁩ 
ἔτι τὸ ἴσου διʼ ἐσθε͂τα ἰς τ̣α̣⁦ -ca.?- ⁩ 
ἔ̣κ̣ιντο μοι   ̣τον  ̣  ̣  ̣- ca.15 -  ̣  ̣  ̣ερεον καὶ τὸ λ  ̣  ̣  ̣  ̣σ̣τ̣  ̣  ̣  ̣  ̣- ca.10 - 
  ̣  ̣  ̣  ̣  ̣  ̣σα  ̣  ̣  ̣ν  ̣  ̣  ̣ιμεν  ̣- ca.18 - καὶ ἄλα διάφορα γ̣ριταριν λίτραν α  𐅵 μίαν ἥμοισυ. 
20ἐκαθαρίσαμεν αὐτὸ οἱ ἀμ̣φότ̣εροι - ca.9 -μις ἁγιό̣του ἀββ?ᾶ Μανθεα σιδήρου λίτραν α μίαν νομίσματα ε  γ̣´. 
δ̣οθὲν τιμῖς το̣ῦ κορασίου νομίσματα γ̣ καὶ καμαίλον νομίσματος 𐅵  γ´ ὁμοῦ θ γ´ κ̣αὶ τιμῖς το πεδίου νομίσματα ϛ κ̣α̣ὶ̣ καμελιν νομίσματα δ  γ´  
ὁμοῦ νομίσματα ι  γ´ σὺν τοῦ μισθοῦ τοῦ γράψ̣αντος τὸ ὀνιακὸν αὐτοῦ. δοθέντα το Σαρακαινο το σικοφαντέσαντι  
ἑμᾶς ἰς τὸ ἅγιον ὤρος νομίσματα γ  𐅵. ἀνέδοκεν ἑμ̣ῖν νομίσματα σο  𐅵 ὁ ἀβᾶς Μαρτίρ\ι/ος. ἐνέλθαμεν ἰς εὐχὲν εἰς τω  
ἅγιον ὤρος καὶ ἐδόσαμεν εὐλογίαν νόμισμα α. καὶ ἰς ἀνέλομα ὑμο͂ν καὶ ἀγο̣ρ̣ασίας ὀψαρίου καὶ ἀμιγδαλῶν νόμισμα α. 
25δοθέντα ἰς τὸ ἅγιον ὤρος ὑπὲρ τῖς κυ̣ν̣ό̣τ̣ετος τοῦ χορίου ὑμο͂ν νομίσματα ι καὶ   ̣  ̣  ̣  ̣χ̣  ̣  ̣σ̣ος νομίσματα ζ ὁμοῦ νομίσματα ιζ. 
δοθέντα ἰς ἔγιπτον ὅτε ἀπελ   Στέφα̣ν̣ος τὸ προ͂τον τ̣ι̣σ̣ε̣ι̣δ̣ι̣ν̣ καὶ ἔφυγ̣εν τὸ καμ̣ελιν τὸ μαίγα νομίσματα   ̣  ̣ 
  ̣  ̣  ̣  ̣  ̣κ̣- ca.14 - καμηλίου ἀσινου το Σαρακενο͂ν τὸν σίτον μόδ̣ια κ τοῦδε ἕνεκεν ἔλαβεν 
- ca.17 - αὐτὸ ἔλαβεν? ὁ̣ ἐ̣πίσκοπος τ̣ο   ζ̣ Σ̣τ̣έφανος ἰς τὸ τελ  ̣  ̣  ̣  ̣  ̣  ̣ερεον καὶ φόλλεις ρξ  
- ca.15 - ἀνέδοκαν νομίσματα β  γ´ καὶ ἀπέθανην. ἔτι ἔλαβεν̣   ̣  ̣  ̣  ̣ τὸ μαίγα καμαιλιν νομίσματα ιε. 
30⁦ vac. ? ⁩  
30† λόγ̣ος τον̣ ἀ̣γ̣ο̣ρ̣α̣σθέντον καὶ ἐξελθέ̣ντον ε̣  ̣ο̣  ̣  ̣ω̣ν̣ ἐκ̣ τ̣ῖς̣ φορ̣ᾶ̣ς̣ τε μαινὸς̣ Δίου   ̣  ̣  ̣  κ̣α̣  γ̣´ ἀγορασθὲν κ̣αμ̣α̣ιλι̣ν̣ θε̣λ νομίσματα ζ. 
ἔτ̣ι ἀγο̣ρασθὲν καμαιλιν νομίσματα ε  γ´ καὶ ὠνοθέλι̣α̣ν̣ νομίσματα β  γ̣´. δο̣θ̣έντα δ̣ιὰ ἀ̣στικο͂ν κ̣α̣ὶ̣ κυ̣μ̣  ̣  ̣ατω̣ν  ̣  ̣  
ἔκ τῖς τιμῖς τοῦ ασιμιου κλ̣ε̣πο̣μινο̣υ̣ ασβ̣  ̣  ̣κολ̣ικ̣ρε̣α̣ι̣ς̣ ζ. 
τε μαινὸς Ἀπελέου εδόθε ἰς τε κινότετα ἡμο͂ν Σέργιος καὶ Ἀβρααμίω καὶ μο̣υ̣ Ζοναινου νομίσματα ιϛ. 
δοθέντα τιμὲν ὠνοθελίας ἰς Νεσανα νομίσματα ε  γ´ καὶ ἐτελεύτεσεν. 
35ἀν̣εκομίσαμεν ἀπὸ τιμῖς τοῦ καμαιλίου ὥπερ ἐλαβα οἱ Σαρακενοὶ ὑοὶ Ειαλωδεε̣ιδ νομίσματα δ. 
  ̣  ̣  ̣  ̣  ̣  ̣  ̣  ̣το̣  ̣ νομίσματα ι̣. ἀνελόσαμεν ὅτε ἰσέλθαμεν Εμ̣αζεν πρὸς τε γυνεκαν̣ τοῦ σπαθαρίου νόμισμα α. 
- ca.19 - πάντα παντῖ νομίσματα ι καὶ ἀπὸ τιμῖς φορά̣δος νομίσματα γ καὶ ἀπὸ τιμῖς πώ̣λ̣ο̣υ̣ 
νόμισμα α καὶ ἀπὸ τιμῆς   ̣  ̣  ̣  ̣ νόμισμα α  καὶ τὸ ἐπεσόν μοι νόμισμα α καὶ ἀπὸ τιμῖς ἐρέας καὶ ἐ̣λέου νομίσματα β ὁμοῦ νομίσματα ιη. 
- ca.18 - νομίσματα β ἅπερ ἐδοκαμε Μαρτι̣ριο καὶ ὑμῖν ἀναλόματα̣ θεο̣ῦ ὑπὲρ τιμῖς σινδονίου 
40- ca.16 - δ̣οθὲν Σαρακαινο Αδιου νόμισμα α  ϛ´ ὃ ἐδανίσαμεν ἐξ αὐτοῦ ἰς τιμὶν ἐρέας 
- ca.16 - Στεφάνου Μιο̣ιου καὶ Ἰωάνου Λαρνα̣χ̣ νομίσματα ε. ἐχομε κριθάριν ἐξ αὐτοῦ μόδια   ̣  ̣ 
δοθέντα τιμ̣ῖς καμαιλίου νομίσματα ϛ καὶ τιμῖς καμαιλίου μαιγάλου νομίσματα ϛ. ἔτι ἀγορασὲν ὑμῖν οἰνάριον νόμισμα α. 
  ̣  ̣  ̣  ̣  ̣α̣μανου δοξειας βετα̣γορινα̣ νομισμα    ̣ ὑπὲρ τῶν ι κολλάθων το   ̣  ̣ ἕπερ ἔ̣λαβεν ἐξ αὐτοῦ Θεώ̣δ̣ορος νομίσματα ζ. 
⁦ vac. ? ⁩  
- ca.16 - καὶ πρεσ̣βᾳ τῆς δεσποίνης ἡμο͂ν τε͂ς θεοτόκου καὶ ἀιπαρθέν̣ου Μαρίας καὶ 
45τοῦ ἁγίου καὶ ἐνδόξου Ἰωάννου τοῦ προδρμου καὶ βαπτ̣ίστου καὶ πάντον τον̣ ἁ̣γίων̣ μα̣ρτύρων † 
- ca.9 - τιμ̣ὶν τοῦ σάγμ̣α̣τ̣ος τοῦ καμαιλου ὁμοῦ φόλλεις σ. ","30.87626,34.427774",30.87626,34.427774,34.65366372,14.043472857142858,8
480,,,© Heidelberger Gesamtverzeichnis der griechischen Papyrusurkunden Ägyptens. This work is licensed under a Creative Commons Attribution 3.0 License.,,,,,Nessana,,,,,X 40; XII 53,,Papyrus,,"P. Ness. 3 92 (Kraemer, Casper J. Jr.; 1958)",Official Account,,,,Papyrus,other text(s) on the same object: 21510,,mentioned people,Abrechnung; Getreide; Lieferung; Geld; Namen,,"Rückseite: P.Nessana 93. Vgl. CPR XXII 3,9 Anm.",,,"New York, Pierpont Morgan Library H. Dunscombe Colt Collection pap. 92 Ro",,,,,,"Israel, Palestina - Nessana (Auja Hafir)[found & written]",,,,AD 685 about,,,,,,,,,,mentioned places,,Greek,Plate 8 (Fragmente),,,,,,,,,,Plate 8 (Fragmente),,ca. 685,P.Nessana 92,Abrechnung; Getreide; Lieferung; Geld; Namen,,Nessana (Palästina),,,,,,,,,,,© Heidelberger Gesamtverzeichnis der griechischen Papyrusurkunden Ägyptens. This work is licensed under a Creative Commons Attribution 3.0 License.,,X 40; XII 53,,,,,,"Rückseite: P.Nessana 93. Vgl. CPR XXII 3,9 Anm.",,,Papyrus,,,,,,,,Official Account,Papyrus,,,,,,,,,"  (*)    ̣  ̣  ̣[  ̣  ̣  ̣  ̣  ̣  ̣  ̣  ̣] Βεσιρ[⁦ -ca.?- ⁩] ⎫ 
(*) κ(ατα(?))με̣(ρίζων) ῥ(ουζι)κ(ὸν) ὁμο(ίως) Σαλεμ ⎬ 
2a(*) εἰ(ς) Γαλι[λαίαν (?)⁦ -ca.?- ⁩] 
(*) φ(ύ)λ(ακες) ῥου(ζικοῦ) Σαλεμ (και) Γεμηλα ⎬ 
(*) (γίνονται) β ⎭ 
5(*) β(ανι) Σουλαιμ β(εν) Ανης 
(*) ἐλθ(ὼν(?)) ἀ̣(πὸ) Ἰ̣ο̣ρδ(άνου) κ(ατα)με̣(ρίζων) ῥ(ουζι)κ(ὸν) Καταν β(εν) Ουα̣ξεν ἐλθ(ὼν)
                              ἀ(πὸ) Ἰο̣ρδ(άνου) δ(ιὰ) γρ(αμμάτων) Αβδελμαλεχ [⁦ -ca.?- ⁩] 
⁦ vac. ? ⁩  
(*) κ̣(  )ι̣(  ) Σ̣ο̣[υ]φ̣ι̣α̣ν̣ β̣(εν) Α̣βδελλα τ̣[ῶ(ν)] Επασα   ̣π̣η̣ (νομίσματα) ι̣ δ(ιὰ) γρ(αμμάτων) Αβ̣δελμ̣α̣λεχ̣   ̣  ̣  ̣[⁦ -ca.?- ⁩] 
(*) κ(  )ι(  ) Σ̣ο̣υφ[ιαν] β(εν) Αμερ τῶ(ν) β(ανι) Ιας (νόμισματα) ι δ(ιʼ) αὐτ(ῶν) ὁμο(ίως) [⁦ -ca.?- ⁩] 
(*) κ(  )ι(  ) Μασαουδ β(εν) Αβδελλα τῶ(ν) Εραμαρ [(νομίσματα)] ι δ(ιʼ) Ασσο̣υ̣ν̣ (καὶ) Αβ̣δελμαλ[εχ]   ̣  ̣[⁦ -ca.?- ⁩] 
10(*) β(εν) Σολαε τῶ(ν) β(ανι) Μαλεχ β(εν) Χιμο̣σ̣α 
(*) κ(  )ι(  ) με [  ̣  ̣]σουμαιτ β(εν) Αδη ⎫ 
11a(*) χρ(  ) γρ(αμμάτων) αὐτ(οῦ) κ(  )ι(  ) μ τοῦ   ̣  ̣  ̣  ̣ δ(ιὰ) γρ(αμμάτων) Α̣β̣δε̣λ[⁦ -ca.?- ⁩] 
(*) κ(  )ι(  ) λε Ολαη β(εν) Αμερ ⎭ 
⁦ vac. ? ⁩  
(*) κ̣(ατ)ε̣λθ(ὼν) ἰ(ν)δ(ικτίωνος) ιβ φ(ύ)λ(αξ) ῥ(ουζι)κ(οῦ) α Αβδελ̣ε̣ση β(εν) Νοομαν μ(ε)τ(ὰ) Νοομαν β(εν) Αργ̣αδδ̣ι̣ δ(ιὰ) γρ(αμμάτων) τοῦ α̣ὐ̣τ(οῦ)
                              [⁦ -ca.?- ⁩] 
(*) πρ(ο(?))θ(εὶς) εἰ(ς) ῥου(ζικὸν) ασ̣αρ̣ου β μ(ε)τ(ὰ) Αισιρα β(εν) Θαλαβα τῶ(ν) β(ανι) Ενδ δ(ιὰ) γ̣[ρ(αμμάτων)] Α̣[β]δ [β(εν) Μα]χ̣αρ
                              [⁦ -ca.?- ⁩] 
15(*) Μοο[αυ]ιου β(εν) Βαλαα τ̣[ῶ(ν)] β(ανι) Αμερ β(εν) Αλααρ(ε)θ πρ(  )θ(  ) Α̣σ̣σ̣ο̣υ̣ν̣
                              [(καὶ)] εἰ(ς)   ̣[⁦ -ca.?- ⁩] 
(*) Αβ̣ου Αμερ β(εν(?)) Αβιαββα τῶ(ν) αὐτ(ῶν) (νομίσματα) ι  
(*) β(ανι) Αλλαγνα̣φ 
(*) κ(ατʼ(?)) Αἴγ(υ)π(τον) κ(ατα)με̣(ρίζοντες) ῥ(ουζι)κ(ὸν) Γουμαα β(εν) Σουαιδ ⎫ 
18a(*) δ(ιὰ) γρ(αμμάτων) τοῦ α(  ) ομαου 
18b(*) Μαρουαν (καὶ) Σαιδ β(εν) Ιας [⁦ -ca.?- ⁩] 
(*) Φερσεν β(εν) Σουαιδ ⎭ 
20(*) Ετμαλεχ β(εν) Αβδελλα 
(*) Σαιδ β(εν(?)) Αβδεραμαν πρ(ο)θ(έσει) (νομίσματα) κ δ(ιὰ) γρ(αμμάτων) Αβδελ̣[μα]λ̣[εχ] π̣ρ(  )θ(  ) ασ̣σ̣ο̣ν̣ (καὶ) εἰ(ς)   ̣[⁦ -ca.?- ⁩] 
(*) Αδραμουθ 
(*) κ(  )ι(  ) μ Ιζιδ β(εν) Αβγαρ ⎫ 
23a(*) κ(ατʼ) Αἴγ(υ)π(τον) δ(ιὰ) γρ(αμμάτων) Αβδελαζ(ιζ) (καὶ) τοῦ 
23b(*) α(  ) ομαου πρ(  )θ(  ) Ασσουν [καὶ εἰ(ς) (?)⁦ -ca.?- ⁩] 
(*) κ(ατα(?))με(ρίζων) ῥ(ουζι)κ(ὸν) ὁμο(ίως) Αβιβ β(εν) Αβγαρ⎬ 
25(*) α̣σαρου δ ⎬ 
(*) ο̣λ̣ερο̣ια̣ ⎭ 
27a(καὶ(?)) Σαβα 
27b(καὶ(?))   ̣  ̣εδ 
Ζιαδ β(εν) Σουλαιμ τῶ(ν) Δαρινου πρ(  )θ(  ) ασαρου δ δ̣(ιὰ) [γρ(αμμάτων)] Α̣β̣δ β(εν) Μα̣χαρ   ̣  ̣  ̣  ̣[⁦ -ca.?- ⁩] 
27c(καὶ(?)) Ασμὰ 
27d(καὶ(?)) Δακα 
(*) Μουζαεμ β(εν(?)) Δουβαβ τῶ(ν) Αλμοβασστου πρ(ο)θ(έσει) (νομίσματα) κ δ̣(ιὰ) [γρ(αμμάτων)] Α̣σ̣α̣ν̣ α(  ) ομαου (νομίσματα) ι [⁦ -ca.?- ⁩] 
(*) Αλη β(εν(?)) Μασβουδα τῶ(ν) ὁ(μοίως) [(νομίσματα)] ι̣ δ(ιὰ) Α[βδ]ε̣[λ]μ̣[αλ]ε̣χ̣ [⁦ -ca.?- ⁩] 
30(*) χρ\η/ α̣π̣οστρε(  ) τὸ μεμβε(  ) τοῦ Σουλαιμ β(εν) Αβιθαμθαμ τῶ(ν) β(ανι) Δαχ̣α η  ̣[  ̣]μ̣λ̣  ̣  ̣  ̣  ̣εθ  ̣  ̣[  ̣]α̣μ̣[⁦ -ca.?- ⁩] 
(*) Οβαιδ’αλλα β(εν(?)) Αβιλαας τῶ(ν) β(ανι) Ιεσχωρ πρ(ο)θ(έσει) (νομίσματα) ι δι(ὰ) γρ(αμμάτων) Αβδελμαλε̣χ̣   ̣  ̣  ̣λ̣  ̣  ̣ερε  ̣θ(  ) [⁦ -ca.?- ⁩] 
(*) κ(ατʼ) Αἴγ(υ)π(τον) κ(  )ι(  ) μ Αβδελλα β(εν) Σουβα τῶν Ελερ (νομίσματα) ι ⎫ 
32a(*) δ(ιὰ) γρ(αμμάτων) Αβδελζιζ(*) πρ(  )θ(  ) Α̣σσο̣υ̣ν̣ [(καὶ) εἰ(ς) (?)⁦ -ca.?- ⁩] 
[ -10-15- ] κ(ατα)με̣(ρίζων) ῥ(ουξι)κ(ὸν) Αμαθαλλα β(εν) Αλγαβερ ⎭ 
(*) κ(ατʼ) Αἴγ(υπτον) κ̣(  )ι̣(  ) μ̣ Σουφαη β(εν) Αρεγ δ̣ι̣η̣(  ) (νομίσματα) ι τῶ̣(ν) Ετασσιβ β(εν) Ες  ̣  ̣[⁦ -ca.?- ⁩] 
35(*) Ρα̣β̣εα̣ 
(*) πρ(ο(?))θ(εὶς) εἰ(ς) ῥ(ό)γ(αν) φ(ύ)λ(αξ) ῥ(ουζι)κ(οῦ) Σαιδ β(εν) Αμερ δ(ιὰ) γρ(αμμάτων)
                              Αβδελμαλεχ αμιρ[αλμουμνιν]   ̣  ̣[⁦ -ca.?- ⁩] 
(*) β(ανι) Φω̣καιμ̣ \χ/ ι Ουσαιδ 
(*) πρ(ο(?))θ(έντες) εἰ(ς) ῥ(ό)γ(αν) φ(ύ)λ(ακες) ῥ(ουζι)κ(οῦ) Νοομ β(εν) Οβαιδ μ(ε)τ(ὰ)
                              Οβαιδ β(εν) Αμερ ⎫ 
38a(*) εἰ(ς) [  ̣  ̣  ̣  ̣  ̣  ̣  ̣]  ̣[⁦ -ca.?- ⁩] 
(*) Ουμαια β(εν) Ιας μ(ε)τ(ὰ) Ουσαιδ β(εν) Γουναιδρω̣ ⎭ 
40(*) Σουφιαν β(εν(?)) Χααβ τῶ(ν) β(ανι) Μαλεχ β(εν) Ραβια πρ(ο)θ(έσει) (νομίσματα) ι δ(ιὰ) Αβδελμ(αλε)χ αμιραλ̣[νου(μνιν)] εἰ(ς) [⁦ -ca.?- ⁩] 
(*) Αλααρεβ β(εν) Θαυβαν τῶ(ν) β(ανι) Αμερ β(εν) Ζαμιμ (νομίσματα) ι διʼ αὐτ(οῦ) ο̣  ̣  ̣[⁦ -ca.?- ⁩] 
(*) [  ̣  ̣  ̣  ̣  ̣  ̣  ̣  ̣]  ̣ ῥ(ό)γ(αν) Α̣β̣ου Αλημ  ̣ β(εν) Α̣ρο̣α̣ τ̣ῶ̣(ν) β(ανι) Αλεγ̣ρ̣αμ εἰ(ς) ῥ(ό)γ(αν) ἰ(ν)δ(ικτίωνος) ια εἰ(ς) ῥ(ό)γ(αν) 
(*) ἰ(ν)δ(ικτίωνος) ιβ εἰ(ς) ῥ(ό)γ(αν)   ̣  ̣  ̣  ̣[⁦ -ca.?- ⁩] 
(*) κ(ατὰ) ν(  )τ(  ) κ(  )ι(  ) μ Ιαλε β(εν) Αβδεραμαν τῶ(ν) β(ανι) Μα̣αρ̣εβ τῶ(ν) Καις δ̣[(ιὰ) γρ(αμμάτων)] Αβδ̣ε̣[λμαλεχ
                              (?)⁦ -ca.?- ⁩] ","      ̣  ̣  ̣  ̣  ̣  ̣  ̣  ̣  ̣  ̣  ̣ Βεσιρ⁦ -ca.?- ⁩ ⎫ 
 κατα?με̣ρίζων ῥουζικὸν ὁμοίως Σαλεμ ⎬ 
2a εἰς Γαλιλαίαν ?⁦ -ca.?- ⁩ 
 φύλακες ῥουζικοῦ Σαλεμ και Γεμηλα ⎬ 
 γίνονται β ⎭ 
5 βανι Σουλαιμ βεν Ανης 
 ἐλθὼν? ἀ̣πὸ Ἰ̣ο̣ρδάνου καταμε̣ρίζων ῥουζικὸν Καταν βεν Ουα̣ξεν ἐλθὼν
                              ἀπὸ Ἰο̣ρδάνου διὰ γραμμάτων Αβδελμαλεχ ⁦ -ca.?- ⁩ 
⁦ vac. ? ⁩  
 κ̣  ι̣   Σ̣ο̣υφ̣ι̣α̣ν̣ β̣εν Α̣βδελλα τ̣ῶν Επασα   ̣π̣η̣ νομίσματα ι̣ διὰ γραμμάτων Αβ̣δελμ̣α̣λεχ̣   ̣  ̣  ̣⁦ -ca.?- ⁩ 
 κ  ι   Σ̣ο̣υφιαν βεν Αμερ τῶν βανι Ιας νόμισματα ι διʼ αὐτῶν ὁμοίως ⁦ -ca.?- ⁩ 
 κ  ι   Μασαουδ βεν Αβδελλα τῶν Εραμαρ νομίσματα ι διʼ Ασσο̣υ̣ν̣ καὶ Αβ̣δελμαλεχ   ̣  ̣⁦ -ca.?- ⁩ 
10 βεν Σολαε τῶν βανι Μαλεχ βεν Χιμο̣σ̣α 
 κ  ι   με   ̣  ̣σουμαιτ βεν Αδη ⎫ 
11a χρ   γραμμάτων αὐτοῦ κ  ι   μ τοῦ   ̣  ̣  ̣  ̣ διὰ γραμμάτων Α̣β̣δε̣λ⁦ -ca.?- ⁩ 
 κ  ι   λε Ολαη βεν Αμερ ⎭ 
⁦ vac. ? ⁩  
 κ̣ατε̣λθὼν ἰνδικτίωνος ιβ φύλαξ ῥουζικοῦ α Αβδελ̣ε̣ση βεν Νοομαν μετὰ Νοομαν βεν Αργ̣αδδ̣ι̣ διὰ γραμμάτων τοῦ α̣ὐ̣τοῦ
                              ⁦ -ca.?- ⁩ 
 προ?θεὶς εἰς ῥουζικὸν ασ̣αρ̣ου β μετὰ Αισιρα βεν Θαλαβα τῶν βανι Ενδ διὰ γ̣ραμμάτων Α̣βδ βεν Μαχ̣αρ
                              ⁦ -ca.?- ⁩ 
15 Μοοαυιου βεν Βαλαα τ̣ῶν βανι Αμερ βεν Αλααρεθ πρ  θ   Α̣σ̣σ̣ο̣υ̣ν̣
                              καὶ εἰς   ̣⁦ -ca.?- ⁩ 
 Αβ̣ου Αμερ βεν? Αβιαββα τῶν αὐτῶν νομίσματα ι  
 βανι Αλλαγνα̣φ 
 κατʼ? Αἴγυπτον καταμε̣ρίζοντες ῥουζικὸν Γουμαα βεν Σουαιδ ⎫ 
18a διὰ γραμμάτων τοῦ α   ομαου 
18b Μαρουαν καὶ Σαιδ βεν Ιας ⁦ -ca.?- ⁩ 
 Φερσεν βεν Σουαιδ ⎭ 
20 Ετμαλεχ βεν Αβδελλα 
 Σαιδ βεν? Αβδεραμαν προθέσει νομίσματα κ διὰ γραμμάτων Αβδελ̣μαλ̣εχ π̣ρ  θ   ασ̣σ̣ο̣ν̣ καὶ εἰς   ̣⁦ -ca.?- ⁩ 
 Αδραμουθ 
 κ  ι   μ Ιζιδ βεν Αβγαρ ⎫ 
23a κατʼ Αἴγυπτον διὰ γραμμάτων Αβδελαζιζ καὶ τοῦ 
23b α   ομαου πρ  θ   Ασσουν καὶ εἰς ?⁦ -ca.?- ⁩ 
 κατα?μερίζων ῥουζικὸν ὁμοίως Αβιβ βεν Αβγαρ⎬ 
25 α̣σαρου δ ⎬ 
 ο̣λ̣ερο̣ια̣ ⎭ 
27aκαὶ? Σαβα 
27bκαὶ?   ̣  ̣εδ 
Ζιαδ βεν Σουλαιμ τῶν Δαρινου πρ  θ   ασαρου δ δ̣ιὰ γραμμάτων Α̣β̣δ βεν Μα̣χαρ   ̣  ̣  ̣  ̣⁦ -ca.?- ⁩ 
27cκαὶ? Ασμὰ 
27dκαὶ? Δακα 
 Μουζαεμ βεν? Δουβαβ τῶν Αλμοβασστου προθέσει νομίσματα κ δ̣ιὰ γραμμάτων Α̣σ̣α̣ν̣ α   ομαου νομίσματα ι ⁦ -ca.?- ⁩ 
 Αλη βεν? Μασβουδα τῶν ὁμοίως νομίσματα ι̣ διὰ Αβδε̣λμ̣αλε̣χ̣ ⁦ -ca.?- ⁩ 
30 χρ\η/ α̣π̣οστρε   τὸ μεμβε   τοῦ Σουλαιμ βεν Αβιθαμθαμ τῶν βανι Δαχ̣α η  ̣  ̣μ̣λ̣  ̣  ̣  ̣  ̣εθ  ̣  ̣  ̣α̣μ̣⁦ -ca.?- ⁩ 
 Οβαιδ’αλλα βεν? Αβιλαας τῶν βανι Ιεσχωρ προθέσει νομίσματα ι διὰ γραμμάτων Αβδελμαλε̣χ̣   ̣  ̣  ̣λ̣  ̣  ̣ερε  ̣θ   ⁦ -ca.?- ⁩ 
 κατʼ Αἴγυπτον κ  ι   μ Αβδελλα βεν Σουβα τῶν Ελερ νομίσματα ι ⎫ 
32a διὰ γραμμάτων Αβδελζιζ πρ  θ   Α̣σσο̣υ̣ν̣ καὶ εἰς ?⁦ -ca.?- ⁩ 
 -10-15-  καταμε̣ρίζων ῥουξικὸν Αμαθαλλα βεν Αλγαβερ ⎭ 
 κατʼ Αἴγυπτον κ̣  ι̣   μ̣ Σουφαη βεν Αρεγ δ̣ι̣η̣   νομίσματα ι τῶ̣ν Ετασσιβ βεν Ες  ̣  ̣⁦ -ca.?- ⁩ 
35 Ρα̣β̣εα̣ 
 προ?θεὶς εἰς ῥόγαν φύλαξ ῥουζικοῦ Σαιδ βεν Αμερ διὰ γραμμάτων
                              Αβδελμαλεχ αμιραλμουμνιν   ̣  ̣⁦ -ca.?- ⁩ 
 βανι Φω̣καιμ̣ \χ/ ι Ουσαιδ 
 προ?θέντες εἰς ῥόγαν φύλακες ῥουζικοῦ Νοομ βεν Οβαιδ μετὰ
                              Οβαιδ βεν Αμερ ⎫ 
38a εἰς   ̣  ̣  ̣  ̣  ̣  ̣  ̣  ̣⁦ -ca.?- ⁩ 
 Ουμαια βεν Ιας μετὰ Ουσαιδ βεν Γουναιδρω̣ ⎭ 
40 Σουφιαν βεν? Χααβ τῶν βανι Μαλεχ βεν Ραβια προθέσει νομίσματα ι διὰ Αβδελμαλεχ αμιραλ̣νουμνιν εἰς ⁦ -ca.?- ⁩ 
 Αλααρεβ βεν Θαυβαν τῶν βανι Αμερ βεν Ζαμιμ νομίσματα ι διʼ αὐτοῦ ο̣  ̣  ̣⁦ -ca.?- ⁩ 
   ̣  ̣  ̣  ̣  ̣  ̣  ̣  ̣  ̣ ῥόγαν Α̣β̣ου Αλημ  ̣ βεν Α̣ρο̣α̣ τ̣ῶ̣ν βανι Αλεγ̣ρ̣αμ εἰς ῥόγαν ἰνδικτίωνος ια εἰς ῥόγαν 
 ἰνδικτίωνος ιβ εἰς ῥόγαν   ̣  ̣  ̣  ̣⁦ -ca.?- ⁩ 
 κατὰ ν  τ   κ  ι   μ Ιαλε βεν Αβδεραμαν τῶν βανι Μα̣αρ̣εβ τῶν Καις δ̣ιὰ γραμμάτων Αβδ̣ε̣λμαλεχ
                              ?⁦ -ca.?- ⁩ ","30.87626,34.427774",30.87626,34.427774,34.65366372,14.043472857142858,8
481,,,© Heidelberger Gesamtverzeichnis der griechischen Papyrusurkunden Ägyptens. This work is licensed under a Creative Commons Attribution 3.0 License.,,,,,Nessana,,,,,,,Papyrus,,"P. Ness. 3 95 (Kraemer, Casper J. Jr.; 1958) = CPJ 3 514 (Tcherikover, Victor A.; 1964)",Account,,,,Papyrus,other text(s) on the same object: 37384,,,Abrechnung; Lebensmittel,,Rückseite: P.Nessana 97.,,,"New York, Pierpont Morgan Library H. Dunscombe Colt Collection pap. 97 Vo",,,,,,"Israel, Palestina - Nessana (Auja Hafir)[found & written]",,,,AD 575 - 625,,,,,,,,,,mentioned places,,Greek,,,,,,,,,,,,,spätes VI - frühes VII,Z. 17: C.Pap.Jud. III 514,Abrechnung; Lebensmittel,,Nessana (Palästina),,,,,,,,,,,© Heidelberger Gesamtverzeichnis der griechischen Papyrusurkunden Ägyptens. This work is licensed under a Creative Commons Attribution 3.0 License.,,,,,,,,Rückseite: P.Nessana 97.,,,Papyrus,,,,,,,,Account,Papyrus,,,,,,,,,"  † λόγος [⁦ -ca.?- ⁩] 
λόγω τ̣ω̣[⁦ -ca.?- ⁩] 
κτ  ̣  ̣  ̣[⁦ -ca.?- ⁩] 
(καὶ) ἀγορασίας   ̣[⁦ -ca.?- ⁩] 
5(καὶ) αλοντινον (καὶ)   ̣[⁦ -ca.?- ⁩] 
(ὁμοῦ) νο(μίσματα) ϛ (κεράτια) ιδ [⁦ -ca.?- ⁩] 
ἐξ αὐτοῦ ε̣χ̣  ̣  ̣[⁦ -ca.?- ⁩] 
(καὶ) παραγω̣[⁦ -ca.?- ⁩] 
ὡμίος(*)    ̣[⁦ -ca.?- ⁩] 
10ἔτι τιμ̣[ῆς ⁦ -ca.?- ⁩] 
ὁμ(οίως) ἔχις(*) ἰ(*)ς(*) τὸ εν  ̣  ̣  ̣  ̣[⁦ -ca.?- ⁩] 
ἔτι ἔχις(*) δ(ιὰ) χιρός(*) [⁦ -ca.?- ⁩] 
ἔτι ἔχις(*) σινδ[όνιον (?)⁦ -ca.?- ⁩] 
ἔτι ἐν φόλ(λεσι) ρ ὑ̣π̣[ὲρ ⁦ -ca.?- ⁩] 
15τεμη(  ) γορ  ̣  ̣  ̣[⁦ -ca.?- ⁩] 
ἔχις̣(*)    ̣  ̣  ̣  ̣[⁦ -ca.?- ⁩] 
ἔτι Σαμαρίτ̣[ῃ   ̣]  ̣  
ἔτι φ(  ) κ[⁦ -ca.?- ⁩] 
ἔ̣τι ὑπὲ̣ρ̣ [⁦ -ca.?- ⁩] 
20ἔτι χορ̣[⁦ -ca.?- ⁩] 
ἔτι   ̣[⁦ -ca.?- ⁩] 
ἔτι ἔ̣[χ]ι̣ς̣(*)    ̣  ̣[⁦ -ca.?- ⁩] 
ἔτι ἔχις(*) στ  ̣  ̣[⁦ -ca.?- ⁩] 
ἔτι πέντ̣ε̣ Ἰ̣ω̣[άννῃ (?)⁦ -ca.?- ⁩] 
25ἐχο(*) ἐξ αλ  ̣  ̣φ̣[⁦ -ca.?- ⁩] 
ἔχις(*) [⁦ -ca.?- ⁩] 
καὶ α  ̣  ̣  ̣[⁦ -ca.?- ⁩] 
εἰς ἔγιπτον̣(*) [⁦ -ca.?- ⁩] 
ἔτι ἔχις(*) πέ̣ν̣[τε ⁦ -ca.?- ⁩] 
30γλαύκου(*) λ(ίτραι) ια̣ [⁦ -ca.?- ⁩] 
ὥμια(*) ϊ(*)  ̣  ̣  ̣  ̣[⁦ -ca.?- ⁩] 
ἔτι ἰς(*) τὰς   ̣  ̣  ̣  ̣[⁦ -ca.?- ⁩] 
ἔτι λεπτὰ κα̣[⁦ -ca.?- ⁩] 
ἔτι ἐλ\έ/ου(*) κό(λλα)θ(α) λα [⁦ -ca.?- ⁩] 
35ἔτι τιμῖς(*) καλα[⁦ -ca.?- ⁩] 
ἐχο(*) νο(μίσματα) β̣ τεμ  ̣  ̣[⁦ -ca.?- ⁩] 
ἔτι ἔχις̣(*) τα  ̣[⁦ -ca.?- ⁩] 
(καὶ) τεμενος π[⁦ -ca.?- ⁩] 
ἔτι οἴ(νου) παλεοῦ(*) κό(λλα)θ(α) [⁦ -ca.?- ⁩] 
40ἔτι ἔχις(*) οἴ(νου) κ̣(όλλα)θ(α) α  ̣ [⁦ -ca.?- ⁩] 
καὶ σίτου νο(μίσματα) ϛ [⁦ -ca.?- ⁩] 
ζυγὶ(*) ν[ό(μισμα)] α̣ (κεράτια) ιϛ [⁦ -ca.?- ⁩] 
ζ  ̣[⁦ -ca.?- ⁩] 
ἐκ τοῦ λ̣[⁦ -ca.?- ⁩] 
45ἔτι δοθ(έντα) Πεμ  ̣α[⁦ -ca.?- ⁩] 
ἔ̣τ̣ι̣   ̣[⁦ -ca.?- ⁩] 
[⁦ -ca.?- ⁩] 
  ̣  ̣  ̣  ̣  
ἔτ[ι ⁦ -ca.?- ⁩] 
50γ[⁦ -ca.?- ⁩] 
ἔτι δ̣οθ(έντα) Κοσμω̣λ  ̣  ̣[⁦ -ca.?- ⁩] 
ἔτι ἰ(*)ς(*) τιμὶν(*) κρέας τ  ̣  ̣ φόλ(λεις) ι  𐅵  
ἀπε̣λ[⁦ -ca.?- ⁩] 
ἔτι π[⁦ -ca.?- ⁩] 
55ὅμι̣α(*)    ̣[⁦ -ca.?- ⁩] 
τ̣  ̣  ̣  ̣  ̣ερ ι  
ἐχιμαι(*) τὰ πά[ντα ⁦ -ca.?- ⁩] 
τα ε̣ντεγνοσι (καὶ)   ̣[⁦ -ca.?- ⁩] 
ουτο  ̣[⁦ -ca.?- ⁩] 
-- -- -- -- -- -- -- -- -- --  ","  † λόγος ⁦ -ca.?- ⁩ 
λόγω τ̣ω̣⁦ -ca.?- ⁩ 
κτ  ̣  ̣  ̣⁦ -ca.?- ⁩ 
καὶ ἀγορασίας   ̣⁦ -ca.?- ⁩ 
5καὶ αλοντινον καὶ   ̣⁦ -ca.?- ⁩ 
ὁμοῦ νομίσματα ϛ κεράτια ιδ ⁦ -ca.?- ⁩ 
ἐξ αὐτοῦ ε̣χ̣  ̣  ̣⁦ -ca.?- ⁩ 
καὶ παραγω̣⁦ -ca.?- ⁩ 
ὡμίος    ̣⁦ -ca.?- ⁩ 
10ἔτι τιμ̣ῆς ⁦ -ca.?- ⁩ 
ὁμοίως ἔχις ἰς τὸ εν  ̣  ̣  ̣  ̣⁦ -ca.?- ⁩ 
ἔτι ἔχις διὰ χιρός ⁦ -ca.?- ⁩ 
ἔτι ἔχις σινδόνιον ?⁦ -ca.?- ⁩ 
ἔτι ἐν φόλλεσι ρ ὑ̣π̣ὲρ ⁦ -ca.?- ⁩ 
15τεμη   γορ  ̣  ̣  ̣⁦ -ca.?- ⁩ 
ἔχις̣    ̣  ̣  ̣  ̣⁦ -ca.?- ⁩ 
ἔτι Σαμαρίτ̣ῃ   ̣  ̣  
ἔτι φ   κ⁦ -ca.?- ⁩ 
ἔ̣τι ὑπὲ̣ρ̣ ⁦ -ca.?- ⁩ 
20ἔτι χορ̣⁦ -ca.?- ⁩ 
ἔτι   ̣⁦ -ca.?- ⁩ 
ἔτι ἔ̣χι̣ς̣    ̣  ̣⁦ -ca.?- ⁩ 
ἔτι ἔχις στ  ̣  ̣⁦ -ca.?- ⁩ 
ἔτι πέντ̣ε̣ Ἰ̣ω̣άννῃ ?⁦ -ca.?- ⁩ 
25ἐχο ἐξ αλ  ̣  ̣φ̣⁦ -ca.?- ⁩ 
ἔχις ⁦ -ca.?- ⁩ 
καὶ α  ̣  ̣  ̣⁦ -ca.?- ⁩ 
εἰς ἔγιπτον̣ ⁦ -ca.?- ⁩ 
ἔτι ἔχις πέ̣ν̣τε ⁦ -ca.?- ⁩ 
30γλαύκου λίτραι ια̣ ⁦ -ca.?- ⁩ 
ὥμια ϊ  ̣  ̣  ̣  ̣⁦ -ca.?- ⁩ 
ἔτι ἰς τὰς   ̣  ̣  ̣  ̣⁦ -ca.?- ⁩ 
ἔτι λεπτὰ κα̣⁦ -ca.?- ⁩ 
ἔτι ἐλ\έ/ου κόλλαθα λα ⁦ -ca.?- ⁩ 
35ἔτι τιμῖς καλα⁦ -ca.?- ⁩ 
ἐχο νομίσματα β̣ τεμ  ̣  ̣⁦ -ca.?- ⁩ 
ἔτι ἔχις̣ τα  ̣⁦ -ca.?- ⁩ 
καὶ τεμενος π⁦ -ca.?- ⁩ 
ἔτι οἴνου παλεοῦ κόλλαθα ⁦ -ca.?- ⁩ 
40ἔτι ἔχις οἴνου κ̣όλλαθα α  ̣ ⁦ -ca.?- ⁩ 
καὶ σίτου νομίσματα ϛ ⁦ -ca.?- ⁩ 
ζυγὶ νόμισμα α̣ κεράτια ιϛ ⁦ -ca.?- ⁩ 
ζ  ̣⁦ -ca.?- ⁩ 
ἐκ τοῦ λ̣⁦ -ca.?- ⁩ 
45ἔτι δοθέντα Πεμ  ̣α⁦ -ca.?- ⁩ 
ἔ̣τ̣ι̣   ̣⁦ -ca.?- ⁩ 
⁦ -ca.?- ⁩ 
  ̣  ̣  ̣  ̣  
ἔτι ⁦ -ca.?- ⁩ 
50γ⁦ -ca.?- ⁩ 
ἔτι δ̣οθέντα Κοσμω̣λ  ̣  ̣⁦ -ca.?- ⁩ 
ἔτι ἰς τιμὶν κρέας τ  ̣  ̣ φόλλεις ι  𐅵  
ἀπε̣λ⁦ -ca.?- ⁩ 
ἔτι π⁦ -ca.?- ⁩ 
55ὅμι̣α    ̣⁦ -ca.?- ⁩ 
τ̣  ̣  ̣  ̣  ̣ερ ι  
ἐχιμαι τὰ πάντα ⁦ -ca.?- ⁩ 
τα ε̣ντεγνοσι καὶ   ̣⁦ -ca.?- ⁩ 
ουτο  ̣⁦ -ca.?- ⁩ 
-- -- -- -- -- -- -- -- -- --  ","30.87626,34.427774",30.87626,34.427774,34.65366372,14.043472857142858,8
