Unnamed: 0,Condition (HGV),Author (HGV),License (HGV),Culture (HGV),Script Type (HGV),Previous Edition (HGV),Preservation (HGV),Origin (HGV),Catalog(s) (HGV),Work (HGV),Summary (HGV),Recto/Verso (HGV),Post-Concordance BL Entries (HGV),Genre (HGV),Material (HGV),Support Dimensions (HGV),Publications (HGV),Title (HGV),Translations (HGV),Support Material (HGV),Note (general) (HGV),Support/Dimensions (HGV),Reuse Type (HGV),Images (HGV),People (HGV),Subjects (HGV),Hands (HGV),Commentary (HGV),General Notes (HGV),Place Stored (Ancient) (HGV),Inv. no. (HGV),Principal Edition (HGV),Lines (HGV),Citations (HGV),Availability (HGV),palaeo (HGV),Provenance (HGV),Religion (HGV),catalogue (HGV),Partial Edition (HGV),Date (HGV),translation (HGV),study (HGV),Reference Edition (HGV),Fragments (HGV),reference (HGV),Associated Names (HGV),Works (HGV),Inv. Id (HGV),Form and Layout (HGV),Places (HGV),illustration (HGV),Language (HGV),Print Illustrations (HGV),Note (local/note) (HGV),Note (related) (HGV),Content (HGV),Readings (HGV),Mentioned Dates (HGV),Archive (HGV),Fragments (Tris),General Notes (Tris),Genre (Tris),Print Illustrations (Tris),Reuse Type (Tris),Date (Tris),Publications (Tris),Subjects (Tris),illustration (Tris),Origin (Tris),Translations (Tris),Reference Edition (Tris),Partial Edition (Tris),Support Dimensions (Tris),Provenance (Tris),Availability (Tris),Work (Tris),Content (Tris),Form and Layout (Tris),catalogue (Tris),License (Tris),Previous Edition (Tris),Post-Concordance BL Entries (Tris),Support Material (Tris),Principal Edition (Tris),Citations (Tris),People (Tris),translation (Tris),Commentary (Tris),Inv. Id (Tris),Place Stored (Ancient) (Tris),Support/Dimensions (Tris),Script Type (Tris),Culture (Tris),Catalog(s) (Tris),Mentioned Dates (Tris),study (Tris),palaeo (Tris),Readings (Tris),Title (Tris),Material (Tris),Images (Tris),Religion (Tris),Works (Tris),Language (Tris),Inv. no. (Tris),Places (Tris),Archive (Tris),reference (Tris),text,cleanText,Coordinates,Latitude,Longitude,relLat,relLong,Cluster
149,,,© Heidelberger Gesamtverzeichnis der griechischen Papyrusurkunden Ägyptens. This work is licensed under a Creative Commons Attribution 3.0 License.,,,,,Trimithis,,,,,,,Ostrakon,,O. Trim. 1 12 (2012),Account of grain,,,,Ostrakon,,,,Abrechnung; Namen; Weizen,,,,,,,,,,,"Egypt, Western desert, Oasis Magna - Trimithis (Amheida)[found & written]",,,,AD 300 - 399,,,,,,,,O.Amheida inv. 0246,,,,Greek,,,,,,,,,,,,,IV,O.Trim. 1 12,Abrechnung; Namen; Weizen,,Trimithis (Oasis Magna),,,,,,,,,,,© Heidelberger Gesamtverzeichnis der griechischen Papyrusurkunden Ägyptens. This work is licensed under a Creative Commons Attribution 3.0 License.,,,,,,,,,O.Amheida inv. 0246,,Ostrakon,,,,,,,,Account of grain,Ostrakon,,,,,,,,,"  Ἀπόλλων Σαραπίω(νος) 
  ̣  ̣  ̣  ̣ (ἀρτάβας) δ  ϛ´ μά(τια) δ  
Traces  
τιμ(ῆς) σίτ(ου) μ(ατίων) δ καὶ μ(ατίων) ξ  ̣ ἐν (ἀρτάβαις) γ  
5(ἀρτάβης) ι̣β̣ μ(άτια) η / (γίνεται) μ(άτια) ι τοπ(ικῷ) 
(ἀρτάβας) ε μ(άτια) ιβ τοπ(ικῷ) 
(ὧν) τ(ῷ) Κόρακ(ος) λόγῳ μ(άτια) ιβ  
  ̣  ̣  ̣ (ἀρτάβας) ε ἐν μοδ(ίοις)   ̣  ̣ (ἀρτάβας) δ  ","  Ἀπόλλων Σαραπίωνος 
  ̣  ̣  ̣  ̣ ἀρτάβας δ  ϛ´ μάτια δ  
Traces  
τιμῆς σίτου ματίων δ καὶ ματίων ξ  ̣ ἐν ἀρτάβαις γ  
5ἀρτάβης ι̣β̣ μάτια η / γίνεται μάτια ι τοπικῷ 
ἀρτάβας ε μάτια ιβ τοπικῷ 
ὧν τῷ Κόρακος λόγῳ μάτια ιβ  
  ̣  ̣  ̣ ἀρτάβας ε ἐν μοδίοις   ̣  ̣ ἀρτάβας δ  ","25.6676117977,28.8706203539",25.6676117977,28.8706203539,30.319083876042004,18.88007475927857,17
195,,,© Heidelberger Gesamtverzeichnis der griechischen Papyrusurkunden Ägyptens. This work is licensed under a Creative Commons Attribution 3.0 License.,,,,,Kellis,,,,,,,Papyrus,,"P. Bingen 119 B (Bagnall, Roger S. / Worp, Klaas Anthony; 2000)",Account of Expenditures in Wheat,,,,Papyrus,,,,Abrechnung; Ausgaben; Gerste,,Gehört vielleicht zu P.Bingen 119 A und 120.,,,,,,,,,"Egypt, Western desert, Oasis Magna - Kellis (Ismant el-Kharab)[found & written]",,,,AD 300 - 399,,,,,,,,,,mentioned places,,Greek,Pl. 73,,,,,,,,,,Pl. 73,,IV,P.Bingen 119 B,Abrechnung; Ausgaben; Gerste,,Kellis (Oasis Magna),,,,,,,,,,,© Heidelberger Gesamtverzeichnis der griechischen Papyrusurkunden Ägyptens. This work is licensed under a Creative Commons Attribution 3.0 License.,,,,,,,,Gehört vielleicht zu P.Bingen 119 A und 120.,,,Papyrus,,,,,,,,Account of Expenditures in Wheat,Papyrus,,,,,,,,,"  γ(ίνεται) ὁμοῦ (ἀρτάβαι) ρξα𐅵  
ἀναλωμάτ(ων) 
τιμ(ῆς) διζύφ(ων) (ἀρτάβαι) θ𐅵  
ἐμοὶ ὑπ(ὲρ) συνη(θείας) (ἀρτάβαι) δ  
5ὑδρ(εύματος) Θ̣ι ἐν Τεβην(ε) (ἀρτάβαι) α𐅵  δ´  
ὑδρ(εύματος) Τιεβρατω̣ρ̣α̣ (ἀρτάβαι) 𐅵  
ὑδρ(εύματος) Πμ(ουν) Χ  ̣ω̣ρ (ἀρτάβαι) 𐅵  
ὑδρ(εύματος) Πμ(ουν) Τκι  ̣ε (ἀρτάβαι) γ  
εἰς τὰ κάστρα (ἀρτάβαι) ια𐅵  
10πιτ(τάκιον) ἐπιμελητ(  ) (ἀρτάβαι) γ  
τῷ λογίῳ (ἀρτάβαι) 𐅵  
τιμ(ῆς) νο(μισματίου) α εἰς τὸ   ̣  ̣  ̣  
[⁦ -ca.?- ⁩] 
[⁦ -ca.?- ⁩] 
15[⁦ -ca.?- ⁩] 
Ἑρμησίᾳ [⁦ -ca.?- ⁩] 
[τ]ο̣ῖς ἐργάτ(αις) εἰς Ὀφελλ(ιανὸν) [⁦ -ca.?- ⁩] 
[Θ]ι ἐν Τεβηνε (ἀρτάβαι) α𐅵  δ´  
[  ̣]λ̣εια̣ ιε (ἀρτάβαι) ιβ  
20ἡμιολίου (ἀρτάβαι) γ  
[Π]ορφυρίῳ ἐξ ἐπιστ(ολῆς) (ἀρτάβαι) ζ𐅵  
[τῷ α]ὐ\τῷ/ εἰς συμπλήρ(ωσιν) φολ(έτρου)(*)  
τ̣ῶν κτην(ῶν) (ἀρτάβαι) 𐅵  
[τι]μῆς νο(μισματίου) α εἰς τοὺς ἐξαργυ(ρισμοὺς) 
25[  ̣  ̣] ἀποστολ(ῆς) δ(ιὰ) Φαρίτ(ου) (ἀρτάβαι) ιη  
[τι]μ(ῆς) χόρτ(ου) χλωρ(οῦ) ὥστε 
[⁦ -ca.?- ⁩] 
[⁦ -ca.?- ⁩] 
[τι]μ̣(ῆς) χόρτ(ου) ξηρ(οῦ) (ἀρτάβαι)   ̣  ̣  
30[τῆ]ς ἀμίψεως σίτου 
ῥυπαρ(οῦ) (ἀρτάβαι) ι  
[εἰ]ς ὑπερησ(ίαν)(*) τοῖς   ̣  ̣α  ̣ικ(  ) 
ἐ̣ν Μεσοβη ὑ(πὲρ) τῆς οἰκ(  ) 
[  ̣]  ̣αν  ̣  ̣  ̣υ (ἀρτάβαι) α𐅵  
35εἰς σίτον̣ ρὑπαρου(*)  
ὁμοίως (ἀρτάβαι) ζ𐅵  
γί(νονται) (ἀρτάβαι) ρκζ𐅵  ","  γίνεται ὁμοῦ ἀρτάβαι ρξα𐅵  
ἀναλωμάτων 
τιμῆς διζύφων ἀρτάβαι θ𐅵  
ἐμοὶ ὑπὲρ συνηθείας ἀρτάβαι δ  
5ὑδρεύματος Θ̣ι ἐν Τεβηνε ἀρτάβαι α𐅵  δ´  
ὑδρεύματος Τιεβρατω̣ρ̣α̣ ἀρτάβαι 𐅵  
ὑδρεύματος Πμουν Χ  ̣ω̣ρ ἀρτάβαι 𐅵  
ὑδρεύματος Πμουν Τκι  ̣ε ἀρτάβαι γ  
εἰς τὰ κάστρα ἀρτάβαι ια𐅵  
10πιττάκιον ἐπιμελητ   ἀρτάβαι γ  
τῷ λογίῳ ἀρτάβαι 𐅵  
τιμῆς νομισματίου α εἰς τὸ   ̣  ̣  ̣  
⁦ -ca.?- ⁩ 
⁦ -ca.?- ⁩ 
15⁦ -ca.?- ⁩ 
Ἑρμησίᾳ ⁦ -ca.?- ⁩ 
το̣ῖς ἐργάταις εἰς Ὀφελλιανὸν ⁦ -ca.?- ⁩ 
Θι ἐν Τεβηνε ἀρτάβαι α𐅵  δ´  
  ̣λ̣εια̣ ιε ἀρτάβαι ιβ  
20ἡμιολίου ἀρτάβαι γ  
Πορφυρίῳ ἐξ ἐπιστολῆς ἀρτάβαι ζ𐅵  
τῷ αὐ\τῷ/ εἰς συμπλήρωσιν φολέτρου  
τ̣ῶν κτηνῶν ἀρτάβαι 𐅵  
τιμῆς νομισματίου α εἰς τοὺς ἐξαργυρισμοὺς 
25  ̣  ̣ ἀποστολῆς διὰ Φαρίτου ἀρτάβαι ιη  
τιμῆς χόρτου χλωροῦ ὥστε 
⁦ -ca.?- ⁩ 
⁦ -ca.?- ⁩ 
τιμ̣ῆς χόρτου ξηροῦ ἀρτάβαι   ̣  ̣  
30τῆς ἀμίψεως σίτου 
ῥυπαροῦ ἀρτάβαι ι  
εἰς ὑπερησίαν τοῖς   ̣  ̣α  ̣ικ   
ἐ̣ν Μεσοβη ὑπὲρ τῆς οἰκ   
  ̣  ̣αν  ̣  ̣  ̣υ ἀρτάβαι α𐅵  
35εἰς σίτον̣ ρὑπαρου  
ὁμοίως ἀρτάβαι ζ𐅵  
γίνονται ἀρτάβαι ρκζ𐅵  ","25.51700185,29.09511295",25.51700185,29.09511295,30.494188101,19.019926853571427,17
