Unnamed: 0,Condition (HGV),Author (HGV),License (HGV),Culture (HGV),Script Type (HGV),Previous Edition (HGV),Preservation (HGV),Origin (HGV),Catalog(s) (HGV),Work (HGV),Summary (HGV),Recto/Verso (HGV),Post-Concordance BL Entries (HGV),Genre (HGV),Material (HGV),Support Dimensions (HGV),Publications (HGV),Title (HGV),Translations (HGV),Support Material (HGV),Note (general) (HGV),Support/Dimensions (HGV),Reuse Type (HGV),Images (HGV),People (HGV),Subjects (HGV),Hands (HGV),Commentary (HGV),General Notes (HGV),Place Stored (Ancient) (HGV),Inv. no. (HGV),Principal Edition (HGV),Lines (HGV),Citations (HGV),Availability (HGV),palaeo (HGV),Provenance (HGV),Religion (HGV),catalogue (HGV),Partial Edition (HGV),Date (HGV),translation (HGV),study (HGV),Reference Edition (HGV),Fragments (HGV),reference (HGV),Associated Names (HGV),Works (HGV),Inv. Id (HGV),Form and Layout (HGV),Places (HGV),illustration (HGV),Language (HGV),Print Illustrations (HGV),Note (local/note) (HGV),Note (related) (HGV),Content (HGV),Readings (HGV),Mentioned Dates (HGV),Archive (HGV),Fragments (Tris),General Notes (Tris),Genre (Tris),Print Illustrations (Tris),Reuse Type (Tris),Date (Tris),Publications (Tris),Subjects (Tris),illustration (Tris),Origin (Tris),Translations (Tris),Reference Edition (Tris),Partial Edition (Tris),Support Dimensions (Tris),Provenance (Tris),Availability (Tris),Work (Tris),Content (Tris),Form and Layout (Tris),catalogue (Tris),License (Tris),Previous Edition (Tris),Post-Concordance BL Entries (Tris),Support Material (Tris),Principal Edition (Tris),Citations (Tris),People (Tris),translation (Tris),Commentary (Tris),Inv. Id (Tris),Place Stored (Ancient) (Tris),Support/Dimensions (Tris),Script Type (Tris),Culture (Tris),Catalog(s) (Tris),Mentioned Dates (Tris),study (Tris),palaeo (Tris),Readings (Tris),Title (Tris),Material (Tris),Images (Tris),Religion (Tris),Works (Tris),Language (Tris),Inv. no. (Tris),Places (Tris),Archive (Tris),reference (Tris),text,cleanText,Coordinates,Latitude,Longitude,relLat,relLong,Cluster
128,,,© Heidelberger Gesamtverzeichnis der griechischen Papyrusurkunden Ägyptens. This work is licensed under a Creative Commons Attribution 3.0 License.,,,,,Myos Hormos bzw. Koptos,,,,,,,Ostrakon,,"O. Petrie Mus. 129 (Messeri Savorelli, Gabriella; 2012) = O. Petrie 262 (Tait, John Gavin; 1930)",Ricevuta di consegna di grano e altre merci,,,,Ostrakon,,http://petriecat.museums.ucl.ac.uk/dispatcher.aspx?action=se...,mentioned people,Quittung; Lieferung von Weizen; Matten und anderen Waren,,Gehört zum Nikanor - Archiv.,,,"London, University College, Petrie Museum UC 32721",,,,,,"Egypt, Eastern desert - Myos Hormos (Quseir)[written]; Egypt, U05 - Koptos (Qift)[found]",,,,"AD 41 Nov 6 (Claudius, year 02, Hathyr 10)",,,,,,,,"London, UC Inv. Nr. 32721",,mentioned places,,Greek,beiliegende DVD,,,,,,Nikanor of Koptos,,,,beiliegende DVD,,6. Nov. 41,O.Petr. 262,Quittung; Lieferung von Weizen; Matten und anderen Waren,,Myos Hormos bzw. Koptos,,,,,,,,,,,© Heidelberger Gesamtverzeichnis der griechischen Papyrusurkunden Ägyptens. This work is licensed under a Creative Commons Attribution 3.0 License.,,,,,,,,Gehört zum Nikanor - Archiv.,"London, UC Inv. Nr. 32721",,Ostrakon,,,,,,,,Ricevuta di consegna di grano e altre merci,Ostrakon,http://petriecat.museums.ucl.ac.uk/dispatcher.aspx?action=se...,,,,,,,,"  Κρόνιος Ἑρμίου Νικάνορι Πανήου[ς] 
χ(αίρειν). παρέλαβον παρὰ σοῦ ἐπὶ Μυὸς Ὅρμ(ου) 
εἰς τὸν Χάρεις(*) Αὔλου(*) Χοσσιτ(ίου)(*) Ποπλαρ(ίου)(*)  
λόγον π̣υ̣ροῦ̣ ἀρτά̣βας ὀκτὼι(*) (γίνονται) (ἀρτάβαι) η [⁦ -ca.?- ⁩] 
5μ̣α̣ι̣κ̣(  ) - ca.15 -(*) η σαγγάθου [⁦ -ca.?- ⁩](*)  
μνᾶι̣(*) τριακοντατρία(*) κα̣ὶ ἀνθη  ̣(  ) [⁦ -ca.?- ⁩](*)  
γαλατει- ca.9 -(*) μναῖ πέντε α̣ζ̣α̣[⁦ -ca.?- ⁩](*)  
καὶ ψιάθο̣υ̣ς̣ θρναις ὀκτὼι(*) (γίνονται) ψίαθ̣(οι) η. 
(ἔτους) β Τιβερί̣ο̣υ̣ Κλαυδίου Καίσαρος Σεβα[στοῦ](*)  
10Γερμανικοῦ Αὐτοκράτορος μην[ὸς](*)  
Ἁθὺρ ι. 
καὶ ἑξαναστ̣α̣ς̣(*) μάνγαν[ων](*)  
μέγα ἓν (γίνεται) α. ","  Κρόνιος Ἑρμίου Νικάνορι Πανήους 
χαίρειν. παρέλαβον παρὰ σοῦ ἐπὶ Μυὸς Ὅρμου 
εἰς τὸν Χάρεις Αὔλου Χοσσιτίου Ποπλαρίου  
λόγον π̣υ̣ροῦ̣ ἀρτά̣βας ὀκτὼι γίνονται ἀρτάβαι η ⁦ -ca.?- ⁩ 
5μ̣α̣ι̣κ̣   - ca.15 - η σαγγάθου ⁦ -ca.?- ⁩  
μνᾶι̣ τριακοντατρία κα̣ὶ ἀνθη  ̣   ⁦ -ca.?- ⁩  
γαλατει- ca.9 - μναῖ πέντε α̣ζ̣α̣⁦ -ca.?- ⁩  
καὶ ψιάθο̣υ̣ς̣ θρναις ὀκτὼι γίνονται ψίαθ̣οι η. 
ἔτους β Τιβερί̣ο̣υ̣ Κλαυδίου Καίσαρος Σεβαστοῦ  
10Γερμανικοῦ Αὐτοκράτορος μηνὸς  
Ἁθὺρ ι. 
καὶ ἑξαναστ̣α̣ς̣ μάνγανων  
μέγα ἓν γίνεται α. ","26.156611,34.24401",26.156611,34.24401,34.5103278,18.42600407142857,24
584,,,© Heidelberger Gesamtverzeichnis der griechischen Papyrusurkunden Ägyptens. This work is licensed under a Creative Commons Attribution 3.0 License.,,,,,Pimpasi,,,,,,,Papyrus,,"P. Oxy. 57 3911 (El-Maghrabi, H.; 1990)",Lease of Land,,,,Papyrus,,https://doi.org/10.25446/oxford.21176743...,mentioned people,Pacht (Land),,,,,"Oxford, Sackler Library, Papyrology Rooms P. Oxy. 3911",,,,,,"Egypt, U19 - Pimpasi[written]; Egypt, U19 - Oxyrynchos (Bahnasa)[found]",,,,AD 199,,,,,,,,,,mentioned places,,Greek,,,,,,,,,,,,,199,P.Oxy. 57 3911,Pacht (Land),,Pimpasi (Oxyrhynchites?),,,,,,,,,,,© Heidelberger Gesamtverzeichnis der griechischen Papyrusurkunden Ägyptens. This work is licensed under a Creative Commons Attribution 3.0 License.,,,,,,,,,,,Papyrus,,,,,,,,Lease of Land,Papyrus,https://doi.org/10.25446/oxford.21176743...,,,,,,,,"  [  ̣  ̣  ̣  ̣  ̣  ̣  ̣  ̣]δ̣ώρᾳ ῇ(*) καὶ Σι[  ̣  ̣  ̣  ̣  ̣  ̣] 
[διὰ   ̣  ̣  ̣  ̣  ̣]  ̣οδώρου το̣[ῦ καὶ] 
[  ̣  ̣  ̣  ̣  ̣  ̣ ἐπ]ι̣τρόπου π̣[αρὰ Πανε-]
χ̣ώ̣τ̣ο̣[υ] Ἀ̣γάθων[ος μητρὸς] 
5[  ̣]  ̣ηουτος ἀπὸ Ε̣  ̣  ̣  ̣ [καταγι(νομένου)] 
[ἐ]ν ἐποικίῳ̣ Κ̣ο  ̣λ̣ηου. ὁμο̣[λογῶ] 
[μ]εμισθ(ῶσθαι) παρὰ σοῦ ἐπὶ χρόν̣[ον ἔ-]
τη̣ δύο ἀπὸ τοῦ ἐνεστ̣[ῶτος] 
η (ἔτους) ἀ̣π̣ὸ̣ τῶν ὑπαρχόντων̣ σ̣[οι] 
10περ̣ὶ κώμ̣ην Πιμπασι ἐ[κ τοῦ] 
Χ[  ̣]  ̣[  ̣]  ̣  ̣[  ̣]μ̣ο κλήρ(ου) ἀρούρ[ας πέν-]
τε ἥμι[σ]υ τὰς προγεωργου-
μένας ὑπὸ Πεκύσιος Εὐδαί(μονος) 
τῷ μὲν η (ἔτει) χλωροῖς ξυλ(αμῆσαι) ἑκάσ-
15της ἀρούρης ἀνὰ δραχμὰς 
εἴκοσι τέσσαρες(*) καὶ τῷ 
ἰσιόντι(*)  θ (ἔτει) εἰς πορὰν(*)  
πυροῦ ἑκάστης ἀρούρης 
ἀνὰ πυροῦ ἀρτάβας ἓξ 
20ἥμισυ καὶ ἐν τῷ αὐτῷ κλ(ήρῳ) 
ἀρούρας τέσσαρες(*) τῆς ἐκ γεομ(ετρίας)(*)  
φανησο(μένης) εἰς πορὰν(*) πυροῦ 
ἑκάστης ἀρούρης ἀνὰ πυροῦ 
ἀρτάβας πέντε ἥμισυ καὶ 
25τῷ θ (ἔτει) χλωρικῷ ξυλ(αμῆσαι) ἑκάσ-
της ἀρούρης ἀνὰ δραχμὰς 
εἴκοσι , τὸ δὲ συναγόμενον 
ἀργυρικὸν φόρον(*) καὶ σιτικ(ὸν) 
[ἐ]κφοριου(*) ἀποδώσω σοι 
30τὸν μὲν πυρὸν ἐν θεμα-
τω(*) δημοσίῳ καὶ τὸ ἀργύρ(ιον) 
δόκιμον τῷ Παῦνι μηνὶ ἀ-
κίνδυνα τὰ ἐκφορα(*) παντὸς 
κι̣νδύνου τῆς πράξεως σοι οὔ-
35σης ἔκ τʼ ἐμοῦ καὶ ἐκ τῶν 
ὑπαρχόντων μοι πάντων, 
τῶν δὲ τῆς γῆς κατʼ ἔτος δη-
μοσίων ὄντων̣ πρὸς τὴν 
γεοῦχον, ὧν ἐμισθώσατο 
40τοὺς καρπ̣οὺς ὅπως το(*) κα-
τʼ ἔτο̣[ς ὀ]φε̣ι̣λόμενα κομίση-
[ται· ἐὰ]ν̣ δέ τις ἄβροχ(ος) γένηται 
[παραδε]χ̣θήσεται τῷ μισθω-
σαμένῳ· ἐκβεβαιωμένης(*)  
45[τῆς μισ]θωσαμένης αχ̣υ-
[  ̣  ̣  ̣  ̣  ̣  ̣]σπον   ̣  δ καὶ παραδώ-
[σω τὴν] γ̣ῆν καθαρὰ̣ν ἀπό τε θρυ  ̣(  )· 
[κυρία ἡ] μίσθ(ωσις). (ἔτους) η Αὐτοκρατόρων 
[Καισάρων] Λουκίου Σεπτιμίου Σευήρο(υ) 
50[Εὐσεβοῦ]ς Περτινακο(*) Ἀραβικο̣[ῦ] 
[Ἀδια]βηνικοῦ Παρθικοῦ Μεγ[ίστ(ου)] 
[  ̣  ̣  ̣  ̣  ̣] κβ. (hand 2) Πανεχ̣ώ̣(της) ὁ προγεγρα(μμένος) μ̣[εμίσθ(ωμαι)] 
[ὡς πρόκ(ειται)]. Παρεῖτις Κολλούθ(ου) ἔγρα(ψα) ὑπὲρ 
[αὐτοῦ] γρά(μματα) μὴ εἰδότος. ","    ̣  ̣  ̣  ̣  ̣  ̣  ̣  ̣δ̣ώρᾳ ῇ καὶ Σι  ̣  ̣  ̣  ̣  ̣  ̣ 
διὰ   ̣  ̣  ̣  ̣  ̣  ̣οδώρου το̣ῦ καὶ 
  ̣  ̣  ̣  ̣  ̣  ̣ ἐπι̣τρόπου π̣αρὰ Πανε-
χ̣ώ̣τ̣ο̣υ Ἀ̣γάθωνος μητρὸς 
5  ̣  ̣ηουτος ἀπὸ Ε̣  ̣  ̣  ̣ καταγινομένου 
ἐν ἐποικίῳ̣ Κ̣ο  ̣λ̣ηου. ὁμο̣λογῶ 
μεμισθῶσθαι παρὰ σοῦ ἐπὶ χρόν̣ον ἔ-
τη̣ δύο ἀπὸ τοῦ ἐνεστ̣ῶτος 
η ἔτους ἀ̣π̣ὸ̣ τῶν ὑπαρχόντων̣ σ̣οι 
10περ̣ὶ κώμ̣ην Πιμπασι ἐκ τοῦ 
Χ  ̣  ̣  ̣  ̣  ̣  ̣μ̣ο κλήρου ἀρούρας πέν-
τε ἥμισυ τὰς προγεωργου-
μένας ὑπὸ Πεκύσιος Εὐδαίμονος 
τῷ μὲν η ἔτει χλωροῖς ξυλαμῆσαι ἑκάσ-
15της ἀρούρης ἀνὰ δραχμὰς 
εἴκοσι τέσσαρες καὶ τῷ 
ἰσιόντι  θ ἔτει εἰς πορὰν  
πυροῦ ἑκάστης ἀρούρης 
ἀνὰ πυροῦ ἀρτάβας ἓξ 
20ἥμισυ καὶ ἐν τῷ αὐτῷ κλήρῳ 
ἀρούρας τέσσαρες τῆς ἐκ γεομετρίας  
φανησομένης εἰς πορὰν πυροῦ 
ἑκάστης ἀρούρης ἀνὰ πυροῦ 
ἀρτάβας πέντε ἥμισυ καὶ 
25τῷ θ ἔτει χλωρικῷ ξυλαμῆσαι ἑκάσ-
της ἀρούρης ἀνὰ δραχμὰς 
εἴκοσι , τὸ δὲ συναγόμενον 
ἀργυρικὸν φόρον καὶ σιτικὸν 
ἐκφοριου ἀποδώσω σοι 
30τὸν μὲν πυρὸν ἐν θεμα-
τω δημοσίῳ καὶ τὸ ἀργύριον 
δόκιμον τῷ Παῦνι μηνὶ ἀ-
κίνδυνα τὰ ἐκφορα παντὸς 
κι̣νδύνου τῆς πράξεως σοι οὔ-
35σης ἔκ τʼ ἐμοῦ καὶ ἐκ τῶν 
ὑπαρχόντων μοι πάντων, 
τῶν δὲ τῆς γῆς κατʼ ἔτος δη-
μοσίων ὄντων̣ πρὸς τὴν 
γεοῦχον, ὧν ἐμισθώσατο 
40τοὺς καρπ̣οὺς ὅπως το κα-
τʼ ἔτο̣ς ὀφε̣ι̣λόμενα κομίση-
ται· ἐὰν̣ δέ τις ἄβροχος γένηται 
παραδεχ̣θήσεται τῷ μισθω-
σαμένῳ· ἐκβεβαιωμένης  
45τῆς μισθωσαμένης αχ̣υ-
  ̣  ̣  ̣  ̣  ̣  ̣σπον   ̣  δ καὶ παραδώ-
σω τὴν γ̣ῆν καθαρὰ̣ν ἀπό τε θρυ  ̣  · 
κυρία ἡ μίσθωσις. ἔτους η Αὐτοκρατόρων 
Καισάρων Λουκίου Σεπτιμίου Σευήρου 
50Εὐσεβοῦς Περτινακο Ἀραβικο̣ῦ 
Ἀδιαβηνικοῦ Παρθικοῦ Μεγίστου 
  ̣  ̣  ̣  ̣  ̣ κβ. hand 2 Πανεχ̣ώ̣της ὁ προγεγραμμένος μ̣εμίσθωμαι 
ὡς πρόκειται. Παρεῖτις Κολλούθου ἔγραψα ὑπὲρ 
αὐτοῦ γράμματα μὴ εἰδότος. ","25.328374,33.837067",25.328374,33.837067,34.19291226,19.195081285714288,24
