Unnamed: 0,Condition (HGV),Author (HGV),License (HGV),Culture (HGV),Script Type (HGV),Previous Edition (HGV),Preservation (HGV),Origin (HGV),Catalog(s) (HGV),Work (HGV),Summary (HGV),Recto/Verso (HGV),Post-Concordance BL Entries (HGV),Genre (HGV),Material (HGV),Support Dimensions (HGV),Publications (HGV),Title (HGV),Translations (HGV),Support Material (HGV),Note (general) (HGV),Support/Dimensions (HGV),Reuse Type (HGV),Images (HGV),People (HGV),Subjects (HGV),Hands (HGV),Commentary (HGV),General Notes (HGV),Place Stored (Ancient) (HGV),Inv. no. (HGV),Principal Edition (HGV),Lines (HGV),Citations (HGV),Availability (HGV),palaeo (HGV),Provenance (HGV),Religion (HGV),catalogue (HGV),Partial Edition (HGV),Date (HGV),translation (HGV),study (HGV),Reference Edition (HGV),Fragments (HGV),reference (HGV),Associated Names (HGV),Works (HGV),Inv. Id (HGV),Form and Layout (HGV),Places (HGV),illustration (HGV),Language (HGV),Print Illustrations (HGV),Note (local/note) (HGV),Note (related) (HGV),Content (HGV),Readings (HGV),Mentioned Dates (HGV),Archive (HGV),Fragments (Tris),General Notes (Tris),Genre (Tris),Print Illustrations (Tris),Reuse Type (Tris),Date (Tris),Publications (Tris),Subjects (Tris),illustration (Tris),Origin (Tris),Translations (Tris),Reference Edition (Tris),Partial Edition (Tris),Support Dimensions (Tris),Provenance (Tris),Availability (Tris),Work (Tris),Content (Tris),Form and Layout (Tris),catalogue (Tris),License (Tris),Previous Edition (Tris),Post-Concordance BL Entries (Tris),Support Material (Tris),Principal Edition (Tris),Citations (Tris),People (Tris),translation (Tris),Commentary (Tris),Inv. Id (Tris),Place Stored (Ancient) (Tris),Support/Dimensions (Tris),Script Type (Tris),Culture (Tris),Catalog(s) (Tris),Mentioned Dates (Tris),study (Tris),palaeo (Tris),Readings (Tris),Title (Tris),Material (Tris),Images (Tris),Religion (Tris),Works (Tris),Language (Tris),Inv. no. (Tris),Places (Tris),Archive (Tris),reference (Tris),text,cleanText,Coordinates,Latitude,Longitude,relLat,relLong,Cluster
273,,,© Heidelberger Gesamtverzeichnis der griechischen Papyrusurkunden Ägyptens. This work is licensed under a Creative Commons Attribution 3.0 License.,,,,,Ghoran,,,,,,,Papyrus,,"P. Enteux. 101 (Guéraud, Octave; 1931)",Fragment d’ ἔντευξις avec procès - verbal,,,,Papyrus,,,mentioned people,Eingabe; Ptolemaios an den König; Reklamation einer Zahlung (Geld) für die Lieferung von Getreide,,"Zur Datierung vgl. BL VI, S. 36 und P.Enteux. 4 und 80 mit BL VI, S. 35 - 36.",,,"Paris, Sorbonne, Institut de Papyrologie number unknown",,,,,,"Egypt, 00c - Ghoran[found]; Egypt, 00d - Krokodilopolis (Medinet el-Fayum)[place of writing & destination]",,,,BC 219 - 217 about (P04),,,,,,,,,,,,Greek,,,,,,,Petitions from the office of the epistates of Arsinoe,,,,,,ca. 219 - 217 v.Chr.,P.Enteux. 101,Eingabe; Ptolemaios an den König; Reklamation einer Zahlung (Geld) für die Lieferung von Getreide,,Ghoran (Arsinoites),,,,,,,,,,,© Heidelberger Gesamtverzeichnis der griechischen Papyrusurkunden Ägyptens. This work is licensed under a Creative Commons Attribution 3.0 License.,,,,,,,,"Zur Datierung vgl. BL VI, S. 36 und P.Enteux. 4 und 80 mit BL VI, S. 35 - 36.",,,Papyrus,,,,,,,,Fragment d’ ἔντευξις avec procès - verbal,Papyrus,,,,,,,,,"  [βασιλ]εῖ Π[τολεμαίωι] χαίρειν Πτολεμαῖος, βασιλικὸς γεω[ργὸς ⁦ -ca.?- ⁩] 
[⁦ -ca.?- ⁩]  ̣  ̣ τοῦ κωμαρχήσαντ[ος ⁦ -ca.?- ⁩] 
[⁦ -ca.?- ⁩]  ̣  ̣ τιμῆς χαλκοῦ (δραχμῶν) ρ [⁦ -ca.?- ⁩] 
[⁦ -ca.?- ⁩]  ̣  ̣ τὸν σῖτον, τὸ δὲ λοιπὸν αὐτὸς [⁦ -ca.?- ⁩] 
5Traces μει[ν]αι̣ πλείονα χρόνον ν[⁦ -ca.?- ⁩] 
[⁦ -ca.?- ⁩] τῶ[ι σ]τρατηγῶι γράψαι Ὀνησάνδρωι τῶι ἐπιστ[άτηι ⁦ -ca.?- ⁩] 
[⁦ -ca.?- ⁩]η πράξαντα αὐτὸν τὰς λοιπὰς πε  𐅵 (δραχμὰς) [⁦ -ca.?- ⁩] 
[κατα]φυγών, τὸν πάντων σωτῆρα, τοῦ δικαίου τ[εύξομαι. ⁦ -ca.?- ⁩] 
⁦ vac. ? ⁩  
(hand 2) Ὀνησάνδρωι. ἐπισκεψάμενος φρόντισον [ὅπως τύχηι τοῦ δικαίου.] ","  βασιλεῖ Πτολεμαίωι χαίρειν Πτολεμαῖος, βασιλικὸς γεωργὸς ⁦ -ca.?- ⁩ 
⁦ -ca.?- ⁩  ̣  ̣ τοῦ κωμαρχήσαντος ⁦ -ca.?- ⁩ 
⁦ -ca.?- ⁩  ̣  ̣ τιμῆς χαλκοῦ δραχμῶν ρ ⁦ -ca.?- ⁩ 
⁦ -ca.?- ⁩  ̣  ̣ τὸν σῖτον, τὸ δὲ λοιπὸν αὐτὸς ⁦ -ca.?- ⁩ 
5Traces μειναι̣ πλείονα χρόνον ν⁦ -ca.?- ⁩ 
⁦ -ca.?- ⁩ τῶι στρατηγῶι γράψαι Ὀνησάνδρωι τῶι ἐπιστάτηι ⁦ -ca.?- ⁩ 
⁦ -ca.?- ⁩η πράξαντα αὐτὸν τὰς λοιπὰς πε  𐅵 δραχμὰς ⁦ -ca.?- ⁩ 
καταφυγών, τὸν πάντων σωτῆρα, τοῦ δικαίου τεύξομαι. ⁦ -ca.?- ⁩ 
⁦ vac. ? ⁩  
hand 2 Ὀνησάνδρωι. ἐπισκεψάμενος φρόντισον ὅπως τύχηι τοῦ δικαίου. ","28.717525,33.609633",28.717525,33.609633,34.01551374,16.048012500000002,16
372,,,© Heidelberger Gesamtverzeichnis der griechischen Papyrusurkunden Ägyptens. This work is licensed under a Creative Commons Attribution 3.0 License.,,,,,Ghoran,,,,,,,Papyrus,,"P. Lille Gr. 1 30 (Jouguet, Pierre / Collart, Paul / Lesquier, Jean; 1928)",Tenure de Daipatès,,,,Papyrus,,,mentioned people,Abrechnung; Pächter eines Kleros; Staat; Saatgut,,"Zur Datierung vgl. Uebel, Kleruchen, S. 267, Anm. 4. Datierung nach dem Finanzjahr. Teil des Papyrus P.Lille I 30 - 38.",,,"Paris, Sorbonne, Institut de Papyrologie Lille 30",,,,,,"Egypt, 00c - Ghoran[found]; Egypt, 00 - Arsinoites (Fayum)[written]",,,,BC 244 Mar 22 - Apr 20 after (P03; (F)),,,,,,,,,,,,Greek,,,,,,Z. 12.19:21. Febr. - 21. März 245 v.Chr. Z. 12.19:22. März - 20. Apr. 244 v.Chr. Z. 15:22. Dez. 244 - 20. Jan. 243 v.Chr. Z. 19-20:20. Aug. - 18. Sept. 246 v.Chr. Z. 19-20:22. März - 20. Apr. 245 v.Chr.,,,,,,,nach 22. März - 20. Apr. 244 v.Chr.,P.Lille 1 30,Abrechnung; Pächter eines Kleros; Staat; Saatgut,,Ghoran (Arsinoites),,,,,,,,,,,© Heidelberger Gesamtverzeichnis der griechischen Papyrusurkunden Ägyptens. This work is licensed under a Creative Commons Attribution 3.0 License.,,,,,,,,"Zur Datierung vgl. Uebel, Kleruchen, S. 267, Anm. 4. Datierung nach dem Finanzjahr. Teil des Papyrus P.Lille I 30 - 38.",,,Papyrus,,,,Z. 12.19:21. Febr. - 21. März 245 v.Chr. Z. 12.19:22. März - 20. Apr. 244 v.Chr. Z. 15:22. Dez. 244 - 20. Jan. 243 v.Chr. Z. 19-20:20. Aug. - 18. Sept. 246 v.Chr. Z. 19-20:22. März - 20. Apr. 245 v.Chr.,,,,Tenure de Daipatès,Papyrus,,,,,,,,,"  Δαιπάτου [  ̣  ̣  ̣  ̣  ̣  ̣  ̣] \[⁦ -ca.?- ⁩]  ̣  𐅵  δ´  ιϛ´ (ὧν)/ σπορίμου ρ  
ἀφʼ ὧν [γράφει Ἀχοᾶ]πις ἐσπάρθαι πυρῶν νε [𐅵] η´  ιϛ´, κριθ(ῆς) δ, ἀράκ(ου) λη (γίνονται) ϙζ  𐅵  η´  ιϛ´  
[ἀβ]ρό[χου β  δ´  ιϛ´] (γίνονται) ρ  
[Ὀ]ννῶφρις Σεμθ[έ]ως, Θοθορταῖο[ς] Ἁρ[μ]ιύσεω[ς], Παχῆς Θοθορταίου, 
5Φαψῶστις(*) Σεμθέως τ, ἐπικα̣(  ) γ, 
καὶ τὰ δεδομένα σπέρματα Παψῶστι [Σ]εμθέως πυρῶν οβ, 
ἀράκ(ου) λη  γ´ αἳ (πυρῶν) κγ (γίνονται) ϙε (γίνονται) τϙε  
Φ[αμε]νὼθ   ̣, \  ̣  ̣  ̣/ κριθ(ῆς) νγ  γ´, σπέρμα πυρ(οῦ) ν, πυρ(ῶν) νδ (γίνονται) (πυρῶν) ρδ, κρ(ιθῆς) νγ  γ´  
Φαρμοῦθι ι, πυρ(ῶν) μ· κθ, πυρ(ῶν) ο, σπέρμα π[υ]ρ(οῦ) ι (γίνονται) (πυρῶν) ρκ  
10Ἐπεὶφ κγ, χλ(ωρῶν) (πυροῦ) κ· κε(*), χλ(ωρῶν) (πυροῦ) κβ  𐅵 (γίνονται) μβ  𐅵  
(γίνονται) πυρῶν β\ξϛ  𐅵/(*), κριθῶν νγ  γ´ α[ἳ] (πυρῶν) λβ (γίνονται) β\ϙη  𐅵/(*)  
καὶ ἀπὸ χλω(ρῶ)ν πέπτωκεν· (ἔτους) β, Τῦβι, ε· (ἔτους) δ, [Με]χ̣ὶ̣ρ̣, ζ  (τριώβολον) (γίνονται) ιβ  (τριώβολον) ἀλαγὴ(*)  α  (διώβολον) (γίνονται) ιγ  (πεντώβολον)  
αἳ πυρ(ῶν) ιγ  𐅵  γ´  
καὶ ἀβρόχου ὑπόλογος· β  δ´  ιϛ´ (ἀνὰ) γ  ζ(*) (γίνονται) \ιθ  γ´/ ⟦τζ  γ´⟧. (λοιπὸν) \οε/ ⟦πζ⟧ 𐅷. (ὧν) 
15πέ(πτωκεν) (ἔτους) δ, Ἁθὺρ, χλ(ωρῶν) τιμῆς ξ α̣ἳ χα̣λ̣(κοῦ) ξϛ (ὀβολὸς) α  𐅵 αἳ (πυρῶν) ξϛ  δ´. (λοιπὸν) θ  γ´  ιβ´  
δυς[  ̣  ̣  ̣](*)    ̣  η  ξη  (διώβολον)    ̣  ̣  
χλωρῶν διοίκησις. ἀράκου μδ, (ὧν) γ  ̣(  ) β, (λοιπὸν) μ[β]· ὧν̣ πρᾶσις 
[κ]ϛ (ἀνὰ) γ  οη, \ζ  𐅵/ ⟦δ⟧ (ἀνὰ) β  (τριώβολον)  α\η (ὀβολοὶ) δ  𐅵/(*), β  𐅵 (ἀνὰ) β (δραχμαὶ) ε (γίνονται) [λ]ϛ  ρα (ὀβολοὶ) δ  𐅵· (ὧν) 
πέ(πτωκεν) (ἔτους) β, Τῦβι, [ε], Μ̣ε̣χὶρ, ζ  (τριώβολον) (γίνονται) ιβ  (τριώβολον), καὶ συνμεμέτρηται 
20Ἐπεὶφ, π̣υρ(ῶν) μβ  𐅵    ̣  ̣  ̣  ̣ καθάρσεως   ̣  ̣  ̣[  ̣  ̣  ̣  ̣]ε̣ι 
εἰς τὸ βασιλικὸν   ̣  ̣  ̣  ̣ς μβ  (τριώβολον) (γίνονται) νε [(λοιπὸν)] μϛ (ὀβολοὶ) δ  𐅵  
χωματικὸν (ἀρουρῶν(?)) ρ, (ὧν) ἀβρόχου β, (λοιπὸν) ϙη, κδ  (τριώβολον)· (ὧν) ἀ(ρ)γ(υρίου) ιβ (ὀβολὸς) α  𐅵 [χαλ(κοῦ)   ̣  ̣ (ὧν)] 
  ̣α  ̣  ̣  ̣  ̣ιο̣υ̣ ιβ χα  ̣(  ) δ  ̣  ̣  ̣  ̣ [  ̣  ̣  ̣  ̣  ̣] 
  ̣  ̣  ̣α̣  ̣τα Ἐπεὶφ, χα̣λ̣(κοῦ)   ̣η (γίνονται)   ̣  ̣ [  ̣  ̣  ̣] (ἔτους) θ (ὀβολοὶ) β  𐅵. (λοιπὸν) (ἡμιωβέλιον) ","  Δαιπάτου   ̣  ̣  ̣  ̣  ̣  ̣  ̣ \⁦ -ca.?- ⁩  ̣  𐅵  δ´  ιϛ´ ὧν/ σπορίμου ρ  
ἀφʼ ὧν γράφει Ἀχοᾶπις ἐσπάρθαι πυρῶν νε 𐅵 η´  ιϛ´, κριθῆς δ, ἀράκου λη γίνονται ϙζ  𐅵  η´  ιϛ´  
ἀβρόχου β  δ´  ιϛ´ γίνονται ρ  
Ὀννῶφρις Σεμθέως, Θοθορταῖος Ἁρμιύσεως, Παχῆς Θοθορταίου, 
5Φαψῶστις Σεμθέως τ, ἐπικα̣   γ, 
καὶ τὰ δεδομένα σπέρματα Παψῶστι Σεμθέως πυρῶν οβ, 
ἀράκου λη  γ´ αἳ πυρῶν κγ γίνονται ϙε γίνονται τϙε  
Φαμενὼθ   ̣, \  ̣  ̣  ̣/ κριθῆς νγ  γ´, σπέρμα πυροῦ ν, πυρῶν νδ γίνονται πυρῶν ρδ, κριθῆς νγ  γ´  
Φαρμοῦθι ι, πυρῶν μ· κθ, πυρῶν ο, σπέρμα πυροῦ ι γίνονται πυρῶν ρκ  
10Ἐπεὶφ κγ, χλωρῶν πυροῦ κ· κε, χλωρῶν πυροῦ κβ  𐅵 γίνονται μβ  𐅵  
γίνονται πυρῶν β\ξϛ  𐅵/, κριθῶν νγ  γ´ αἳ πυρῶν λβ γίνονται β\ϙη  𐅵/  
καὶ ἀπὸ χλωρῶν πέπτωκεν· ἔτους β, Τῦβι, ε· ἔτους δ, Μεχ̣ὶ̣ρ̣, ζ  τριώβολον γίνονται ιβ  τριώβολον ἀλαγὴ  α  διώβολον γίνονται ιγ  πεντώβολον  
αἳ πυρῶν ιγ  𐅵  γ´  
καὶ ἀβρόχου ὑπόλογος· β  δ´  ιϛ´ ἀνὰ γ  ζ γίνονται \ιθ  γ´/ ⟦τζ  γ´⟧. λοιπὸν \οε/ ⟦πζ⟧ 𐅷. ὧν 
15πέπτωκεν ἔτους δ, Ἁθὺρ, χλωρῶν τιμῆς ξ α̣ἳ χα̣λ̣κοῦ ξϛ ὀβολὸς α  𐅵 αἳ πυρῶν ξϛ  δ´. λοιπὸν θ  γ´  ιβ´  
δυς  ̣  ̣  ̣    ̣  η  ξη  διώβολον    ̣  ̣  
χλωρῶν διοίκησις. ἀράκου μδ, ὧν γ  ̣   β, λοιπὸν μβ· ὧν̣ πρᾶσις 
κϛ ἀνὰ γ  οη, \ζ  𐅵/ ⟦δ⟧ ἀνὰ β  τριώβολον  α\η ὀβολοὶ δ  𐅵/, β  𐅵 ἀνὰ β δραχμαὶ ε γίνονται λϛ  ρα ὀβολοὶ δ  𐅵· ὧν 
πέπτωκεν ἔτους β, Τῦβι, ε, Μ̣ε̣χὶρ, ζ  τριώβολον γίνονται ιβ  τριώβολον, καὶ συνμεμέτρηται 
20Ἐπεὶφ, π̣υρῶν μβ  𐅵    ̣  ̣  ̣  ̣ καθάρσεως   ̣  ̣  ̣  ̣  ̣  ̣  ̣ε̣ι 
εἰς τὸ βασιλικὸν   ̣  ̣  ̣  ̣ς μβ  τριώβολον γίνονται νε λοιπὸν μϛ ὀβολοὶ δ  𐅵  
χωματικὸν ἀρουρῶν? ρ, ὧν ἀβρόχου β, λοιπὸν ϙη, κδ  τριώβολον· ὧν ἀργυρίου ιβ ὀβολὸς α  𐅵 χαλκοῦ   ̣  ̣ ὧν 
  ̣α  ̣  ̣  ̣  ̣ιο̣υ̣ ιβ χα  ̣   δ  ̣  ̣  ̣  ̣   ̣  ̣  ̣  ̣  ̣ 
  ̣  ̣  ̣α̣  ̣τα Ἐπεὶφ, χα̣λ̣κοῦ   ̣η γίνονται   ̣  ̣   ̣  ̣  ̣ ἔτους θ ὀβολοὶ β  𐅵. λοιπὸν ἡμιωβέλιον ","28.717525,33.609633",28.717525,33.609633,34.01551374,16.048012500000002,16
373,,,© Heidelberger Gesamtverzeichnis der griechischen Papyrusurkunden Ägyptens. This work is licensed under a Creative Commons Attribution 3.0 License.,,,,,Ghoran,,,,,,,Papyrus,,"P. Lille Gr. 1 36 (Jouguet, Pierre / Collart, Paul / Lesquier, Jean; 1928)",Fin d’un compte,,,,Papyrus,,,mentioned people,Abrechnung; Kleors; Staat,,"Zur Datierung vgl. Uebel, Kleruchen, S. 267, Anm. 4. Datierung nach dem Finanzjahr. Teil des Papyrus P.Lille I 30 - 38.",,,"Paris, Sorbonne, Institut de Papyrologie 294",,,,,,"Egypt, 00c - Ghoran[found]; Egypt, 00 - Arsinoites (Fayum)[written]",,,,BC 244 Apr 21 - May 20 after (P03; (F)),,,,,,,,,,,,Greek,,,,,,,,,,,,,nach 21. Apr. - 20. Mai 244 v.Chr.,P.Lille 1 36,Abrechnung; Kleors; Staat,,Ghoran (Arsinoites),,,,,,,,,,,© Heidelberger Gesamtverzeichnis der griechischen Papyrusurkunden Ägyptens. This work is licensed under a Creative Commons Attribution 3.0 License.,,,,,,,,"Zur Datierung vgl. Uebel, Kleruchen, S. 267, Anm. 4. Datierung nach dem Finanzjahr. Teil des Papyrus P.Lille I 30 - 38.",,,Papyrus,,,,,,,,Fin d’un compte,Papyrus,,,,,,,,,"  χ κρ̣  ̣  ι  
  ̣  ̣  ̣[  ̣  ̣]  ̣  ̣ \λθ  𐅵/ κε (γίνονται) ε\κγ  δ´/(*)  
[⁦ -ca.?- ⁩]ρ  ̣  ̣[- ca.9 -] (ἀρταβῶν) υε  𐅵  δ´  η´ (γίνονται) ϡκη  η´. 
(λοιπὸν) κη  η´ (ὧν) πέ(πτωκεν) (ἔτους) δ, \Ἁθὺρ/ Νουμένιος ὑπὲρ Γλαυκίου χλ(ωρῶν) τιμῆς νη  (τετρώβολον), 
5[ἀλλα]γὴ ϛ (ἡμιωβέλιον) (γίνονται) ξδ (ὀβολοὶ) δ  𐅵 αἳ πυρ(ῶν) ξδ  𐅵  δ´, ὑπὲρ λϛ  𐅵  η´. 
[χλ(ωρῶν) διοίκησις.] ἀράκ(ου) κ  𐅵  δ´  η´, λίνου ια  𐅵  δ´, σ̣ικύ(ου) γ  𐅵  δ´  ιϛ´, κρομμύ(ου) η  𐅵  η´(*), 
[⁦ -ca.?- ⁩]μβ  ιϛ´, (ὧν) γ  ̣(  ) β  δ´, (λοιπὸν) ἀράκ(ου) ιη  𐅵  η̣´, λίνου ια  𐅵  δ´, σικύ(ου) γ  𐅵  δ´  ιϛ´, 
[κρομμύ(ου) η  𐅵  η´, μβ  ιϛ´· ὧ]ν πρᾶσις ἀράκ(ου) ιδ (ἀνὰ) δ  (τριώβολον)  ξγ  
[⁦ -ca.?- ⁩] λίνου ια  𐅵  δ´ (ἀνὰ) (πυροῦ) ιϛ  ρπη σικύου γ  𐅵  δ´  ιϛ´ (ἀνὰ) ιϛ (ἀρταβῶν) ξα, 
10[⁦ -ca.?- ⁩ α  𐅵  η´ (ἀνὰ)] (πυρῶν) ιϛ  κϛ, σίτων δ̣ (ἀνὰ) (πυρῶν) κβ̣  πη (γίνονται) τ̣ξγ  
ε̣ι̣  ̣τ̣η̣ν̣ κ̣  ̣  ̣  ̣μετρο̣υ̣ 
[⁦ -ca.?- ⁩]ιθ  𐅵, κριθ(ῆς) μ π̣υ̣ρ̣(  )   ̣ κρι̣θ̣(ῆς) α  δ´  
[⁦ -ca.?- ⁩] (γίνονται(?)) πυ̣ρ̣(ῶν) σκδ  𐅵̣    ̣  ̣, κρι̣θ̣(ῆς)   ̣  ̣ε  𐅵 α̣ἳ̣ (πυρῶν) κε  𐅵  δ´ (γίνονται) β  ̣θ  𐅵  
  ̣  ̣  ̣  
15  ̣  ̣  ̣  ","  χ κρ̣  ̣  ι  
  ̣  ̣  ̣  ̣  ̣  ̣  ̣ \λθ  𐅵/ κε γίνονται ε\κγ  δ´/  
⁦ -ca.?- ⁩ρ  ̣  ̣- ca.9 - ἀρταβῶν υε  𐅵  δ´  η´ γίνονται ϡκη  η´. 
λοιπὸν κη  η´ ὧν πέπτωκεν ἔτους δ, \Ἁθὺρ/ Νουμένιος ὑπὲρ Γλαυκίου χλωρῶν τιμῆς νη  τετρώβολον, 
5ἀλλαγὴ ϛ ἡμιωβέλιον γίνονται ξδ ὀβολοὶ δ  𐅵 αἳ πυρῶν ξδ  𐅵  δ´, ὑπὲρ λϛ  𐅵  η´. 
χλωρῶν διοίκησις. ἀράκου κ  𐅵  δ´  η´, λίνου ια  𐅵  δ´, σ̣ικύου γ  𐅵  δ´  ιϛ´, κρομμύου η  𐅵  η´, 
⁦ -ca.?- ⁩μβ  ιϛ´, ὧν γ  ̣   β  δ´, λοιπὸν ἀράκου ιη  𐅵  η̣´, λίνου ια  𐅵  δ´, σικύου γ  𐅵  δ´  ιϛ´, 
κρομμύου η  𐅵  η´, μβ  ιϛ´· ὧν πρᾶσις ἀράκου ιδ ἀνὰ δ  τριώβολον  ξγ  
⁦ -ca.?- ⁩ λίνου ια  𐅵  δ´ ἀνὰ πυροῦ ιϛ  ρπη σικύου γ  𐅵  δ´  ιϛ´ ἀνὰ ιϛ ἀρταβῶν ξα, 
10⁦ -ca.?- ⁩ α  𐅵  η´ ἀνὰ πυρῶν ιϛ  κϛ, σίτων δ̣ ἀνὰ πυρῶν κβ̣  πη γίνονται τ̣ξγ  
ε̣ι̣  ̣τ̣η̣ν̣ κ̣  ̣  ̣  ̣μετρο̣υ̣ 
⁦ -ca.?- ⁩ιθ  𐅵, κριθῆς μ π̣υ̣ρ̣     ̣ κρι̣θ̣ῆς α  δ´  
⁦ -ca.?- ⁩ γίνονται? πυ̣ρ̣ῶν σκδ  𐅵̣    ̣  ̣, κρι̣θ̣ῆς   ̣  ̣ε  𐅵 α̣ἳ̣ πυρῶν κε  𐅵  δ´ γίνονται β  ̣θ  𐅵  
  ̣  ̣  ̣  
15  ̣  ̣  ̣  ","28.717525,33.609633",28.717525,33.609633,34.01551374,16.048012500000002,16
