Unnamed: 0,Condition (HGV),Author (HGV),License (HGV),Culture (HGV),Script Type (HGV),Previous Edition (HGV),Preservation (HGV),Origin (HGV),Catalog(s) (HGV),Work (HGV),Summary (HGV),Recto/Verso (HGV),Post-Concordance BL Entries (HGV),Genre (HGV),Material (HGV),Support Dimensions (HGV),Publications (HGV),Title (HGV),Translations (HGV),Support Material (HGV),Note (general) (HGV),Support/Dimensions (HGV),Reuse Type (HGV),Images (HGV),People (HGV),Subjects (HGV),Hands (HGV),Commentary (HGV),General Notes (HGV),Place Stored (Ancient) (HGV),Inv. no. (HGV),Principal Edition (HGV),Lines (HGV),Citations (HGV),Availability (HGV),palaeo (HGV),Provenance (HGV),Religion (HGV),catalogue (HGV),Partial Edition (HGV),Date (HGV),translation (HGV),study (HGV),Reference Edition (HGV),Fragments (HGV),reference (HGV),Associated Names (HGV),Works (HGV),Inv. Id (HGV),Form and Layout (HGV),Places (HGV),illustration (HGV),Language (HGV),Print Illustrations (HGV),Note (local/note) (HGV),Note (related) (HGV),Content (HGV),Readings (HGV),Mentioned Dates (HGV),Archive (HGV),Fragments (Tris),General Notes (Tris),Genre (Tris),Print Illustrations (Tris),Reuse Type (Tris),Date (Tris),Publications (Tris),Subjects (Tris),illustration (Tris),Origin (Tris),Translations (Tris),Reference Edition (Tris),Partial Edition (Tris),Support Dimensions (Tris),Provenance (Tris),Availability (Tris),Work (Tris),Content (Tris),Form and Layout (Tris),catalogue (Tris),License (Tris),Previous Edition (Tris),Post-Concordance BL Entries (Tris),Support Material (Tris),Principal Edition (Tris),Citations (Tris),People (Tris),translation (Tris),Commentary (Tris),Inv. Id (Tris),Place Stored (Ancient) (Tris),Support/Dimensions (Tris),Script Type (Tris),Culture (Tris),Catalog(s) (Tris),Mentioned Dates (Tris),study (Tris),palaeo (Tris),Readings (Tris),Title (Tris),Material (Tris),Images (Tris),Religion (Tris),Works (Tris),Language (Tris),Inv. no. (Tris),Places (Tris),Archive (Tris),reference (Tris),text,cleanText,Coordinates,Latitude,Longitude,relLat,relLong,Cluster
183,,,© Heidelberger Gesamtverzeichnis der griechischen Papyrusurkunden Ägyptens. This work is licensed under a Creative Commons Attribution 3.0 License.,,,,,Balaizeh,,,,,; XIII 10,,Papyrus,,"P. Bala'izah 2 297 (Kahle, Paul E.; 1954)",Greek tax - account,,,,Papyrus,,https://digital.bodleian.ox.ac.uk/objects/28367d4f-01a1-40d0...,mentioned people,Fragment; Abrechnung; Steuern; Artaben; Aruren,,"Vgl. ZPE 148, 2004, S. 221-223.",,,"Oxford, Bodleian Library MS. Gr. class. f. 83 (P)",,,,,,"Egypt, U13 - Apa Apollo Monasterion (Deir el-Bala’izah)[found & written]",,,,AD 500 - 799 (Delattre: AD 675 - 799),,,,,,,,,,mentioned places,,Greek,,,,,,,,,,,,,VI - VIII,P.Bal. 2 297,Fragment; Abrechnung; Steuern; Artaben; Aruren,,Balaizeh,,,,,,,,,,,© Heidelberger Gesamtverzeichnis der griechischen Papyrusurkunden Ägyptens. This work is licensed under a Creative Commons Attribution 3.0 License.,,; XIII 10,,,,,,"Vgl. ZPE 148, 2004, S. 221-223.",,,Papyrus,,,,,,,,Greek tax - account,Papyrus,https://digital.bodleian.ox.ac.uk/objects/28367d4f-01a1-40d0...,,,,,,,,"  -- -- -- -- -- -- -- -- -- --  
1[⁦ -ca.?- ⁩] 𐅵  γ´ ἀρ(τάβης) γ´ [⁦ -ca.?- ⁩] 
[⁦ -ca.?- ⁩] 𐅵  γ´ ἀρ(τάβης) γ´  
[⁦ -ca.?- ⁩] χ(ωρίον(?)) Ἀπ  ̣[⁦ -ca.?- ⁩] 
[⁦ -ca.?- ⁩]  ̣  𐅵  γ´ χ(ωρίον(?)) Πα[  ̣]σμβ̣ο̣κ[⁦ -ca.?- ⁩] ἄρου(ραι(?)) φξ̣ ὄργ̣(ων) 𐅵̣  γ̣´ τι̣  ̣[⁦ -ca.?- ⁩] 
5[⁦ -ca.?- ⁩] πα[  ̣]σμβ̣ο̣κ[⁦ -ca.?- ⁩] γ  η´ νο(μίσματα) ε [⁦ -ca.?- ⁩] 
[⁦ -ca.?- ⁩] πα[  ̣]σμβ̣ο̣κ[⁦ -ca.?- ⁩] γ  η´ νο(μισματ ) [⁦ -ca.?- ⁩] 
-- -- -- -- -- -- -- -- -- --  ","  -- -- -- -- -- -- -- -- -- --  
1⁦ -ca.?- ⁩ 𐅵  γ´ ἀρτάβης γ´ ⁦ -ca.?- ⁩ 
⁦ -ca.?- ⁩ 𐅵  γ´ ἀρτάβης γ´  
⁦ -ca.?- ⁩ χωρίον? Ἀπ  ̣⁦ -ca.?- ⁩ 
⁦ -ca.?- ⁩  ̣  𐅵  γ´ χωρίον? Πα  ̣σμβ̣ο̣κ⁦ -ca.?- ⁩ ἄρουραι? φξ̣ ὄργ̣ων 𐅵̣  γ̣´ τι̣  ̣⁦ -ca.?- ⁩ 
5⁦ -ca.?- ⁩ πα  ̣σμβ̣ο̣κ⁦ -ca.?- ⁩ γ  η´ νομίσματα ε ⁦ -ca.?- ⁩ 
⁦ -ca.?- ⁩ πα  ̣σμβ̣ο̣κ⁦ -ca.?- ⁩ γ  η´ νομισματ  ⁦ -ca.?- ⁩ 
-- -- -- -- -- -- -- -- -- --  ","44.282804,17.090799",44.282804,17.090799,21.13082322,1.594539142857144,2
821,,,© Heidelberger Gesamtverzeichnis der griechischen Papyrusurkunden Ägyptens. This work is licensed under a Creative Commons Attribution 3.0 License.,,,,,Balaizeh,,,,,,,Papyrus,,"SB 28 17257 (Jördens, Andrea; 2013) = P. Bala'izah 2 130 (Kahle, Paul E.; 1954) = ZPE 148 (2004), p. 213-217 no. 1 (Gonis, Nikolaos; 2004)",Entagion,,,,Papyrus,,https://digital.bodleian.ox.ac.uk/objects/3054ee1a-5d89-46ff...,mentioned people,Bekanntmachung; Bescheid; Steuern,,,,,"Oxford, Bodleian Library MS. Gr. class. f. 86 (P); Oxford, Bodleian Library MS. Gr. class. g. 52 (P)",,,,,,"Egypt, U13 - Apa Apollo Monasterion (Deir el-Bala’izah)[found & written]",,,,"AD 723 - 724? (year Indictio 07 & 08; cf. ZPE 148 (2004), p. 213 (> SB 28 17257); HGV: 724?; Delattre: AD 675-799)",,,,,,,,"Oxford, Bodleian Library, Inv. Nr. Ms. Greek Class. f. 86 (P) + g. 52 (P)",,mentioned places,,Greek,"P.Bal. II, Plate IV, 4 (Z. 2 - 6, rechte Hälfte)",,,,,,,,,,"P.Bal. II, Plate IV, 4 (Z. 2 - 6, rechte Hälfte)",,723 - 724 (?),P.Bal. II 130,Bekanntmachung; Bescheid; Steuern,,Balaizeh,,,,,,,,,,,© Heidelberger Gesamtverzeichnis der griechischen Papyrusurkunden Ägyptens. This work is licensed under a Creative Commons Attribution 3.0 License.,,,,,,,,,"Oxford, Bodleian Library, Inv. Nr. Ms. Greek Class. f. 86 (P) + g. 52 (P)",,Papyrus,,,,,,,,Entagion,Papyrus,https://digital.bodleian.ox.ac.uk/objects/3054ee1a-5d89-46ff...,,,,,,,,"  σὺν Θ̣(εῷ). Σαλε υἱὸ(ς) Αβιρασζιδ ὑμῖν Ἀπολλῶ(τι) Ἀπακύ(ρου) 
ἀπὸ πέτρ(ας) ἀββ(ᾶ) Πουλει. ἔλ(α)χ(έ) σοι ἀπὸ δημο̣(σίων) [(καὶ)] 
δ̣ι̣α̣[γ]ρ̣(άφου) ζ ἰ(ν)δ(ικτίωνος) (καὶ) δ(α)π(άνης) η ἰνδ(ικτίωνος) ἀρίθ(μια) νο(μίσματα) β  δύο οὕτω(ς)· διαγρ(άφου) νό(μισμα) α  γ´, 
[δ(α)π(άνης)] μ(ηνῶν) ιβ νο(μίσματος) γ´, εξε̣δ(  ) νο(μίσματος) γ´, (καὶ) (ὑπὲρ) ἐμβ(ο)λ(ῆς) σί(του) ἀρτ(άβης) {νο(μίσματα)} 𐅵. (καὶ) σοῦ 
5[ταῦ]τ̣(α) πλη(ρώσαντος) μηδ̣ὲν ἕτ(ερον) παράσχ(ῃς) (καὶ) λαβ(ὲ) ἐκ τ(οῦ) 
ὑποδ(έκτου) ἐντάγ(ιον) διδομέ(νων) παρὰ σοῦ. † 
(γίνονται) <νο(μίσματα)> β σί(του) ἀρτ(άβης) 𐅵  ","  σὺν Θ̣εῷ. Σαλε υἱὸς Αβιρασζιδ ὑμῖν Ἀπολλῶτι Ἀπακύρου 
ἀπὸ πέτρας ἀββᾶ Πουλει. ἔλαχέ σοι ἀπὸ δημο̣σίων καὶ 
δ̣ι̣α̣γρ̣άφου ζ ἰνδικτίωνος καὶ δαπάνης η ἰνδικτίωνος ἀρίθμια νομίσματα β  δύο οὕτως· διαγράφου νόμισμα α  γ´, 
δαπάνης μηνῶν ιβ νομίσματος γ´, εξε̣δ   νομίσματος γ´, καὶ ὑπὲρ ἐμβολῆς σίτου ἀρτάβης {νομίσματα} 𐅵. καὶ σοῦ 
5ταῦτ̣α πληρώσαντος μηδ̣ὲν ἕτερον παράσχῃς καὶ λαβὲ ἐκ τοῦ 
ὑποδέκτου ἐντάγιον διδομένων παρὰ σοῦ. † 
γίνονται νομίσματα β σίτου ἀρτάβης 𐅵  ","44.282804,17.090799",44.282804,17.090799,21.13082322,1.594539142857144,2
