Unnamed: 0,Condition (HGV),Author (HGV),License (HGV),Culture (HGV),Script Type (HGV),Previous Edition (HGV),Preservation (HGV),Origin (HGV),Catalog(s) (HGV),Work (HGV),Summary (HGV),Recto/Verso (HGV),Post-Concordance BL Entries (HGV),Genre (HGV),Material (HGV),Support Dimensions (HGV),Publications (HGV),Title (HGV),Translations (HGV),Support Material (HGV),Note (general) (HGV),Support/Dimensions (HGV),Reuse Type (HGV),Images (HGV),People (HGV),Subjects (HGV),Hands (HGV),Commentary (HGV),General Notes (HGV),Place Stored (Ancient) (HGV),Inv. no. (HGV),Principal Edition (HGV),Lines (HGV),Citations (HGV),Availability (HGV),palaeo (HGV),Provenance (HGV),Religion (HGV),catalogue (HGV),Partial Edition (HGV),Date (HGV),translation (HGV),study (HGV),Reference Edition (HGV),Fragments (HGV),reference (HGV),Associated Names (HGV),Works (HGV),Inv. Id (HGV),Form and Layout (HGV),Places (HGV),illustration (HGV),Language (HGV),Print Illustrations (HGV),Note (local/note) (HGV),Note (related) (HGV),Content (HGV),Readings (HGV),Mentioned Dates (HGV),Archive (HGV),Fragments (Tris),General Notes (Tris),Genre (Tris),Print Illustrations (Tris),Reuse Type (Tris),Date (Tris),Publications (Tris),Subjects (Tris),illustration (Tris),Origin (Tris),Translations (Tris),Reference Edition (Tris),Partial Edition (Tris),Support Dimensions (Tris),Provenance (Tris),Availability (Tris),Work (Tris),Content (Tris),Form and Layout (Tris),catalogue (Tris),License (Tris),Previous Edition (Tris),Post-Concordance BL Entries (Tris),Support Material (Tris),Principal Edition (Tris),Citations (Tris),People (Tris),translation (Tris),Commentary (Tris),Inv. Id (Tris),Place Stored (Ancient) (Tris),Support/Dimensions (Tris),Script Type (Tris),Culture (Tris),Catalog(s) (Tris),Mentioned Dates (Tris),study (Tris),palaeo (Tris),Readings (Tris),Title (Tris),Material (Tris),Images (Tris),Religion (Tris),Works (Tris),Language (Tris),Inv. no. (Tris),Places (Tris),Archive (Tris),reference (Tris),text,cleanText,Coordinates,Latitude,Longitude,relLat,relLong,Cluster
116,,,© Heidelberger Gesamtverzeichnis der griechischen Papyrusurkunden Ägyptens. This work is licensed under a Creative Commons Attribution 3.0 License.,,,,,Aphrodites Kome,,,,,IX 44,,Papyrus,,"P. Cairo Masp. 2 67146 (Maspero, Jean; 1913)",Comptes,,,,Papyrus,,http://www.misha.fr/papyrus_bipab/pages_html/P_Cair_Masp_II_...,mentioned people,Rechnung; Verkauf; Wein,,Datierung: ca. 11. Indiktion.,,,"Cairo, Egyptian Museum JdE 40890",,,,,,"Egypt, U10a - Aphrodito (Kom Ishgau)[found & written]",,,,AD 500 - 599 (year Indictio 11),,,,,,,,,,,,Greek,,,,,,,Dioskoros,,,,,,VI,P.Cair. Masp. 2 67146,Rechnung; Verkauf; Wein,,Aphrodites Kome (Antaiopolites),,,,,,,,,,,© Heidelberger Gesamtverzeichnis der griechischen Papyrusurkunden Ägyptens. This work is licensed under a Creative Commons Attribution 3.0 License.,,IX 44,,,,,,Datierung: ca. 11. Indiktion.,,,Papyrus,,,,,,,,Comptes,Papyrus,http://www.misha.fr/papyrus_bipab/pages_html/P_Cair_Masp_II_...,,,,,,,,"  ἴσον γ̣νώσ̣εως οἴνο(υ) Μα̣ρ̣ί̣ας̣ κανό[ν(ος)] ια [ἰ]νδικ(τίονος) 
Μάρτης Μουσαίο(υ) κυμι\νο/πώλ(ης(?)) ν(όμισμα) α̣ π(αρὰ) α κ̣αι  ̣  ̣θ̣  ̣ι̣ 
Ἀνοῦφις Μακαρίο(υ) κυμινο̣πώλ(ης) ν(όμισμα) [α] π̣(αρὰ) α    ̣  ̣  ̣  ̣  
Ἀπολλῶς Τ̣βίκτωρ καθαρουργὸς ν(ομίσματος) 𐅵̣ π̣(αρὰ) 𐅵̣ τ̣ο̣  ̣  ̣  ̣  
5Ἀνο(ῦ)φις Καστρασανοῦ(*) καὶ Φοιβάμ(μων) Ἀβραα̣μίο(υ) [κυμ]ιν[ο]πώλ(ης) 
ἐξ ἀλελεγγύης(*) ν(όμισμα) α̣  𐅵 π(αρὰ) α̣  𐅵    ̣  ̣  ̣  ̣  
Ἡράκλιος Πατ̣ασάϊ(*)τος ν(όμισμα) α π(αρὰ) α̣ τὸ α̣ὐτ(ό) 
Πκουίτος κορεὺς(*) ν(ομίσματος) γ´ τ̣ὸ̣ α̣ὐ̣τ̣(ό) 
Ἰσὰκ ἀδελφὸς αὐτο(ῦ) ν(ομίσματος) γ´ τ̣ὸ̣ (αὐτό) 
10Ἀπολλῶς Πα̣ο̣υνίο(υ) ν(ομίσματος) γ´ τ̣ὸ̣ (αὐτό) 
Τσεμουθης ν(ομίσματος) γ´ τ̣ὸ̣ (αὐτό) 
(ὁμοῦ) τ̣ὰ πάντ(α) ν(ομίσματα) ϛ̣  γ´, οἴ(νου) ἀ̣γγ(εῖα) σνγ  
κ̣α̣ὶ εἰς ο  ̣  ̣  ̣σου̣τ̣(  ) οἴ(νου) ἀγγ(εῖα) σοθ̣ καὶ̣ μεγαλόκουφ(α)  λε  ","  ἴσον γ̣νώσ̣εως οἴνου Μα̣ρ̣ί̣ας̣ κανόνος ια ἰνδικτίονος 
Μάρτης Μουσαίου κυμι\νο/πώλης? νόμισμα α̣ παρὰ α κ̣αι  ̣  ̣θ̣  ̣ι̣ 
Ἀνοῦφις Μακαρίου κυμινο̣πώλης νόμισμα α π̣αρὰ α    ̣  ̣  ̣  ̣  
Ἀπολλῶς Τ̣βίκτωρ καθαρουργὸς νομίσματος 𐅵̣ π̣αρὰ 𐅵̣ τ̣ο̣  ̣  ̣  ̣  
5Ἀνοῦφις Καστρασανοῦ καὶ Φοιβάμμων Ἀβραα̣μίου κυμινοπώλης 
ἐξ ἀλελεγγύης νόμισμα α̣  𐅵 παρὰ α̣  𐅵    ̣  ̣  ̣  ̣  
Ἡράκλιος Πατ̣ασάϊτος νόμισμα α παρὰ α̣ τὸ α̣ὐτό 
Πκουίτος κορεὺς νομίσματος γ´ τ̣ὸ̣ α̣ὐ̣τ̣ό 
Ἰσὰκ ἀδελφὸς αὐτοῦ νομίσματος γ´ τ̣ὸ̣ αὐτό 
10Ἀπολλῶς Πα̣ο̣υνίου νομίσματος γ´ τ̣ὸ̣ αὐτό 
Τσεμουθης νομίσματος γ´ τ̣ὸ̣ αὐτό 
ὁμοῦ τ̣ὰ πάντα νομίσματα ϛ̣  γ´, οἴνου ἀ̣γγεῖα σνγ  
κ̣α̣ὶ εἰς ο  ̣  ̣  ̣σου̣τ̣   οἴνου ἀγγεῖα σοθ̣ καὶ̣ μεγαλόκουφα  λε  ","38.0128029284,23.6159025982",38.0128029284,23.6159025982,26.220404026596004,7.416682995057144,1
196,,,© Heidelberger Gesamtverzeichnis der griechischen Papyrusurkunden Ägyptens. This work is licensed under a Creative Commons Attribution 3.0 License.,,,,,Aphrodites Kome,,,,,VIII 192; XI 120,,Papyrus,,"P. Lond. 5 1701 (Bell, Harold Idris; 1917)",Receipt for price of wine,,,,Papyrus,,https://www.bl.uk/manuscripts/FullDisplay.aspx?ref=Papyrus_1...,mentioned people,Quittung; Schulden; Preis; Wein,,"Alternativdatierungen: 19. Sept. 525, 19. Sept. 540. Gehört zum Dioskoros - Archiv.",,,"London, British Library Pap 1650",,,,,,"Egypt, U10a - Aphrodito (Kom Ishgau)[found & written]",,,,"AD 540 Sep 19? (year Indictio 04, Thoth 22) or AD 510 Sep 19? (year Indictio 04, Thoth 22) or AD 525 Sep 19? (year Indictio 04, Thoth 22)",,,,,,,,,,mentioned places,,Greek,"Diethart - Worp, Notarsunterschriften, Tafel 2, Aphr. 1.1.12 (Z. 11 - 14 teilweise)",,,,,,Dioskoros,,,,"Diethart - Worp, Notarsunterschriften, Tafel 2, Aphr. 1.1.12 (Z. 11 - 14 teilweise)",,19. Sept. 540 (Jahr unsicher),P.Lond. 5 1701,Quittung; Schulden; Preis; Wein,,Aphrodites Kome (Antaiopolites),,,,,,,,,,,© Heidelberger Gesamtverzeichnis der griechischen Papyrusurkunden Ägyptens. This work is licensed under a Creative Commons Attribution 3.0 License.,,VIII 192; XI 120,,,,,,"Alternativdatierungen: 19. Sept. 525, 19. Sept. 540. Gehört zum Dioskoros - Archiv.",,,Papyrus,,,,,,,,Receipt for price of wine,Papyrus,https://www.bl.uk/manuscripts/FullDisplay.aspx?ref=Papyrus_1...,,,,,,,,"  ☧ Φλα̣ο̣[ύιος Θε]ό̣δωρος ὁ̣ [μ]ε̣[γα]λ̣[ο]π̣[ρ]επ̣έστατος κόμες̣ δ̣[ιʼ] ἐ̣[μοῦ Ἀρίστωνος
                              Φοιβάμμωνος] 
παιδὸς ⁦ vac. ? ⁩ [Αὐ]ρ̣ηλίῳ Ἡρακλείῳ Παουό̣μ̣θου οἰνοπράτῃ ἀπὸ Ἀφροδ(ίτης) χαίρ(ειν)· [ἀπέσχον] 
παρὰ σοῦ ἀπὸ λόγου οἴνου τοῦ χρεωστηθέντος ἡμῖν παρὰ σοῦ χρυσοῦ νομίσ[ματα τρία παρὰ] 
κεράτια ἓξ χρυσοχοϊ(*)κ(ῷ) τῆς αὐτῆς κώμης παρὰ διαφόρων ὀνομάτων [καὶ(?)] 
5ἐκ τούτων ἀπεδεξάμην παρὰ Φηο(ῦ)τος καὶ Ἀνουφίου ποιμένων χρυσοῦ νομίσμα̣[τα δύο ] 
κ(αὶ) τὴν ἀκυρωσίαν τούτων αὐτοῖς δέδωκα, γί(νεται) χρ(υσοῦ) νο(μίσματα) γ π(αρὰ) ϛ, κ(αὶ) εἰς σὴ[ν ἀσ]φά̣λ̣[ε]ι̣[α]ν̣ 
πεποίημαι τοῦτο τὸ ἀσφαλὲς τῶν προκ(ειμένων) τριῶ(ν) νομισμάτων μεθʼ ὑ̣π̣ογρ(αφῆς)
                              τοῦ ὑ̣πὲρ 
ἐμοῦ ὑπογρ(άφοντος) κ(αὶ) ἐπερωτηθ(εὶς) <ὡμολόγησα> Θὼθ κβ τετάρτης ἰνδικ(τίονος). (hand 2) ☧ Ἀρίστ[ων] Φοιβάμμωνος 
παῖς τοῦ μεγαλοπρε(πεστάτου) κόμ(ητος) Θεοδώρο(υ) ὁ προκ(είμενος) στοιχεῖ μοι τοῦτο
                              τὸ ἀσφαλὲς 
10τῶν προκειμέ(νων) τριῶν νομισμάτων παρὰ κεράτια ἓξ χρυσοχ(οικῷ) κώμ(ης) Ἀφροδίτ[(ης)] 
ὡς πρόκ(ειται). ☧ Φλ(αύιος) Φοιβάμμων Δωραντινόου ὁ ὀρδινάρ(ιος) τῆς ἡγεμονικ(ῆς)
                              τάξεως 
ἔγραψα ὑπὲρ αὐτο(ῦ) εἰπόντος μοι κατὰ πρόσωπον γράμματα μὴ εἰδότος. 
† ((tachygraphic-marks)) ☧ ☧ ☧ 
(hand 1) ☧ ἐγράφη διʼ ἐμοῦ Ἀβρααμίου Ἀπολλ(  ) monogr.(*). ","  ☧ Φλα̣ο̣ύιος Θεό̣δωρος ὁ̣ με̣γαλ̣οπ̣ρεπ̣έστατος κόμες̣ δ̣ιʼ ἐ̣μοῦ Ἀρίστωνος
                              Φοιβάμμωνος 
παιδὸς ⁦ vac. ? ⁩ Αὐρ̣ηλίῳ Ἡρακλείῳ Παουό̣μ̣θου οἰνοπράτῃ ἀπὸ Ἀφροδίτης χαίρειν· ἀπέσχον 
παρὰ σοῦ ἀπὸ λόγου οἴνου τοῦ χρεωστηθέντος ἡμῖν παρὰ σοῦ χρυσοῦ νομίσματα τρία παρὰ 
κεράτια ἓξ χρυσοχοϊκῷ τῆς αὐτῆς κώμης παρὰ διαφόρων ὀνομάτων καὶ? 
5ἐκ τούτων ἀπεδεξάμην παρὰ Φηοῦτος καὶ Ἀνουφίου ποιμένων χρυσοῦ νομίσμα̣τα δύο  
καὶ τὴν ἀκυρωσίαν τούτων αὐτοῖς δέδωκα, γίνεται χρυσοῦ νομίσματα γ παρὰ ϛ, καὶ εἰς σὴν ἀσφά̣λ̣ει̣αν̣ 
πεποίημαι τοῦτο τὸ ἀσφαλὲς τῶν προκειμένων τριῶν νομισμάτων μεθʼ ὑ̣π̣ογραφῆς
                              τοῦ ὑ̣πὲρ 
ἐμοῦ ὑπογράφοντος καὶ ἐπερωτηθεὶς ὡμολόγησα Θὼθ κβ τετάρτης ἰνδικτίονος. hand 2 ☧ Ἀρίστων Φοιβάμμωνος 
παῖς τοῦ μεγαλοπρεπεστάτου κόμητος Θεοδώρου ὁ προκείμενος στοιχεῖ μοι τοῦτο
                              τὸ ἀσφαλὲς 
10τῶν προκειμένων τριῶν νομισμάτων παρὰ κεράτια ἓξ χρυσοχοικῷ κώμης Ἀφροδίτης 
ὡς πρόκειται. ☧ Φλαύιος Φοιβάμμων Δωραντινόου ὁ ὀρδινάριος τῆς ἡγεμονικῆς
                              τάξεως 
ἔγραψα ὑπὲρ αὐτοῦ εἰπόντος μοι κατὰ πρόσωπον γράμματα μὴ εἰδότος. 
† tachygraphic-marks ☧ ☧ ☧ 
hand 1 ☧ ἐγράφη διʼ ἐμοῦ Ἀβρααμίου Ἀπολλ   monogr.. ","38.0128029284,23.6159025982",38.0128029284,23.6159025982,26.220404026596004,7.416682995057144,1
317,,,© Heidelberger Gesamtverzeichnis der griechischen Papyrusurkunden Ägyptens. This work is licensed under a Creative Commons Attribution 3.0 License.,,,,,Aphrodites Kome,,,,,VIII 501; X 282,,Papyrus,,"P. Vat. Aphrod. 1 (Pintaudi, Rosario; 1980)",Affitto di terreno,,,,Papyrus,,http://www.misha.fr/papyrus_bipab/pages_html/P_Vat_Aphrod_1....,mentioned people,"Vertrag; Pacht; Land; Weinberg; Pachtzins (Naturalien, Geld); κυρία-Klausel; Namen",,"Zur Datierung vgl. P. Oxy LVIII, S. 53 und BL VIII, S. 501.",,,"Rome, Vatican, Biblioteca del Vaticano Gr. 24",,,,,,"Egypt, U10a - Aphrodito (Kom Ishgau)[found & written]",,,,"AD 598 Apr 23? (Mauricius, year 16; 15 (consular date); Indictio 02, Pharmouthi 28)",,,,,,,,,,mentioned places,,Greek,Tav. I,,,,,,Phoibammon son of Triadelphos,,,,Tav. I,,23. Apr. 598 (Jahr unsicher),P.Vatic. Aphrod. 1,"Vertrag; Pacht; Land; Weinberg; Pachtzins (Naturalien, Geld); κυρία-Klausel; Namen",,Aphrodites Kome (Antaiopolites),,,,,,,,,,,© Heidelberger Gesamtverzeichnis der griechischen Papyrusurkunden Ägyptens. This work is licensed under a Creative Commons Attribution 3.0 License.,,VIII 501; X 282,,,,,,"Zur Datierung vgl. P. Oxy LVIII, S. 53 und BL VIII, S. 501.",,,Papyrus,,,,,,,,Affitto di terreno,Papyrus,http://www.misha.fr/papyrus_bipab/pages_html/P_Vat_Aphrod_1....,,,,,,,,"  ⳨ [⁦ -ca.?- ⁩] Traces ca. 9 characters [⁦ -ca.?- ⁩] Traces ca. 10 characters [⁦ -ca.?- ⁩]  ̣[⁦ -ca.?- ⁩ βασιλείας τοῦ] 
θειοτάτου καὶ γαληνοτάτου ἡμῶν δεσπότου Φλ(αουίου) Μαυρικίου Τιβερίο̣[υ τοῦ αἰωνίου
                              Αὐγούστου] 
Αὐτοκράτορος καὶ μεγίστου Εὐεργέτου ἔτους ἑκκαιδεκάτου καὶ ὑ(*)πατεί̣[ας τοῦ αὐτοῦ εὐσεβεστάτου] 
ἡμῶν δεσπότου ἔτους πεντεκαιδεκάτου, Φαρμο[ῦ]θι κη δευτέρας ἰ(*)νδικτίονος̣. 
5⳨ Αὐρήλιος Ψάι(*)ς ἐκ πατρὸς Ἰ(*)ωάννου ἐκ μητρὸς Στεφανοῦτος σὺν θ(εῷ) μισθωτὴς ἀπ[ὸ κώμης Ἀφροδ(ίτης)] 
τοῦ Ἀνταιοπολίτου νομοῦ ⳨ Αὐρηλίῳ Θεοδώρῳ υἱ(*)ῷ τοῦ μακαριωτάτου Μουσαίου̣ [⁦ -ca.?- ⁩] 
κτήτορι ἀπὸ τῆς αὐτῆς κώμης Ἀφροδ(ίτης) χαίρ(ειν). ὁμολογῶ ἑκουσίως καὶ αὐθαιρ̣[έτως
                              μεμισθῶσθαι] 
παρὰ σοῦ πρὸς τετραέτη χρόνον, λογιζόμενο̣ν̣ ἀπὸ κ[αρ]πῶν τῆς σὺν θ(εῷ) μελλούση̣[ς δευτέρας ἰ(*)νδικτίονος] 
καὶ αὐτῆς καὶ τοῦ ἑξῆς χρόνου, τὸ ὑ(*)πάρχον σοι καὶ ἔλθον εἰς σὲ ἀπὸ δικαίας κλ̣ηρο̣[νομίας τοῦ] 
10μακαριωτάτου σοῦ πατρὸς Μουσαίου ὁλόκληρον σοῦ μέρος ἐξ ὁλοκλήρου κτήμ̣[ατος καλουμένου] 
Περίωνος σὺν τῷ περιέξωθεν λάκκῳ καὶ δεξαμενῇ καὶ μονῇ καὶ πύργῳ καὶ οἰκ[ιδίῳ μετὰ ξυλίνης] 
σκάλης καὶ φοίνιξι καὶ λαχανίοις τόποις καὶ βοσκήμασι καὶ ἑτέροις φυτοῖς διαφ̣[όροις
                              ἐγκάρποις] 
καὶ ἀκάρποις καὶ πᾶσι ἐνοῦσι καὶ ἀνηκοῦσι καὶ προσκυροῦσι τῷ αὐτῷ κτήματι δικαίοις
                              τ̣[οῖς] 
ἐντὸς καὶ ἐκτὸς πρὸς τὰ παλαιὰ αὐτοῦ ὅρια κυκλώθεν(*) πρὸς τὴν δύναμιν τῆς ἐγγρ̣ά̣φους δ̣ιαθήκης 
15καὶ μερισμοῦ τῶν σῶν γονέων διακείμεν(ον) ἐν τοις(*) ἀπηλιωτικοις(*) πεδιάδι̣ τ̣[ῆς αὐτ(ῆς)] κ̣ώ̣μης Ἀφροδ̣(ίτης) 
ἐν κλήρου(*)  Ψιουλ · ἔτι δὲ μισθοῦμαι σοι καὶ τῶν ἀγορασθέντων ἄλλων ἀρουρῶν π̣[αρὰ σοῦ] 
ἐν τῷ αὐτῷ κτήματι Περίωνι · ἐφʼ ᾧ με τοῦτο ἔχειν ὑ(*)πʼ ἐμὲ εἰς γεωργίαν καὶ κατάθ̣[εσιν] ὧ̣ν ἐὰν 
βούλομαι γενημασι(*) ἰ(*)δίοις μου κτήνεσιν καὶ γεωργοῖς καὶ σπερμαβόλεσι(*) καὶ ἀναλ[ώμ]α̣σι, 
ἐν τελείῳ μὲν συγκλείω παντὸς τοῦ κλήρου, καὶ διδόναι σοι ὑ(*)πὲρ λόγου ἀποτάκτ̣ου αὐτο[ῦ] φόρου 
20καθʼ(*) ἔτος σίτου καθαροῦ καὶ φορικοῦ ἀρτάβας πέντε <(γίνονται) (ἀρτάβαι)> ε ἑ̣κ̣ά̣στης ἀρού̣ρ̣η̣ς πρ̣[ὸ]ς̣ ἀναμέτρησιν 
τοῦ δημοσίου σχοινίου μέτρῳ Ἀμμωνίου κόμετος, ἀλλ(ὰ) ἐπὶ τῷ δέ σε ἐξουσιάζειν λαβ̣εῖν
                              καθʼ(*) ἔτος 
ἀρούρας δύο , μίαν μὲν ἐν λιπαρας(*) γης(*)  μια(*) δὲ ἐν σιτοφόρῳ γῃδίῳ, μια(*) μὲν ἐκ [νότ]ο̣υ [το]ῦ λάκκου, 
ἄλλην δὲ ἐξ ἀπηλιώτου τοῦ χώματος, ἐκ νότου τῆς μεγάλης ἀμάρης, τῷ αὐτῷ σχ[οι]νίῳ· 
καὶ γεμισω(*) μιας(*) ἀρουρης(*) ἐν κοπρισμοῖς διαφόροις καθʼ(*) ἔτος καθὼς πρὸς τὰ δόξαντα δίχα ἀμφ(ιβολίας) 
25καὶ ποιῆσαι τὴν πᾶσαν αὐτῶν γεωργικὴν ἐργασίαν γινομένην παρʼ ἐμοῦ καὶ ποτ̣ίσαι αὐτὰς 
ἀκαταφρονήτως καθʼ(*) ἔτος καὶ διδόναι σοι χρυσο[ῦ] κεφαλαίου νομισμάτια τρία ἕκασ̣τ̣ον παρὰ 
κεράτιον ἓν χρυσοχοι(*)κῷ σταθμῷ τῆς α(ὐτῆς) κώμης πρὸς ἑνὸς νομίσματος ἑκάστη̣[ς] κ̣[α]τ̣αβολῆς 
τῶν δημοσίων κατʼ ἔτος, μέντοιγε κουφίσαι με καὶ ἐξουσίαν ἔχειν λαβεῖν με ὑ(*)πὲρ τ[ῶ]ν προκ(ειμένων) 
χρυσίων καὶ δύο ἀρουρῶν ἄλλας ἀρούρας δέκα τῷ αὐτῷ σχοινίῳ ἀπὸ τῶν προκ(ειμένων) σῶν ἀρουρῶν 
30τοῦ αὐτοῦ σοῦ μέρο̣υ̣ς̣ κτήματος Περίωνος καθʼ(*) ἔτος πρὸς τὰ δόξαντα ἐν τε ἀβροχικῷ, ὃ μὴ εἴη, 
πρὸς τοῖς συμφώνοις τῆς προκειμέ(νης) ἀπηλιωτικῆς πεδιάδος, ποιῆσ̣αι μετ̣ʼ [ἀλ]λ̣ήλων 
ἄνευ ἀντιλογίας· καὶ τὴν μεταφορὰν ποιήσω τῆς ἀσίας(*) ἐμβολῆς τοῦ προκ(ειμένου) σου μ[έ]ρ̣ους κτήμ̣(ατος) 
ἕως τοῦ ποταμίου ὅρμου, τοῦτό τουτεστιν(*) καμήλια ἕξ , καὶ τοῦ σοῦ φόρ̣ο[υ] καὶ τὰ γ̣ενήματα τας(*) προκ(ειμένων) 
δύο σοῦ ἀρουρας(*) καὶ ἄχυρα ἕως τοῦ σοῦ οἴκου, καὶ ἀλύθω(*) σοι \σίτου/ ἀρτάβας τεσσαράκοντα ἐκ τῶν ἐμῶν 
35ζῴων καὶ γεωργῶν, καὶ διδόναι σοι μιᾷ ἀγωγια(*) \σ̣τ̣α̣χ̣(ύων)/ ἓν δέμα ἔτι καθʼ(*) ἔτος · δώσω δέ̣ σοι κ[ατʼ] ἔτος τυροὺς 
ξηροὺς γεουχικοὺς ἑβδομήκοντα  πέντε καὶ λεμψ̣άνας ἀγγία ἓξ καὶ ἑορτικὰς ἐξαλλ[ακ]ὰ̣ς τρεῖς  
ἀνὰ τυρία καὶ λάχανα· τὸ δὲ προκ(είμενον) ἥμισυ τοῦ προκ(ειμένου) βοσκήματος   ̣[  ̣  ̣]  ̣λ̣η̣λ̣η τ̣οῦ κτήματος̣ Π̣ερίονος(*)  
ἔχειν με καθʼ(*) ἔτος ἄνευ γεουχικοῦ σοῦ μέρους καὶ τῆς ἡμισείας τῶν καρπῶν τῶν α(ὐτῶν) φοινίκων, 
ἔχειν με πάλιν ἄνευ γεουχικοῦ σοῦ μέρ(ους), καὶ ἐπὶ τῷ δὲ ἐμὲ ἀναξω(*) σοι μικρὸν ἄκ[α]ν̣θο̣ν̣ ἀπὸ τοῦ 
40αὐτοῦ χώματος, ἀπὸ τῆς συκαμινεας(*) εἰς νότον, ἕως τοῦ ὁρίου ἀκαταφρονήτως πρ̣[ὸ]ς τὰ δόξαντα, 
δίχα ἀντιλογίας. ταύτη(*) τη(*) παροῦση(*) ἐγγραφω(*) μισθωτικὴ ὁ̣[μ]ολογίᾳ̣ κυρία ἔσται [κ]α̣ὶ βεβαία 
πανταχοῦ προφερομένη, καὶ ἐφʼ ἅπαν̣τα ἐπερ(ωτηθεὶς) ὡμολόγησα † (hand 2) Αὐρήλιος
                              Ψαίου Ἰ(*)ωάννου 
ὁ προκ(είμενος) μεμίσθωμ̣αι ὡς πρόκ(ειται) ⳨ Αὐρήλιος Ἰ(*)ωάννης Β̣ίκτορος ἀξιωθὶς(*) ἔγγραψα ὑπὲρ αὐτοῦ [γρά]μ̣μα μὴ 
εἰδότο̣ς † (hand 3) ⳨ Αὐρήλιος Φο̣ι̣β̣ά̣μ̣μ̣ω̣ν̣ Ἰ(*)ο[άννου μαρ]τ̣υ̣ρ̣ῶ̣ ταύτῃ τῇ μισθώσε̣ι̣ ἀκούσας παρὰ τ̣ο̣ῦ̣ θεμένου 
45(hand 4) ⳨ Αὐρήλιος Μακάριος Χρισ̣τωφόρ̣ο̣υ̣ μαρτυρῶ ταύτῃ τῇ μισθώσε̣ι̣ ὡς πρόκ(ειται)
                              (hand 5) † Αὐρήλιος 
Ἰ(*)ωάννης Λ̣ουκανοῦ μαρτυρῶ μεμίσθωμαι ὡς πρόκ(ειται) ⳨ 
(hand 1?) † διʼ ἐμοῦ Φηο̣ῦ̣τος σὺ̣ν θ(εῷ) ταβελλ(ίωνος) ἐγρ(άφη) ἐγρ(άφη) ἐγρ(άφη)
                              ((tachygraphic-marks)) ","  ⳨ ⁦ -ca.?- ⁩ Traces ca. 9 characters ⁦ -ca.?- ⁩ Traces ca. 10 characters ⁦ -ca.?- ⁩  ̣⁦ -ca.?- ⁩ βασιλείας τοῦ 
θειοτάτου καὶ γαληνοτάτου ἡμῶν δεσπότου Φλαουίου Μαυρικίου Τιβερίο̣υ τοῦ αἰωνίου
                              Αὐγούστου 
Αὐτοκράτορος καὶ μεγίστου Εὐεργέτου ἔτους ἑκκαιδεκάτου καὶ ὑπατεί̣ας τοῦ αὐτοῦ εὐσεβεστάτου 
ἡμῶν δεσπότου ἔτους πεντεκαιδεκάτου, Φαρμοῦθι κη δευτέρας ἰνδικτίονος̣. 
5⳨ Αὐρήλιος Ψάις ἐκ πατρὸς Ἰωάννου ἐκ μητρὸς Στεφανοῦτος σὺν θεῷ μισθωτὴς ἀπὸ κώμης Ἀφροδίτης 
τοῦ Ἀνταιοπολίτου νομοῦ ⳨ Αὐρηλίῳ Θεοδώρῳ υἱῷ τοῦ μακαριωτάτου Μουσαίου̣ ⁦ -ca.?- ⁩ 
κτήτορι ἀπὸ τῆς αὐτῆς κώμης Ἀφροδίτης χαίρειν. ὁμολογῶ ἑκουσίως καὶ αὐθαιρ̣έτως
                              μεμισθῶσθαι 
παρὰ σοῦ πρὸς τετραέτη χρόνον, λογιζόμενο̣ν̣ ἀπὸ καρπῶν τῆς σὺν θεῷ μελλούση̣ς δευτέρας ἰνδικτίονος 
καὶ αὐτῆς καὶ τοῦ ἑξῆς χρόνου, τὸ ὑπάρχον σοι καὶ ἔλθον εἰς σὲ ἀπὸ δικαίας κλ̣ηρο̣νομίας τοῦ 
10μακαριωτάτου σοῦ πατρὸς Μουσαίου ὁλόκληρον σοῦ μέρος ἐξ ὁλοκλήρου κτήμ̣ατος καλουμένου 
Περίωνος σὺν τῷ περιέξωθεν λάκκῳ καὶ δεξαμενῇ καὶ μονῇ καὶ πύργῳ καὶ οἰκιδίῳ μετὰ ξυλίνης 
σκάλης καὶ φοίνιξι καὶ λαχανίοις τόποις καὶ βοσκήμασι καὶ ἑτέροις φυτοῖς διαφ̣όροις
                              ἐγκάρποις 
καὶ ἀκάρποις καὶ πᾶσι ἐνοῦσι καὶ ἀνηκοῦσι καὶ προσκυροῦσι τῷ αὐτῷ κτήματι δικαίοις
                              τ̣οῖς 
ἐντὸς καὶ ἐκτὸς πρὸς τὰ παλαιὰ αὐτοῦ ὅρια κυκλώθεν πρὸς τὴν δύναμιν τῆς ἐγγρ̣ά̣φους δ̣ιαθήκης 
15καὶ μερισμοῦ τῶν σῶν γονέων διακείμενον ἐν τοις ἀπηλιωτικοις πεδιάδι̣ τ̣ῆς αὐτῆς κ̣ώ̣μης Ἀφροδ̣ίτης 
ἐν κλήρου  Ψιουλ · ἔτι δὲ μισθοῦμαι σοι καὶ τῶν ἀγορασθέντων ἄλλων ἀρουρῶν π̣αρὰ σοῦ 
ἐν τῷ αὐτῷ κτήματι Περίωνι · ἐφʼ ᾧ με τοῦτο ἔχειν ὑπʼ ἐμὲ εἰς γεωργίαν καὶ κατάθ̣εσιν ὧ̣ν ἐὰν 
βούλομαι γενημασι ἰδίοις μου κτήνεσιν καὶ γεωργοῖς καὶ σπερμαβόλεσι καὶ ἀναλώμα̣σι, 
ἐν τελείῳ μὲν συγκλείω παντὸς τοῦ κλήρου, καὶ διδόναι σοι ὑπὲρ λόγου ἀποτάκτ̣ου αὐτοῦ φόρου 
20καθʼ ἔτος σίτου καθαροῦ καὶ φορικοῦ ἀρτάβας πέντε γίνονται ἀρτάβαι ε ἑ̣κ̣ά̣στης ἀρού̣ρ̣η̣ς πρ̣ὸς̣ ἀναμέτρησιν 
τοῦ δημοσίου σχοινίου μέτρῳ Ἀμμωνίου κόμετος, ἀλλὰ ἐπὶ τῷ δέ σε ἐξουσιάζειν λαβ̣εῖν
                              καθʼ ἔτος 
ἀρούρας δύο , μίαν μὲν ἐν λιπαρας γης  μια δὲ ἐν σιτοφόρῳ γῃδίῳ, μια μὲν ἐκ νότο̣υ τοῦ λάκκου, 
ἄλλην δὲ ἐξ ἀπηλιώτου τοῦ χώματος, ἐκ νότου τῆς μεγάλης ἀμάρης, τῷ αὐτῷ σχοινίῳ· 
καὶ γεμισω μιας ἀρουρης ἐν κοπρισμοῖς διαφόροις καθʼ ἔτος καθὼς πρὸς τὰ δόξαντα δίχα ἀμφιβολίας 
25καὶ ποιῆσαι τὴν πᾶσαν αὐτῶν γεωργικὴν ἐργασίαν γινομένην παρʼ ἐμοῦ καὶ ποτ̣ίσαι αὐτὰς 
ἀκαταφρονήτως καθʼ ἔτος καὶ διδόναι σοι χρυσοῦ κεφαλαίου νομισμάτια τρία ἕκασ̣τ̣ον παρὰ 
κεράτιον ἓν χρυσοχοικῷ σταθμῷ τῆς αὐτῆς κώμης πρὸς ἑνὸς νομίσματος ἑκάστη̣ς κ̣ατ̣αβολῆς 
τῶν δημοσίων κατʼ ἔτος, μέντοιγε κουφίσαι με καὶ ἐξουσίαν ἔχειν λαβεῖν με ὑπὲρ τῶν προκειμένων 
χρυσίων καὶ δύο ἀρουρῶν ἄλλας ἀρούρας δέκα τῷ αὐτῷ σχοινίῳ ἀπὸ τῶν προκειμένων σῶν ἀρουρῶν 
30τοῦ αὐτοῦ σοῦ μέρο̣υ̣ς̣ κτήματος Περίωνος καθʼ ἔτος πρὸς τὰ δόξαντα ἐν τε ἀβροχικῷ, ὃ μὴ εἴη, 
πρὸς τοῖς συμφώνοις τῆς προκειμένης ἀπηλιωτικῆς πεδιάδος, ποιῆσ̣αι μετ̣ʼ ἀλλ̣ήλων 
ἄνευ ἀντιλογίας· καὶ τὴν μεταφορὰν ποιήσω τῆς ἀσίας ἐμβολῆς τοῦ προκειμένου σου μέρ̣ους κτήμ̣ατος 
ἕως τοῦ ποταμίου ὅρμου, τοῦτό τουτεστιν καμήλια ἕξ , καὶ τοῦ σοῦ φόρ̣ου καὶ τὰ γ̣ενήματα τας προκειμένων 
δύο σοῦ ἀρουρας καὶ ἄχυρα ἕως τοῦ σοῦ οἴκου, καὶ ἀλύθω σοι \σίτου/ ἀρτάβας τεσσαράκοντα ἐκ τῶν ἐμῶν 
35ζῴων καὶ γεωργῶν, καὶ διδόναι σοι μιᾷ ἀγωγια \σ̣τ̣α̣χ̣ύων/ ἓν δέμα ἔτι καθʼ ἔτος · δώσω δέ̣ σοι κατʼ ἔτος τυροὺς 
ξηροὺς γεουχικοὺς ἑβδομήκοντα  πέντε καὶ λεμψ̣άνας ἀγγία ἓξ καὶ ἑορτικὰς ἐξαλλακὰ̣ς τρεῖς  
ἀνὰ τυρία καὶ λάχανα· τὸ δὲ προκείμενον ἥμισυ τοῦ προκειμένου βοσκήματος   ̣  ̣  ̣  ̣λ̣η̣λ̣η τ̣οῦ κτήματος̣ Π̣ερίονος  
ἔχειν με καθʼ ἔτος ἄνευ γεουχικοῦ σοῦ μέρους καὶ τῆς ἡμισείας τῶν καρπῶν τῶν αὐτῶν φοινίκων, 
ἔχειν με πάλιν ἄνευ γεουχικοῦ σοῦ μέρους, καὶ ἐπὶ τῷ δὲ ἐμὲ ἀναξω σοι μικρὸν ἄκαν̣θο̣ν̣ ἀπὸ τοῦ 
40αὐτοῦ χώματος, ἀπὸ τῆς συκαμινεας εἰς νότον, ἕως τοῦ ὁρίου ἀκαταφρονήτως πρ̣ὸς τὰ δόξαντα, 
δίχα ἀντιλογίας. ταύτη τη παροῦση ἐγγραφω μισθωτικὴ ὁ̣μολογίᾳ̣ κυρία ἔσται κα̣ὶ βεβαία 
πανταχοῦ προφερομένη, καὶ ἐφʼ ἅπαν̣τα ἐπερωτηθεὶς ὡμολόγησα † hand 2 Αὐρήλιος
                              Ψαίου Ἰωάννου 
ὁ προκείμενος μεμίσθωμ̣αι ὡς πρόκειται ⳨ Αὐρήλιος Ἰωάννης Β̣ίκτορος ἀξιωθὶς ἔγγραψα ὑπὲρ αὐτοῦ γράμ̣μα μὴ 
εἰδότο̣ς † hand 3 ⳨ Αὐρήλιος Φο̣ι̣β̣ά̣μ̣μ̣ω̣ν̣ Ἰοάννου μαρτ̣υ̣ρ̣ῶ̣ ταύτῃ τῇ μισθώσε̣ι̣ ἀκούσας παρὰ τ̣ο̣ῦ̣ θεμένου 
45hand 4 ⳨ Αὐρήλιος Μακάριος Χρισ̣τωφόρ̣ο̣υ̣ μαρτυρῶ ταύτῃ τῇ μισθώσε̣ι̣ ὡς πρόκειται
                              hand 5 † Αὐρήλιος 
Ἰωάννης Λ̣ουκανοῦ μαρτυρῶ μεμίσθωμαι ὡς πρόκειται ⳨ 
hand 1? † διʼ ἐμοῦ Φηο̣ῦ̣τος σὺ̣ν θεῷ ταβελλίωνος ἐγράφη ἐγράφη ἐγράφη
                              tachygraphic-marks ","38.0128029284,23.6159025982",38.0128029284,23.6159025982,26.220404026596004,7.416682995057144,1
318,,,© Heidelberger Gesamtverzeichnis der griechischen Papyrusurkunden Ägyptens. This work is licensed under a Creative Commons Attribution 3.0 License.,,,,,Aphrodites Kome,,,,,VIII 503,,Papyrus,,"P. Vat. Aphrod. 12 (Pintaudi, Rosario; 1980)",Lista di versamenti,,,,Papyrus,,http://www.misha.fr/papyrus_bipab/pages_html/P_Vat_Aphrod_12...,mentioned people,Liste; καταβολή; Zahlungen von Wein; Getreide; Namen,,"Vgl. CE 58, 1983, S. 231 f.",,,"Rome, Vatican, Biblioteca del Vaticano Gr. 35",,,,,,"Egypt, U10a - Aphrodito (Kom Ishgau)[found & written]",,,,AD 500 - 599,,,,,,,,,,,,Greek,Tav. IX,,,,,,Phoibammon son of Triadelphos,,,,Tav. IX,,VI,P.Vatic. Aphrod. 12,Liste; καταβολή; Zahlungen von Wein; Getreide; Namen,,Aphrodites Kome (Antaiopolites),,,,,,,,,,,© Heidelberger Gesamtverzeichnis der griechischen Papyrusurkunden Ägyptens. This work is licensed under a Creative Commons Attribution 3.0 License.,,VIII 503,,,,,,"Vgl. CE 58, 1983, S. 231 f.",,,Papyrus,,,,,,,,Lista di versamenti,Papyrus,http://www.misha.fr/papyrus_bipab/pages_html/P_Vat_Aphrod_12...,,,,,,,,"  ⳨ γνῶσις με̣ρ̣[ί]δ̣ος στρατιωτ(ῶν) 
πρώτῃ καταβολ(ῇ) νο(μίσματα) ϛ  
τευτερ(*) καβο̣λ(*) νο(μίσματα) β κ(εράτια) ιε  
⁦ vac. ? ⁩  
ἀφʼ (ὧν) οὕ(τως) 
5οἴ(νου) ἀγγ(εῖα) υν ἑ̣ξαξεστ(ίαια) 
δ(ιὰ) Ἐνώχ(*) κριθ(ῆς) ἀρ(τάβαι) ξϛ  
δ(ιὰ) Βίκτωρ(*) κρ[ιθ(ῆς) ἀρ](τάβαι) λ  
δ(ιὰ) Ἰ(*)ωάννου Βί̣[κτορος κ]ρ̣ιθ(ῆς) <ἀρ(τάβαι)> λ  
δ(ιὰ) τῆς γυνηκ(ὸς)(*) ἀράκ̣(ου) ἀρ(τάβαι) ιη  
10προσκεφάλαι(ον) α [ν]ο̣(μίσματα) β κ(εράτια) ϛ  
⁦ vac. ? ⁩  
† (καὶ) επρητεν̣[  ̣  ̣  ̣  ̣]  ̣ κτ̣ῆ̣μα 
ἔλαβ(ον) οἴ(νου) ἀγγ(εῖα) [  ̣]δ ἑξαξεστ(ίαια) ","  ⳨ γνῶσις με̣ρ̣ίδ̣ος στρατιωτῶν 
πρώτῃ καταβολῇ νομίσματα ϛ  
τευτερ καβο̣λ νομίσματα β κεράτια ιε  
⁦ vac. ? ⁩  
ἀφʼ ὧν οὕτως 
5οἴνου ἀγγεῖα υν ἑ̣ξαξεστίαια 
διὰ Ἐνώχ κριθῆς ἀρτάβαι ξϛ  
διὰ Βίκτωρ κριθῆς ἀρτάβαι λ  
διὰ Ἰωάννου Βί̣κτορος κρ̣ιθῆς ἀρτάβαι λ  
διὰ τῆς γυνηκὸς ἀράκ̣ου ἀρτάβαι ιη  
10προσκεφάλαιον α νο̣μίσματα β κεράτια ϛ  
⁦ vac. ? ⁩  
† καὶ επρητεν̣  ̣  ̣  ̣  ̣  ̣ κτ̣ῆ̣μα 
ἔλαβον οἴνου ἀγγεῖα   ̣δ ἑξαξεστίαια ","38.0128029284,23.6159025982",38.0128029284,23.6159025982,26.220404026596004,7.416682995057144,1
396,,,© Heidelberger Gesamtverzeichnis der griechischen Papyrusurkunden Ägyptens. This work is licensed under a Creative Commons Attribution 3.0 License.,,,,,Aphrodites Kome,,,,,X 234; XI 235,,Papyrus,,"SB 20 15202 (Rupprecht, Hans-Albert / Hengstl, Joachim; 1997) = P. Vat. Aphrod. 9 (Pintaudi, Rosario / ; 1980) = ZPE 94 (1992), p. 170- (Kruit, Nico / ; 1992)",Weinlieferungskauf,,,,Papyrus,,http://www.misha.fr/papyrus_bipab/pages_html/P_Vat_Aphrod_9....,mentioned people,Kauf (Lieferung); Wein,,,,,"Rome, Vatican, Biblioteca del Vaticano Gr. 32",,,,,,"Egypt, U10a - Aphrodito (Kom Ishgau)[found & written]",,,,"AD 500 - 599 (cf. Fournet, 2013 (forthcoming))",,,,,,,,,,mentioned places,,Greek,P.Vatic. Aphrod. Tav. VII,,,,,,Phoibammon son of Triadelphos,,,,P.Vatic. Aphrod. Tav. VII,,1. Hälfte VI,P.Vatic. Aphrod. 9,Kauf (Lieferung); Wein,,Aphrodites Kome (Antaiopolites),,,,,,,,,,,© Heidelberger Gesamtverzeichnis der griechischen Papyrusurkunden Ägyptens. This work is licensed under a Creative Commons Attribution 3.0 License.,,X 234; XI 235,,,,,,,,,Papyrus,,,,,,,,Weinlieferungskauf,Papyrus,http://www.misha.fr/papyrus_bipab/pages_html/P_Vat_Aphrod_9....,,,,,,,,"  † [⁦ -ca.?- ⁩] 
  ̣  ̣  ̣[⁦ -ca.?- ⁩] 
ε  ̣  ̣  ̣κ[⁦ -ca.?- ⁩] 
Μ̣ε̣χ̣[εὶρ ⁦ -ca.?- ⁩] 
5Αὐρήλιο̣ς̣ [Ἰωάννης ⁦ -ca.?- ⁩ μητρός ⁦ -ca.?- ⁩] 
ἀπὸ κώμ̣[ης Ἀφροδ(ίτης) τοῦ Ἀνταιοπολίτου νομοῦ] 
Αὐρηλίῳ Κ̣υρ[ίλλῳ (?)⁦ -ca.?- ⁩ ἀπὸ τῆς] 
αὐτῆς κώμη̣[ς χαίρειν. ὁμολογῶ ἐσχηκέναι] 
καὶ πεπληρ[ῶσθαι παρὰ σοῦ τῆς τελείας τιμῆς] 
10οἴνου γλεύκ(ους) [κνιδίων ἑκατὸν τεσσεράκοντα] 
γί(νεται) οἴν(ου) γλεύκ(ους) κ[ν(ίδια) ρμ καὶ ταὐτα ἑτοίμως ἔχω] 
παρασχεῖν σο[ι ἐν τῷ καιρῷ τῆς τρύγης] 
τῆς σου θεῷ [μελλούσης  -1-2-  ἰνδικ(τίονος)] 
μεγάλῳ μέτ̣ρ̣[ῳ ⁦ -ca.?- ⁩ ἐν] 
15τοῖς καινοῖ̣[ς κούφοις ⁦ -ca.?- ⁩] 
ε  ̣[  ̣]  ̣  ̣  ̣  ̣  ̣[⁦ -ca.?- ⁩] 
τὸ̣ γρά̣[μμα] τ̣ο̣[ῦτο ἐθέμην σοι εἰς ἀσφάλειαν] 
ἐφʼ ὑπογραφ(ῆς) [ἐμῆς καὶ τῶν ἑξῆς μαρτυρούντων] 
καὶ ἐπερωτηθ(εὶς) ὡμο̣λ[ό]γη[σα. † ⁦ -ca.?- ⁩] 
20(hand 2) Αὐρήλιος Ἰωάν̣νης [⁦ -ca.?- ⁩] 
ὁ προκ(είμενος) συμφωνῖ μ[οι καὶ ἀποδώσω ὡς πρόκ(ειται)] 
(hand 3) Αὐρήλιος Ἀνούφιος [⁦ -ca.?- ⁩] 
μαρτυρῶ τῇ ὀφι[λῇ ἀκούσας παρὰ τοῦ θεμένου. † (hand 4) Αὐρήλιος ] 
Σω̣ρὰκ Κολλούθου παρτυρῶ τ̣[ῇ ὀφιλῇ ἀκ-]
25ούσας παρὰ τοῦ θεμένου. † [(hand 5) Αὐρήλι-]
ος Τεαγ̣(  ) μαρτυρῶ τῇ ὀφιλῇ ἀ[κούσας] 
παρὰ τοῦ θεμένου. † 
(hand 1) † ἐγράφη διʼ ἐμοῦ Ἀβρααμίο[υ ⁦ -ca.?- ⁩] ","  † ⁦ -ca.?- ⁩ 
  ̣  ̣  ̣⁦ -ca.?- ⁩ 
ε  ̣  ̣  ̣κ⁦ -ca.?- ⁩ 
Μ̣ε̣χ̣εὶρ ⁦ -ca.?- ⁩ 
5Αὐρήλιο̣ς̣ Ἰωάννης ⁦ -ca.?- ⁩ μητρός ⁦ -ca.?- ⁩ 
ἀπὸ κώμ̣ης Ἀφροδίτης τοῦ Ἀνταιοπολίτου νομοῦ 
Αὐρηλίῳ Κ̣υρίλλῳ ?⁦ -ca.?- ⁩ ἀπὸ τῆς 
αὐτῆς κώμη̣ς χαίρειν. ὁμολογῶ ἐσχηκέναι 
καὶ πεπληρῶσθαι παρὰ σοῦ τῆς τελείας τιμῆς 
10οἴνου γλεύκους κνιδίων ἑκατὸν τεσσεράκοντα 
γίνεται οἴνου γλεύκους κνίδια ρμ καὶ ταὐτα ἑτοίμως ἔχω 
παρασχεῖν σοι ἐν τῷ καιρῷ τῆς τρύγης 
τῆς σου θεῷ μελλούσης  -1-2-  ἰνδικτίονος 
μεγάλῳ μέτ̣ρ̣ῳ ⁦ -ca.?- ⁩ ἐν 
15τοῖς καινοῖ̣ς κούφοις ⁦ -ca.?- ⁩ 
ε  ̣  ̣  ̣  ̣  ̣  ̣  ̣⁦ -ca.?- ⁩ 
τὸ̣ γρά̣μμα τ̣ο̣ῦτο ἐθέμην σοι εἰς ἀσφάλειαν 
ἐφʼ ὑπογραφῆς ἐμῆς καὶ τῶν ἑξῆς μαρτυρούντων 
καὶ ἐπερωτηθεὶς ὡμο̣λόγησα. † ⁦ -ca.?- ⁩ 
20hand 2 Αὐρήλιος Ἰωάν̣νης ⁦ -ca.?- ⁩ 
ὁ προκείμενος συμφωνῖ μοι καὶ ἀποδώσω ὡς πρόκειται 
hand 3 Αὐρήλιος Ἀνούφιος ⁦ -ca.?- ⁩ 
μαρτυρῶ τῇ ὀφιλῇ ἀκούσας παρὰ τοῦ θεμένου. † hand 4 Αὐρήλιος  
Σω̣ρὰκ Κολλούθου παρτυρῶ τ̣ῇ ὀφιλῇ ἀκ-
25ούσας παρὰ τοῦ θεμένου. † hand 5 Αὐρήλι-
ος Τεαγ̣   μαρτυρῶ τῇ ὀφιλῇ ἀκούσας 
παρὰ τοῦ θεμένου. † 
hand 1 † ἐγράφη διʼ ἐμοῦ Ἀβρααμίου ⁦ -ca.?- ⁩ ","38.0128029284,23.6159025982",38.0128029284,23.6159025982,26.220404026596004,7.416682995057144,1
