Unnamed: 0,Condition (HGV),Author (HGV),License (HGV),Culture (HGV),Script Type (HGV),Previous Edition (HGV),Preservation (HGV),Origin (HGV),Catalog(s) (HGV),Work (HGV),Summary (HGV),Recto/Verso (HGV),Post-Concordance BL Entries (HGV),Genre (HGV),Material (HGV),Support Dimensions (HGV),Publications (HGV),Title (HGV),Translations (HGV),Support Material (HGV),Note (general) (HGV),Support/Dimensions (HGV),Reuse Type (HGV),Images (HGV),People (HGV),Subjects (HGV),Hands (HGV),Commentary (HGV),General Notes (HGV),Place Stored (Ancient) (HGV),Inv. no. (HGV),Principal Edition (HGV),Lines (HGV),Citations (HGV),Availability (HGV),palaeo (HGV),Provenance (HGV),Religion (HGV),catalogue (HGV),Partial Edition (HGV),Date (HGV),translation (HGV),study (HGV),Reference Edition (HGV),Fragments (HGV),reference (HGV),Associated Names (HGV),Works (HGV),Inv. Id (HGV),Form and Layout (HGV),Places (HGV),illustration (HGV),Language (HGV),Print Illustrations (HGV),Note (local/note) (HGV),Note (related) (HGV),Content (HGV),Readings (HGV),Mentioned Dates (HGV),Archive (HGV),Fragments (Tris),General Notes (Tris),Genre (Tris),Print Illustrations (Tris),Reuse Type (Tris),Date (Tris),Publications (Tris),Subjects (Tris),illustration (Tris),Origin (Tris),Translations (Tris),Reference Edition (Tris),Partial Edition (Tris),Support Dimensions (Tris),Provenance (Tris),Availability (Tris),Work (Tris),Content (Tris),Form and Layout (Tris),catalogue (Tris),License (Tris),Previous Edition (Tris),Post-Concordance BL Entries (Tris),Support Material (Tris),Principal Edition (Tris),Citations (Tris),People (Tris),translation (Tris),Commentary (Tris),Inv. Id (Tris),Place Stored (Ancient) (Tris),Support/Dimensions (Tris),Script Type (Tris),Culture (Tris),Catalog(s) (Tris),Mentioned Dates (Tris),study (Tris),palaeo (Tris),Readings (Tris),Title (Tris),Material (Tris),Images (Tris),Religion (Tris),Works (Tris),Language (Tris),Inv. no. (Tris),Places (Tris),Archive (Tris),reference (Tris),text,cleanText,Coordinates,Latitude,Longitude,relLat,relLong,Cluster
3,,,© Heidelberger Gesamtverzeichnis der griechischen Papyrusurkunden Ägyptens. This work is licensed under a Creative Commons Attribution 3.0 License.,,,,,Ptolemais Euergetis,,,,,,,Papyrus,,"BGU 2 667 (Krebs, Friedrich (Fritz); 1898)",keiner,,,,Papyrus,,http://berlpap.smb.museum/02333/...,mentioned people,Vertrag; Kauf; Haus,,,,,"Berlin, Staatliche Museen P. 7932",,,,,,"Egypt, 00d - Krokodilopolis (Medinet el-Fayum)[written]; Egypt, 00 - Arsinoites (Fayum)[found]",,,,AD 222,,,,,,,,,,mentioned places,,Greek,,,,,,,,,,,,,222,BGU 2 667,Vertrag; Kauf; Haus,,Ptolemais Euergetis (Arsinoites),,,,,,,,,,,© Heidelberger Gesamtverzeichnis der griechischen Papyrusurkunden Ägyptens. This work is licensed under a Creative Commons Attribution 3.0 License.,,,,,,,,,,,Papyrus,,,,,,,,keiner,Papyrus,http://berlpap.smb.museum/02333/...,,,,,,,,"  [ἔτους   ̣ Αὐτοκράτορος Καίσαρος Μάρκο]υ Αὐ[ρ]ηλίου Ἀν[τω]νίνου Εὐσ[ε]βοῦ[ς Εὐτ]υχοῦς καὶ Μάρκου
                              Αὐρηλίου Ἀλεξάνδρο[υ] Καίσαρος 
[Σεβαστῶν ⁦ -ca.?- ⁩ ἐν Πτο]λεμαίδ[ι Εὐεργ]έτι[δ]ι(*) τοῦ Ἀρσινο[είτου] ν[ο]μοῦ. ὁμολογεῖ Αὐρηλία Θερμουθά[ρ]ιον ἀφῆ-
[λιξ μετὰ κυρίου καὶ ἐπιτρόπου κατὰ τοὺς νόμους τοῦ πατρὸς ⁦ -ca.?- ⁩(*)  ̣  ̣] μ[η]τρ[ὸς Θ]ερμούθεως [ἀ]πὸ κώμης Φυλακιτικῆς(*) Νήσου 
[- ca.25 -] ὑπὸ τρίχα Αὐρηλί[ῳ Σ]οκμήνει Ἡρᾶ μητρὸς Σουμήιτος ἀπὸ τῆς προκι-
5[μένης κώμης - ca.15 -]  ̣  ̣  ̣[  ̣  ̣  ̣  ̣  ̣  ̣  ̣]ματι ποδ[ὸς] δεξιοῦ π[ε]πρακέναι αὐτῷ τὴν ὁμολογοῦσαν Θερμου-
[θάριον κατὰ τήνδε τὴν ὁμολογίαν καὶ(*) διὰ τῆς τῶν ἐ]νκτήσεων βιβλιοθήκης ἀπ[ὸ τῆς] προγεγραμμένης ἡμέρας ἐπὶ τὸν ἅπαντα 
[χρόνον τὴν ὑπάρχουσαν αὐτῇ ἐν κώμῃ Φυ]λακιτικῇ Νήσῳ οἰκίαν ἐπὶ τοῖς [οὖ]σι αὐτῆς
                              μέτροις καὶ πηχισμοῖς καὶ θεμελί[οις] 
[καὶ τείχεσι καὶ φωσφορίοις καὶ εἰσόδοις καὶ ἐξόδοις καὶ ταῖς ἄλλ]αῖς(*) χρήσεσι καὶ δικαίοις πᾶ[σ]ι κατὰ [τὴ]ν ἐξ ἀρχῆς καὶ μέχρι τοῦ νῦν συνήθι̣α̣ν̣(*)  
[- ca.14 - γείτονες νότου ψιλὸς] τόπος, βορρᾶ ῥύμη, ἐν ᾗ ἐστιν ἴ(*)σο[δο]ς(*) καὶ ἔξοδος, ἀπηλιώτου Παβετᾶ καὶ Σαραπί-
10[ωνος οἰκία, λιβὸς - ca.15 - οἰκί]α ?, καὶ ἀπέχειν τὴν ὁμολογοῦσαν Θερμουθάριον διὰ τοῦ πατρὸς {ς} Ἑρμῆ παρὰ 
[Σοκμήνεως τὴν συμπεφωνημένην τιμὴν πᾶσα]ν ἐκ πλήρους ἀργυρίου δραχμ[ῶ]ν [ὀ]κτακοσίων
                              παραχρῆμα διὰ χειρὸς καὶ βε-
[βαιώσειν τὴν ὁμολογοῦσαν Θερμουθάριον τῷ Σ]οκμήνει καὶ τοῖς παρʼ αὐτοῦ τὴν αὐτὴν
                              οἰκίαν πάσῃ βεβαιώσι(*) ἣν καὶ παρέ-
[ξεται αὐτῷ ἀνέπαφον καὶ ἀνεπιδάνειστο]ν(*) καὶ καθαρὸν(*) ἀπὸ παντὸς ὀφιλήματος(*) ἀπὸ μὲν λαογραφιῶν τῶν ἐν αὐτῷ 
[φανησομένων ἀπογεγρ(άφθαι) μέχρι ἑτέρας](*)[ κατʼ οἰκίαν ἀπ]ογραφῆς, ἀπὸ δὲ ἰ(*)διωτικ[ῶ]ν καὶ πάσης ἐνποιήσεως ἐπὶ τὸν ἅπαντα χρό-
15[νον καὶ μηδένα κωλύειν αὐτὸν μηδὲ τοὺς παρʼ α]ὐτοῦ κυριεύοντας τῆς αὐτῆς οἰκίας καὶ
                              τὰ ἐξ αὐτῆς ἀπὸ τοῦ νῦν περιγι-
[νομένα ἀποφέρεσθαι εἰς τὸ ἴδιον καὶ ἐξαλλοτ]ριοῦντας(*) καὶ διοικοῦντας καὶ [ο]ἰκονομοῦντας περὶ αὐτῆς ὅτι ἂν αἱρῆται ἀνεμ-
[ποδίστως. εἰ δέ τι τούτων παραβῇ ἡ(*) Θερμο]υθάριον ἐκτίσει τῷ Σοκμήν[ει] τὴν τιμὴν μεθʼ ἡμιολείας(*) καὶ τὰ τέλη 
[καὶ ἐπιτίμου ἀργ(υρίου) (δραχμὰς)]   ̣  ̣  ̣(*)[ καὶ εἰς τὸ δημόσιον τὰς ἴ]σας χωρὶς τοῦ καὶ τὰ πρ[ογ]εγραμμένα μένιν(*) κύρια, περὶ δὲ τοῦ ταῦτα 
[οὕτως ὀρθῶς καλῶς γεγονέναι ἐπερωτηθεὶς ὁ πατὴ]ρ(*) Ἡρωνᾶς ὑ(*)πὸ τοῦ Σ[οκμ]ήνεως ὡμολόγησεν. (hand 2) ὑπογρ(αφεὺς) τοῦ {τοῦ} Ἡρωνᾶ 
20[- ca.28 - ἀπ]ὸ ἀμφόδ(ου) Ἀ[πολ]λω[νίο]υ Παρεμβαλῆς ὡς (ἐτῶν) μβ̣ ο̣ὐ̣λ̣(ὴ) β̣ήμ̣(ατι)(*) ποδ(ὸς) δεξ(ιοῦ) 
(hand 3) [⁦ -ca.?- ⁩] ἀφῆλιξ μετὰ κυρίου καὶ(*) ἐπιτρόπου κατὰ τοὺς ν[όμ]ους τοῦ πατρὸς Αὐρηλίου Ἡρων-
[ᾶ - ca.27 - Σο]κμήνι τὴν ἐν κώμῃ Φυλακιτικῇ οἰκίαν̣ αιγι̣  ̣  ̣[  ̣]ε̣ιδ̣ι καὶ̣ 
[- ca.28 - ἀρ]γυρίου δραχμ[ὰ]ς ὀκτακοσίας διὰ χιρὸς(*) καὶ βεβαιώσω 
[- ca.33 -]  ̣  ̣  ̣  ̣ Ἀμ[μων]ίου ἤγραψα(*) ὑπὲρ αὐτοῦ ἀγρα⟦μ-|μάτου](*) (hand 4) [- ca.25 - Φυ]λ̣α̣κ̣ι̣τ̣ι̣κ̣ῇ̣ Νή[σ]ῳ οἰκίας τιμῆς δραχμῶν ὀκτακοσ[ί]ων 
[- ca.23 -γραμμα(?)]τεύσαντο̣ς τῆς Ἀρσινοϊ(*)τῶν πόλεως ἔγρα(ψα) ὑ(*)πὲρ αὐτοῦ ἀγρ[αμ]μά[τ]ου. ","  ἔτους   ̣ Αὐτοκράτορος Καίσαρος Μάρκου Αὐρηλίου Ἀντωνίνου Εὐσεβοῦς Εὐτυχοῦς καὶ Μάρκου
                              Αὐρηλίου Ἀλεξάνδρου Καίσαρος 
Σεβαστῶν ⁦ -ca.?- ⁩ ἐν Πτολεμαίδι Εὐεργέτιδι τοῦ Ἀρσινοείτου νομοῦ. ὁμολογεῖ Αὐρηλία Θερμουθάριον ἀφῆ-
λιξ μετὰ κυρίου καὶ ἐπιτρόπου κατὰ τοὺς νόμους τοῦ πατρὸς ⁦ -ca.?- ⁩  ̣  ̣ μητρὸς Θερμούθεως ἀπὸ κώμης Φυλακιτικῆς Νήσου 
- ca.25 - ὑπὸ τρίχα Αὐρηλίῳ Σοκμήνει Ἡρᾶ μητρὸς Σουμήιτος ἀπὸ τῆς προκι-
5μένης κώμης - ca.15 -  ̣  ̣  ̣  ̣  ̣  ̣  ̣  ̣  ̣  ̣ματι ποδὸς δεξιοῦ πεπρακέναι αὐτῷ τὴν ὁμολογοῦσαν Θερμου-
θάριον κατὰ τήνδε τὴν ὁμολογίαν καὶ διὰ τῆς τῶν ἐνκτήσεων βιβλιοθήκης ἀπὸ τῆς προγεγραμμένης ἡμέρας ἐπὶ τὸν ἅπαντα 
χρόνον τὴν ὑπάρχουσαν αὐτῇ ἐν κώμῃ Φυλακιτικῇ Νήσῳ οἰκίαν ἐπὶ τοῖς οὖσι αὐτῆς
                              μέτροις καὶ πηχισμοῖς καὶ θεμελίοις 
καὶ τείχεσι καὶ φωσφορίοις καὶ εἰσόδοις καὶ ἐξόδοις καὶ ταῖς ἄλλαῖς χρήσεσι καὶ δικαίοις πᾶσι κατὰ τὴν ἐξ ἀρχῆς καὶ μέχρι τοῦ νῦν συνήθι̣α̣ν̣  
- ca.14 - γείτονες νότου ψιλὸς τόπος, βορρᾶ ῥύμη, ἐν ᾗ ἐστιν ἴσοδος καὶ ἔξοδος, ἀπηλιώτου Παβετᾶ καὶ Σαραπί-
10ωνος οἰκία, λιβὸς - ca.15 - οἰκία ?, καὶ ἀπέχειν τὴν ὁμολογοῦσαν Θερμουθάριον διὰ τοῦ πατρὸς {ς} Ἑρμῆ παρὰ 
Σοκμήνεως τὴν συμπεφωνημένην τιμὴν πᾶσαν ἐκ πλήρους ἀργυρίου δραχμῶν ὀκτακοσίων
                              παραχρῆμα διὰ χειρὸς καὶ βε-
βαιώσειν τὴν ὁμολογοῦσαν Θερμουθάριον τῷ Σοκμήνει καὶ τοῖς παρʼ αὐτοῦ τὴν αὐτὴν
                              οἰκίαν πάσῃ βεβαιώσι ἣν καὶ παρέ-
ξεται αὐτῷ ἀνέπαφον καὶ ἀνεπιδάνειστον καὶ καθαρὸν ἀπὸ παντὸς ὀφιλήματος ἀπὸ μὲν λαογραφιῶν τῶν ἐν αὐτῷ 
φανησομένων ἀπογεγράφθαι μέχρι ἑτέρας κατʼ οἰκίαν ἀπογραφῆς, ἀπὸ δὲ ἰδιωτικῶν καὶ πάσης ἐνποιήσεως ἐπὶ τὸν ἅπαντα χρό-
15νον καὶ μηδένα κωλύειν αὐτὸν μηδὲ τοὺς παρʼ αὐτοῦ κυριεύοντας τῆς αὐτῆς οἰκίας καὶ
                              τὰ ἐξ αὐτῆς ἀπὸ τοῦ νῦν περιγι-
νομένα ἀποφέρεσθαι εἰς τὸ ἴδιον καὶ ἐξαλλοτριοῦντας καὶ διοικοῦντας καὶ οἰκονομοῦντας περὶ αὐτῆς ὅτι ἂν αἱρῆται ἀνεμ-
ποδίστως. εἰ δέ τι τούτων παραβῇ ἡ Θερμουθάριον ἐκτίσει τῷ Σοκμήνει τὴν τιμὴν μεθʼ ἡμιολείας καὶ τὰ τέλη 
καὶ ἐπιτίμου ἀργυρίου δραχμὰς   ̣  ̣  ̣ καὶ εἰς τὸ δημόσιον τὰς ἴσας χωρὶς τοῦ καὶ τὰ προγεγραμμένα μένιν κύρια, περὶ δὲ τοῦ ταῦτα 
οὕτως ὀρθῶς καλῶς γεγονέναι ἐπερωτηθεὶς ὁ πατὴρ Ἡρωνᾶς ὑπὸ τοῦ Σοκμήνεως ὡμολόγησεν. hand 2 ὑπογραφεὺς τοῦ {τοῦ} Ἡρωνᾶ 
20- ca.28 - ἀπὸ ἀμφόδου Ἀπολλωνίου Παρεμβαλῆς ὡς ἐτῶν μβ̣ ο̣ὐ̣λ̣ὴ β̣ήμ̣ατι ποδὸς δεξιοῦ 
hand 3 ⁦ -ca.?- ⁩ ἀφῆλιξ μετὰ κυρίου καὶ ἐπιτρόπου κατὰ τοὺς νόμους τοῦ πατρὸς Αὐρηλίου Ἡρων-
ᾶ - ca.27 - Σοκμήνι τὴν ἐν κώμῃ Φυλακιτικῇ οἰκίαν̣ αιγι̣  ̣  ̣  ̣ε̣ιδ̣ι καὶ̣ 
- ca.28 - ἀργυρίου δραχμὰς ὀκτακοσίας διὰ χιρὸς καὶ βεβαιώσω 
- ca.33 -  ̣  ̣  ̣  ̣ Ἀμμωνίου ἤγραψα ὑπὲρ αὐτοῦ ἀγρα⟦μ-|μάτου hand 4 - ca.25 - Φυλ̣α̣κ̣ι̣τ̣ι̣κ̣ῇ̣ Νήσῳ οἰκίας τιμῆς δραχμῶν ὀκτακοσίων 
- ca.23 -γραμμα?τεύσαντο̣ς τῆς Ἀρσινοϊτῶν πόλεως ἔγραψα ὑπὲρ αὐτοῦ ἀγραμμάτου. ","29.3149635,30.8399565",29.3149635,30.8399565,31.855166070000003,15.493248178571427,15
17,,,© Heidelberger Gesamtverzeichnis der griechischen Papyrusurkunden Ägyptens. This work is licensed under a Creative Commons Attribution 3.0 License.,,,,,Ptolemais Euergetis,,,,,,,Papyrus,,"BGU 13 2332 (Brashear, William Matt; 1976) = P. Berl. Brashear 15 (Brashear, William Matt; 1973)",Sale with Advance Payment,,,,Papyrus,,http://berlpap.smb.museum/04716/...,mentioned people,Vertrag; Kauf; Wein; Geld; Vorauszahlung,,,,,"Berlin, Staatliche Museen P. 21633",,,,,,"Egypt, 00d - Krokodilopolis (Medinet el-Fayum)[written]; Egypt, 00 - Arsinoites (Fayum)[found]",,,,AD 374 Nov 12,,,,,,,,,,mentioned places,,Greek,,,,,,,,,,,,,12. Nov. 374,P.Berl. Brash. 15,Vertrag; Kauf; Wein; Geld; Vorauszahlung,,Ptolemais Euergetis (Arsinoites),,,,,,,,,,,© Heidelberger Gesamtverzeichnis der griechischen Papyrusurkunden Ägyptens. This work is licensed under a Creative Commons Attribution 3.0 License.,,,,,,,,,,,Papyrus,,,,,,,,Sale with Advance Payment,Papyrus,http://berlpap.smb.museum/04716/...,,,,,,,,"  ὑπατείας δεσποτ(ῶν) ἡμῶν Γρατιανο̣ῦ̣ τοῦ Αὐ̣γούστου γ  
(καὶ) Φλ(αουίου) Ἐκυθίου τοῦ προτάτου(*) κόμιτος Ἁθὺρ ιϛ  
Αὐρήλιος Ὅ̣λ Παθινίου μητρὸς 
Ἀγώρας ἀπ[ὸ] τῆς Ἀρσινοιτῶν πόλεως 
5καταμένων ἐν ἐποικίου(*) Ἀλεξαρου(*)  
Φλαουίου(*) Ἀδελφίου(*) σπεκουλάτωρι(*)  
τάξεως ἡγεμωνίας(*) Ἀγουσταμνικῆς(*)  
χαίρειν· ὁμολογῶ κατὰ τήνδε τὴν 
ἀσφάλιαν(*) ἐσχεκήναι(*) παρὰ σοῦ διὰ χιρὸς(*)  
10ἀργυρίου ταλαταν(*) μυριάδαν(*) μίαν δισχίλει(*)  
ὄν[τα εἰς τ]ι̣μ̣ὴν οἴνου ἐντο[π]ίου 
εὐαρέστο̣υ τῆ[ς ἐ]π̣ὶ̣ τοῦ κερο[ῦ](*) φα̣ν̣ησο̣μ̣έ̣ν̣(ης) 
τιμῆς κουφιζ̣ωμε̣νυν(*) τον(*) τρ̣ι̣τον(*)· 
καὶ ἐπάνα[γ]κ̣ον τὴν ἀπόδωσιν(*)  
15σοι ποιήσω μηνὶ Μεσωρή(*) τῆς εἰσιος(*)  
τετάρτης νέας ἰνδικτίονος 
ἀνυπερθέτος(*) καὶ ἐπὶ τῆς ἀπαιτήσεως 
γινομένη<ς> σου(*) τῆς πράξεως ἐκ τʼ ἐμοῦ 
τοῦ ὁμολογοῦντος καὶ ἐκ {εκ} τον(*) ὑπαρχον-
20το(*) μου(*) πάντον(*) καθάπερ ἐγ(*) δίκης· 
καὶ ἐπερωτηθὶς(*) ὁμολόγησα(*)· 
Αὐρήλιος Ὅλ ὁ προκιμεν(*) ὁμολογῶ ἐσχη<κ>έναι 
τα̣ς̣(*) τοῦ ἀργυρίου̣ ταλάντων μυ̣ριαν(*)  
μίαν δισχί[λι]αι(*) ὄντα εἰς τιμὴν οἴνου κουφ(ιζομένην) 
25των(*) τριτων(*) καὶ ἀποδώσω ὡς πρόκειται· Αὐρήλιος 
Ἥρων Δίου ἐραψα(*) ὑπὲρ αὐτοῦ̣ φάσκο(ντος)   ̣  ̣  ̣  ̣  ","  ὑπατείας δεσποτῶν ἡμῶν Γρατιανο̣ῦ̣ τοῦ Αὐ̣γούστου γ  
καὶ Φλαουίου Ἐκυθίου τοῦ προτάτου κόμιτος Ἁθὺρ ιϛ  
Αὐρήλιος Ὅ̣λ Παθινίου μητρὸς 
Ἀγώρας ἀπὸ τῆς Ἀρσινοιτῶν πόλεως 
5καταμένων ἐν ἐποικίου Ἀλεξαρου  
Φλαουίου Ἀδελφίου σπεκουλάτωρι  
τάξεως ἡγεμωνίας Ἀγουσταμνικῆς  
χαίρειν· ὁμολογῶ κατὰ τήνδε τὴν 
ἀσφάλιαν ἐσχεκήναι παρὰ σοῦ διὰ χιρὸς  
10ἀργυρίου ταλαταν μυριάδαν μίαν δισχίλει  
ὄντα εἰς τι̣μ̣ὴν οἴνου ἐντοπίου 
εὐαρέστο̣υ τῆς ἐπ̣ὶ̣ τοῦ κεροῦ φα̣ν̣ησο̣μ̣έ̣ν̣ης 
τιμῆς κουφιζ̣ωμε̣νυν τον τρ̣ι̣τον· 
καὶ ἐπάναγκ̣ον τὴν ἀπόδωσιν  
15σοι ποιήσω μηνὶ Μεσωρή τῆς εἰσιος  
τετάρτης νέας ἰνδικτίονος 
ἀνυπερθέτος καὶ ἐπὶ τῆς ἀπαιτήσεως 
γινομένης σου τῆς πράξεως ἐκ τʼ ἐμοῦ 
τοῦ ὁμολογοῦντος καὶ ἐκ {εκ} τον ὑπαρχον-
20το μου πάντον καθάπερ ἐγ δίκης· 
καὶ ἐπερωτηθὶς ὁμολόγησα· 
Αὐρήλιος Ὅλ ὁ προκιμεν ὁμολογῶ ἐσχηκέναι 
τα̣ς̣ τοῦ ἀργυρίου̣ ταλάντων μυ̣ριαν  
μίαν δισχίλιαι ὄντα εἰς τιμὴν οἴνου κουφιζομένην 
25των τριτων καὶ ἀποδώσω ὡς πρόκειται· Αὐρήλιος 
Ἥρων Δίου ἐραψα ὑπὲρ αὐτοῦ̣ φάσκοντος   ̣  ̣  ̣  ̣  ","29.3149635,30.8399565",29.3149635,30.8399565,31.855166070000003,15.493248178571427,15
40,,,© Heidelberger Gesamtverzeichnis der griechischen Papyrusurkunden Ägyptens. This work is licensed under a Creative Commons Attribution 3.0 License.,,,,,Ptolemais Euergetis,,,,,,,Papyrus,,"CPR 1 175 (Wessely, Carl; 1895)",keiner,,,,Papyrus,,http://data.onb.ac.at/rec/RZ00010306...,mentioned people,Vertrag; Kauf; Land,,"Gehört zum Dossier des Aphrodisios, S. d. Didymos; vgl. CPR XXIII 6,5 Anm. Zur Datierung vgl. ebenda.",,,"Vienna, Nationalbibliothek G 12379; . formerly: Vienna, Nationalbibliothek VN 1065",,,,,,"Egypt, 00d - Krokodilopolis (Medinet el-Fayum)[written]; Egypt, 00 - Arsinoites (Fayum)[found]",,,,AD 190 about,,,,,,,,,,mentioned places,,Greek,,,,,,,Aphrodisios son of Didymos,,,,,,ca. 190,CPR 1 175,Vertrag; Kauf; Land,,Ptolemais Euergetis (Arsinoites),,,,,,,,,,,© Heidelberger Gesamtverzeichnis der griechischen Papyrusurkunden Ägyptens. This work is licensed under a Creative Commons Attribution 3.0 License.,,,,,,,,"Gehört zum Dossier des Aphrodisios, S. d. Didymos; vgl. CPR XXIII 6,5 Anm. Zur Datierung vgl. ebenda.",,,Papyrus,,,,,,,,keiner,Papyrus,http://data.onb.ac.at/rec/RZ00010306...,,,,,,,,"  [⁦ -ca.?- ⁩ Εὐσεβο]ῦς Εὐτυχοῦς Σεβ[αστοῦ   ̣  ̣  ̣]ου μηνὶ Καισαρείῳ ― 
[⁦ -ca.?- ⁩ ἐν Πτολ]εμαίδι Εὐεργέτιδι [τοῦ Ἀρσινοίτου] νομοῦ. ὁμολογεῖ 
[⁦ -ca.?- ⁩] ὡς ἐτῶν [⁦ -ca.?- ⁩ οὐλὴ] ἀντικνημίῳ δεξιῷ ― 
[⁦ -ca.?- ⁩ ὡς ἐτῶν εἴκο]σι τριῶν ἄ[σημ]ον μ[ετὰ κυρίου τ]οῦ ἀνδρὸς Ἀφροδι[σίου] 
5[⁦ -ca.?- ⁩ Ἰσαρίῳ τῇ καὶ Σ]αραπιάδι κατὰ τήνδε [τὴν ὁμολογία]ν(*) καὶ διὰ τῆς τῶν 
[ἐγκτήσεων βιβλιοθήκης ⁦ -ca.?- ⁩ μεταλημψομ]ένοις(*) εἰς μετεπιγραφὴν [ἀπὸ] τ[οῦ] νῦν ἐπὶ τὸν ἅπαντα 
[χρόνον ⁦ -ca.?- ⁩] Ἔξω Ψεῦρ ἥμισυ μέρ[ος κοι]νὸν καὶ ἀδιαίρετον κλήρου ― 
[κατοικικοῦ(*) ⁦ -ca.?- ⁩] ἐπὶ τοῦ περὶ αὐτῶν δικάιου [⁦ -ca.?- ⁩](*)  
[κατοικικοῦ ⁦ -ca.?- ⁩]ων γείτονες καθὼς ὁ [ὁμ]ολογῶν ὑπηγόρευσεν πρώτης 
10[σφραγῖδος νότου ⁦ -ca.?- ⁩ κ]λῆρος, βορ[ρᾶ   ̣  ̣  ̣  ̣  ̣]ος μεθʼ ὃν ὑδραγωγός, ἀπηλιώ-
[του ⁦ -ca.?- ⁩] ἐδάφη τρίτης σφραγεῖδος(*) τῶν λοιπῶν ἀρουρῶν τριῶν ἡμί-
[σους ⁦ -ca.?- ⁩] σφραγεῖδος(*) τοῦ ονο[  ̣  ̣  ̣]υ λιβὸς διῶρυξ διʼ ἧς ποτίζεται 
[⁦ -ca.?- ⁩] ἀπηλιώτου [  ̣  ̣  ̣]ρων[  ̣  ̣  ̣] ἐδάφη, λιβὸς ὁ προκείμενος 
[⁦ -ca.?- ⁩]τον καὶ Δίδυμον παρὰ [τῆς] Ἰσαρίου τῆς καὶ Σαραπιάδος 
15[⁦ -ca.?- ⁩]ων ἐννέα τετάρτου καὶ ἐπιβολῆς ἀρούρης ἡμίσους τετάρτο(υ) 
[⁦ -ca.?- ⁩ παρα]χρῆμα διὰ χειρὸς καὶ βεβαιώσιν(*) αὐτόν τε Σκύβαλον 
[καὶ τοὺς παρʼ αὐτοῦ τὸ] πα[ρα]κε[χω]ρημένον αὐτ[ῇ] ὡς πρόκειται ἥμισυ μέρος 
[⁦ -ca.?- ⁩ πάσῃ] βεβαιώσει ὃ καὶ παρέξασθαι [ἀν]έπαφον καὶ ἀνενεχύραστον 
[καὶ καθαρὸν ἀπὸ ⁦ -ca.?- ⁩] ναυβίων καὶ ἀριθμητ[ικῶν] καὶ τειμῆς(*) γῆς καὶ ἑτέρας 
20[οἰκονομίας ⁦ -ca.?- ⁩ ἀπὸ] τοῦ ἔμπροσθεν χρ[όνου μ]έχρι τοῦ διεληλυθότος 
[⁦ -ca.?- ⁩ ἔτους ⁦ -ca.?- ⁩] καὶ μηδένα κωλύοντα Ἰσάριον τὴν καὶ 
[Σαραπιάδα καὶ τοὺς παρʼ αὐτῆς κρατεῖν το]ῦ ἡ[μί]σους μέρους τῶν ἐπὶ τὸ αὐτὸ ἀρουρῶν
                              [  ̣  ̣  ̣  ̣]  ̣  ̣ καὶ τὰς 
[⁦ -ca.?- ⁩ καὶ] οἰκονομοῦντας περὶ αὐτοῦ ὡς [ἐὰν] αἱρῶν-
[ται· ἐὰν δέ τις παραβῇ κα]ταβαλεῖ τὸ παραχωρη[τικὸν] κεφάλ[αιον με]θʼ 
25[ἡμιολίας καὶ ⁦ -ca.?- ⁩ δρα]χμὰς καὶ ἐπιτεί[μου](*) [⁦ -ca.?- ⁩] 
[⁦ -ca.?- ⁩] τούτου ἐφ  ̣  ̣  ̣ε[⁦ -ca.?- ⁩] 
[⁦ -ca.?- ⁩]και[⁦ -ca.?- ⁩] 
(hand 2) Traces 2 lines  
29[⁦ -ca.?- ⁩ δραχμαὶ] διακόσιαι καὶ [⁦ -ca.?- ⁩] ","  ⁦ -ca.?- ⁩ Εὐσεβοῦς Εὐτυχοῦς Σεβαστοῦ   ̣  ̣  ̣ου μηνὶ Καισαρείῳ ― 
⁦ -ca.?- ⁩ ἐν Πτολεμαίδι Εὐεργέτιδι τοῦ Ἀρσινοίτου νομοῦ. ὁμολογεῖ 
⁦ -ca.?- ⁩ ὡς ἐτῶν ⁦ -ca.?- ⁩ οὐλὴ ἀντικνημίῳ δεξιῷ ― 
⁦ -ca.?- ⁩ ὡς ἐτῶν εἴκοσι τριῶν ἄσημον μετὰ κυρίου τοῦ ἀνδρὸς Ἀφροδισίου 
5⁦ -ca.?- ⁩ Ἰσαρίῳ τῇ καὶ Σαραπιάδι κατὰ τήνδε τὴν ὁμολογίαν καὶ διὰ τῆς τῶν 
ἐγκτήσεων βιβλιοθήκης ⁦ -ca.?- ⁩ μεταλημψομένοις εἰς μετεπιγραφὴν ἀπὸ τοῦ νῦν ἐπὶ τὸν ἅπαντα 
χρόνον ⁦ -ca.?- ⁩ Ἔξω Ψεῦρ ἥμισυ μέρος κοινὸν καὶ ἀδιαίρετον κλήρου ― 
κατοικικοῦ ⁦ -ca.?- ⁩ ἐπὶ τοῦ περὶ αὐτῶν δικάιου ⁦ -ca.?- ⁩  
κατοικικοῦ ⁦ -ca.?- ⁩ων γείτονες καθὼς ὁ ὁμολογῶν ὑπηγόρευσεν πρώτης 
10σφραγῖδος νότου ⁦ -ca.?- ⁩ κλῆρος, βορρᾶ   ̣  ̣  ̣  ̣  ̣ος μεθʼ ὃν ὑδραγωγός, ἀπηλιώ-
του ⁦ -ca.?- ⁩ ἐδάφη τρίτης σφραγεῖδος τῶν λοιπῶν ἀρουρῶν τριῶν ἡμί-
σους ⁦ -ca.?- ⁩ σφραγεῖδος τοῦ ονο  ̣  ̣  ̣υ λιβὸς διῶρυξ διʼ ἧς ποτίζεται 
⁦ -ca.?- ⁩ ἀπηλιώτου   ̣  ̣  ̣ρων  ̣  ̣  ̣ ἐδάφη, λιβὸς ὁ προκείμενος 
⁦ -ca.?- ⁩τον καὶ Δίδυμον παρὰ τῆς Ἰσαρίου τῆς καὶ Σαραπιάδος 
15⁦ -ca.?- ⁩ων ἐννέα τετάρτου καὶ ἐπιβολῆς ἀρούρης ἡμίσους τετάρτου 
⁦ -ca.?- ⁩ παραχρῆμα διὰ χειρὸς καὶ βεβαιώσιν αὐτόν τε Σκύβαλον 
καὶ τοὺς παρʼ αὐτοῦ τὸ παρακεχωρημένον αὐτῇ ὡς πρόκειται ἥμισυ μέρος 
⁦ -ca.?- ⁩ πάσῃ βεβαιώσει ὃ καὶ παρέξασθαι ἀνέπαφον καὶ ἀνενεχύραστον 
καὶ καθαρὸν ἀπὸ ⁦ -ca.?- ⁩ ναυβίων καὶ ἀριθμητικῶν καὶ τειμῆς γῆς καὶ ἑτέρας 
20οἰκονομίας ⁦ -ca.?- ⁩ ἀπὸ τοῦ ἔμπροσθεν χρόνου μέχρι τοῦ διεληλυθότος 
⁦ -ca.?- ⁩ ἔτους ⁦ -ca.?- ⁩ καὶ μηδένα κωλύοντα Ἰσάριον τὴν καὶ 
Σαραπιάδα καὶ τοὺς παρʼ αὐτῆς κρατεῖν τοῦ ἡμίσους μέρους τῶν ἐπὶ τὸ αὐτὸ ἀρουρῶν
                                ̣  ̣  ̣  ̣  ̣  ̣ καὶ τὰς 
⁦ -ca.?- ⁩ καὶ οἰκονομοῦντας περὶ αὐτοῦ ὡς ἐὰν αἱρῶν-
ται· ἐὰν δέ τις παραβῇ καταβαλεῖ τὸ παραχωρητικὸν κεφάλαιον μεθʼ 
25ἡμιολίας καὶ ⁦ -ca.?- ⁩ δραχμὰς καὶ ἐπιτείμου ⁦ -ca.?- ⁩ 
⁦ -ca.?- ⁩ τούτου ἐφ  ̣  ̣  ̣ε⁦ -ca.?- ⁩ 
⁦ -ca.?- ⁩και⁦ -ca.?- ⁩ 
hand 2 Traces 2 lines  
29⁦ -ca.?- ⁩ δραχμαὶ διακόσιαι καὶ ⁦ -ca.?- ⁩ ","29.3149635,30.8399565",29.3149635,30.8399565,31.855166070000003,15.493248178571427,15
56,,,© Heidelberger Gesamtverzeichnis der griechischen Papyrusurkunden Ägyptens. This work is licensed under a Creative Commons Attribution 3.0 License.,,,,,Arsinoiton Polis,,,,,; XIII 80,,Papyrus,,"CPR 19 32 (Russ, Andrea; 2004) = Stud. Pal. 20 240 (Wessely, Carl; 1921) = Harrauer, Handbuch der griechischen Paläographie 275 (Harrauer, Hermann; 2010)",Quittung,,,,Papyrus,,http://data.onb.ac.at/rec/RZ00000276...,mentioned people,Quittung; Geld für Rohr; Weinpflanzung,,"Vgl. Harrauer, Paläographie, Textband, S. 476f., Nr. 275.",,,"Vienna, Nationalbibliothek G 2258; Vienna, Nationalbibliothek G 25602; . formerly: Vienna, Nationalbibliothek BC 31",,,,,,"Egypt, 00d - Krokodilopolis (Medinet el-Fayum)[written]; Egypt, 00 - Arsinoites (Fayum)[found]",,,,"AD 622 Dec 29 (year Indictio 11, Tybi 13)",,,,,,,,,,mentioned places,,Greek,"Tafel 25; Harrauer, Paläographie, Tafelband, Abb. 260",,,,,,,,,,"Tafel 25; Harrauer, Paläographie, Tafelband, Abb. 260",,29. Dez. 622,Z. 1-14: SPP XX 240,Quittung; Geld für Rohr; Weinpflanzung,,Arsinoiton Polis,,,,,,,,,,,© Heidelberger Gesamtverzeichnis der griechischen Papyrusurkunden Ägyptens. This work is licensed under a Creative Commons Attribution 3.0 License.,,; XIII 80,,,,,,"Vgl. Harrauer, Paläographie, Textband, S. 476f., Nr. 275.",,,Papyrus,,,,,,,,Quittung,Papyrus,http://data.onb.ac.at/rec/RZ00000276...,,,,,,,,"  † ἐν ὀνόματι τοῦ κυρίου καὶ δεσπότου 
Ἰησοῦ Χριστοῦ τοῦ θεοῦ καὶ σωτῆρος ἡμῶ(ν) 
(hand 2) Τῦβι γ  ἑνδεκάτης ἰ(*)ν(δικτίωνος) ἐν Ἀρ(σινοιτῶν πόλει) 
Φλ(αουίῳ) Μην[ᾷ τ]ῷ ἐνδοξοτ[ά]τῳ στρατηλ[ά]τῃ 
5παγάρχῳ τῆς Ἀρσινοιτῶν {π} καὶ 
Θεοδοσιουπολιτῶν Αὐρήλιος Κοσμᾶς 
ὑμέτερος φροντιστὴς υ(*)ἱὸς τοῦ μακαρίου 
Σαμβᾶ ἀπὸ τῆς αὐτῆς πόλεως ἀπὸ ἀμ-
φόδου Κλεοπατρίου χ(αίρειν). ἔσχον παρὰ τῆς 
10ὑμετέρας ἐνδοξότητος διὰ χειρὸς 
ἐντεῦθεν ἤδη ὑπερ{ι} τιμῆς 
ἀρρενικῶν καλάμων εἰς χρείαν 
καλαμουργίαν(*) τῶν διαφερόντων αὐτῇ 
ἀμπ̣ελ̣ικῶ̣ν χ̣[ω]ρίων κε[ιμ]έ[νων   ̣  ̣  ̣](*)  
15ἐποικίου Ἀνόγης(*) καὶ κώμης Ἡρακλέωνος 
καρπῶν τῆς εἰσιούσης δωδεκάτης ἰν(δικτίωνος) 
ὅ ἐστιν χρυσίου νομισμάτια 
ὀκ[τ]ὼ  ἥμισ[υ] ῥ[υ]παρὰ χρ(υσίου) νο(μισμάτια) η  (ἥμισυ) ῥ(υπαρὰ) 
καὶ πρὸς ὑμετέραν ἀσφάλειαν ταύτην 
20αὐτῇ π̣εποίημαι τὴν ἀπόδειξιν κυρίαν 
οὖσαν καὶ ἐπερ(ωτηθεὶς) ὡμ(ολόγησα) †. (hand 3) Αὐρήλιος 
Κοσμᾶς υ(*)ἱὸς Σαμβᾶ ὁ προκείμε(νος) 
στοι{ι}χεῖ μοι ἡ παροῦσα̣ ἀπόδειξις ὡς πρό-
κε[ι]ται †. 
25(hand 4) † di emu Calom(enas) ((signs)) ","  † ἐν ὀνόματι τοῦ κυρίου καὶ δεσπότου 
Ἰησοῦ Χριστοῦ τοῦ θεοῦ καὶ σωτῆρος ἡμῶν 
hand 2 Τῦβι γ  ἑνδεκάτης ἰνδικτίωνος ἐν Ἀρσινοιτῶν πόλει 
Φλαουίῳ Μηνᾷ τῷ ἐνδοξοτάτῳ στρατηλάτῃ 
5παγάρχῳ τῆς Ἀρσινοιτῶν {π} καὶ 
Θεοδοσιουπολιτῶν Αὐρήλιος Κοσμᾶς 
ὑμέτερος φροντιστὴς υἱὸς τοῦ μακαρίου 
Σαμβᾶ ἀπὸ τῆς αὐτῆς πόλεως ἀπὸ ἀμ-
φόδου Κλεοπατρίου χαίρειν. ἔσχον παρὰ τῆς 
10ὑμετέρας ἐνδοξότητος διὰ χειρὸς 
ἐντεῦθεν ἤδη ὑπερ{ι} τιμῆς 
ἀρρενικῶν καλάμων εἰς χρείαν 
καλαμουργίαν τῶν διαφερόντων αὐτῇ 
ἀμπ̣ελ̣ικῶ̣ν χ̣ωρίων κειμένων   ̣  ̣  ̣  
15ἐποικίου Ἀνόγης καὶ κώμης Ἡρακλέωνος 
καρπῶν τῆς εἰσιούσης δωδεκάτης ἰνδικτίωνος 
ὅ ἐστιν χρυσίου νομισμάτια 
ὀκτὼ  ἥμισυ ῥυπαρὰ χρυσίου νομισμάτια η  ἥμισυ ῥυπαρὰ 
καὶ πρὸς ὑμετέραν ἀσφάλειαν ταύτην 
20αὐτῇ π̣εποίημαι τὴν ἀπόδειξιν κυρίαν 
οὖσαν καὶ ἐπερωτηθεὶς ὡμολόγησα †. hand 3 Αὐρήλιος 
Κοσμᾶς υἱὸς Σαμβᾶ ὁ προκείμενος 
στοι{ι}χεῖ μοι ἡ παροῦσα̣ ἀπόδειξις ὡς πρό-
κειται †. 
25hand 4 † di emu Calomenas signs ","29.3149635,30.8399565",29.3149635,30.8399565,31.855166070000003,15.493248178571427,15
137,,,© Heidelberger Gesamtverzeichnis der griechischen Papyrusurkunden Ägyptens. This work is licensed under a Creative Commons Attribution 3.0 License.,,,,,Ptolemais Euergetis,,,,,VIII 198,,Papyrus,,"P. L. Bat. 6 3 (van Groningen, Bernhard A.; 1950)",Sale of a Vineyard,,,,Papyrus,,http://digibib.ub.uni-giessen.de/cgi-bin/populo/pap.pl?t_all...,mentioned people,Vertrag; Verkauf; Weingarten,,"Zum Ort vgl. BL VIII, S. 198.",,,". formerly: Giessen, Universitätsbibliothek P. Iand. 168",,,,,,"Egypt, 00c - Tebtynis (Umm el-Baragat)[found]; Egypt, 00d - Krokodilopolis (Medinet el-Fayum)[written]",,,,"AD 92 Apr 16 (Domitianus, year 11, Daisios 21 / Pharmouthi 21)",,,,,,,,,,mentioned places,,Greek,,,,,,,Philosarapis son of Lysimachos alias Didymos,,,,,,16. Apr. 92,P.Fam. Tebt. 3,Vertrag; Verkauf; Weingarten,,Ptolemais Euergetis (Arsinoites),,,,,,,,,,,© Heidelberger Gesamtverzeichnis der griechischen Papyrusurkunden Ägyptens. This work is licensed under a Creative Commons Attribution 3.0 License.,,VIII 198,,,,,,"Zum Ort vgl. BL VIII, S. 198.",,,Papyrus,,,,,,,,Sale of a Vineyard,Papyrus,http://digibib.ub.uni-giessen.de/cgi-bin/populo/pap.pl?t_all...,,,,,,,,"  [ἀντίγραφον ὁμολογ]είας(*). (ἔτους) ια Αὐτοκράτορος Καίσαρ̣ος Δομιτιανοῦ 
[Σεβαστοῦ Γερμ]αν̣ικοῦ [μ]ηνὸς Δασίου(*)  κ̣α̣ Φαρμ[ο]ῦθι κα ἐν Πτολεμαείδι 
[Δρυμοῦ τοῦ Ἀ]ρσινοεί[τ]ου νομοῦ. ὁμ[ο]λο[γ]εῖ Ἄρει[ος] Ἀρείου (ἐτῶν) με ο(ὐλὴ) ἀντικ(νημίῳ) δεξ(ιῷ) 
[- ca.11 -]α ὡς (ἐτῶν)   ̣β̣ ο(ὐλὴ) γόνατι ἀριστερῶι μετὰ κυρίου τοῦ ἀνδρὸς ― 
5[- ca.11 -] Λυσιμάχ̣ου τοῦ Διδύμου ὡς (ἐτῶν) λε ο(ὐλὴ) μετόπ(ῳ) ἐκ δεξιῶν ― 
[πεπρακέναι α]ὐτῆι τὸν ὁμολογοῦντα κατὰ τήνδε τὴν ὁμολογείαν(*)  
[ἀπὸ τῆς νῦν ἐπὶ] τὸν ἅπαντα χρόνον τὴν ὑπάρχουσαν αὐτῷ Ἀρείωι 
[- ca.9 - πε]ρὶ Κερκῆσιν τῆς Π[ολ]έμωνος μερίδος γῆς ἀμπελίδιτος(*)  
[ἄρουραν μία]ν̣ ἢ ὁσηι(*) ἐὰν ἦι καὶ πρὸς ταύτηι ἐπιβολῆς ὀγο̣δον(*) ἀρούρης 
10[μετὰ τῶν συνκ]υρόντων̣ πάντων, τοῦ ἐν αὐτῆι ὑποδοχείου κατὰ κοινὸν 
[τοῦ περὶ Κερκ]ῆσιν ἐδ[άφ]ους καὶ π̣ρ̣ὸς ἀναβολῆς καὶ θήρας ἰχθύας πρὸς 
[τὸν γειτνιῶν]τα Ἀμμώνιον διὰ τὸ μίαν εἶναι σφραγειδαν(*) τῶν δύο 
[ἀρουρῶν, ἐων]ῆσθαι δέ, ὡς φάσκι(*) ὁ Ἄρειος, ἔτι πάλαι ἐπὶ τούτοις. γείτωνες(*)  
[τῆς προδεδηλω]μένης ἀρούρης νότου διῶρυξ διʼ ἧς ποτίζεται ἡ ἄρουρα, 
15[βορρᾶ ὁδὸς δ]ημοσία, λειβὸς(*) ἡ προδ̣εδηλομένη(*) τοῦ Ἀμμωνίου 
[ἄρουρα, ἀπη]λιώτου τέκνα [Σ]α̣ρα̣πίω̣νος τοῦ Ἀχιλλέως καλαμίᾳ· 
[καὶ ἀπέχειν] ἐκ πλήρους ἀργυρίου δραχ[μ]ῶν ἑπτακοσίων ἑξήκοντα 
[διὰ τῆς Διδύ]μ̣ου τραπαίζης(*) [  ̣  ̣  ̣  ̣  ̣  ̣]ί̣ου. βεβαιοῖ πάσι(*) βεβαιώσι(*)  
[αὐτῇ καθαρὰν ἀ]πὸ μὲν δημοσίων τελεσμάτων πάντων σιτικῶν τε 
20[καὶ ἀργυρικῶν] καὶ τακρημάτων(*) πάντων καὶ παντὸς εἴδους ἀπὸ τῶν 
ἔμ̣[προσθεν χρ]όνων μέχρι τοῦ ἐνεστῶτος ἑνδεκάτου ἔτους καὶ αὐτοῦ 
τοῦ [ἑνδεκάτου] ἔτους Αὐτοκράτορος Καίσαρος Δομιτιανοῦ Σεβαστοῦ 
Γερ[μανικοῦ] δι̣ὰ̣ τ̣ὸ̣ τὰ ἐφέτια(*) ἐκφόρια εἶναι τοι(*)Ἀρείου, ἀπὸ δὲ ἰδιο-
τι[κῶ]ν(*) καὶ πάσης ἐνποιήσεως ἐπὶ τὸν ἅπαντα χρόνον. τὰ ἄλλα ἀκολούθως. ","  ἀντίγραφον ὁμολογείας. ἔτους ια Αὐτοκράτορος Καίσαρ̣ος Δομιτιανοῦ 
Σεβαστοῦ Γερμαν̣ικοῦ μηνὸς Δασίου  κ̣α̣ Φαρμοῦθι κα ἐν Πτολεμαείδι 
Δρυμοῦ τοῦ Ἀρσινοείτου νομοῦ. ὁμολογεῖ Ἄρειος Ἀρείου ἐτῶν με οὐλὴ ἀντικνημίῳ δεξιῷ 
- ca.11 -α ὡς ἐτῶν   ̣β̣ οὐλὴ γόνατι ἀριστερῶι μετὰ κυρίου τοῦ ἀνδρὸς ― 
5- ca.11 - Λυσιμάχ̣ου τοῦ Διδύμου ὡς ἐτῶν λε οὐλὴ μετόπῳ ἐκ δεξιῶν ― 
πεπρακέναι αὐτῆι τὸν ὁμολογοῦντα κατὰ τήνδε τὴν ὁμολογείαν  
ἀπὸ τῆς νῦν ἐπὶ τὸν ἅπαντα χρόνον τὴν ὑπάρχουσαν αὐτῷ Ἀρείωι 
- ca.9 - περὶ Κερκῆσιν τῆς Πολέμωνος μερίδος γῆς ἀμπελίδιτος  
ἄρουραν μίαν̣ ἢ ὁσηι ἐὰν ἦι καὶ πρὸς ταύτηι ἐπιβολῆς ὀγο̣δον ἀρούρης 
10μετὰ τῶν συνκυρόντων̣ πάντων, τοῦ ἐν αὐτῆι ὑποδοχείου κατὰ κοινὸν 
τοῦ περὶ Κερκῆσιν ἐδάφους καὶ π̣ρ̣ὸς ἀναβολῆς καὶ θήρας ἰχθύας πρὸς 
τὸν γειτνιῶντα Ἀμμώνιον διὰ τὸ μίαν εἶναι σφραγειδαν τῶν δύο 
ἀρουρῶν, ἐωνῆσθαι δέ, ὡς φάσκι ὁ Ἄρειος, ἔτι πάλαι ἐπὶ τούτοις. γείτωνες  
τῆς προδεδηλωμένης ἀρούρης νότου διῶρυξ διʼ ἧς ποτίζεται ἡ ἄρουρα, 
15βορρᾶ ὁδὸς δημοσία, λειβὸς ἡ προδ̣εδηλομένη τοῦ Ἀμμωνίου 
ἄρουρα, ἀπηλιώτου τέκνα Σα̣ρα̣πίω̣νος τοῦ Ἀχιλλέως καλαμίᾳ· 
καὶ ἀπέχειν ἐκ πλήρους ἀργυρίου δραχμῶν ἑπτακοσίων ἑξήκοντα 
διὰ τῆς Διδύμ̣ου τραπαίζης   ̣  ̣  ̣  ̣  ̣  ̣ί̣ου. βεβαιοῖ πάσι βεβαιώσι  
αὐτῇ καθαρὰν ἀπὸ μὲν δημοσίων τελεσμάτων πάντων σιτικῶν τε 
20καὶ ἀργυρικῶν καὶ τακρημάτων πάντων καὶ παντὸς εἴδους ἀπὸ τῶν 
ἔμ̣προσθεν χρόνων μέχρι τοῦ ἐνεστῶτος ἑνδεκάτου ἔτους καὶ αὐτοῦ 
τοῦ ἑνδεκάτου ἔτους Αὐτοκράτορος Καίσαρος Δομιτιανοῦ Σεβαστοῦ 
Γερμανικοῦ δι̣ὰ̣ τ̣ὸ̣ τὰ ἐφέτια ἐκφόρια εἶναι τοιἈρείου, ἀπὸ δὲ ἰδιο-
τικῶν καὶ πάσης ἐνποιήσεως ἐπὶ τὸν ἅπαντα χρόνον. τὰ ἄλλα ἀκολούθως. ","29.3149635,30.8399565",29.3149635,30.8399565,31.855166070000003,15.493248178571427,15
163,,,© Heidelberger Gesamtverzeichnis der griechischen Papyrusurkunden Ägyptens. This work is licensed under a Creative Commons Attribution 3.0 License.,,,,,Ptolemais Euergetis,,,,,,,Papyrus,,"P. Hamb. 1 55 (Meyer, Paul M.; 1913)",Getreidedarlehensschuldschein,,,,Papyrus,,http://resolver.sub.uni-hamburg.de/goobi/HANSh780...,mentioned people,Vertrag; agoranomisch; Darlehen; Weizen,,,,,"Hamburg, Bibliothek gr. 205",,,,,,"Egypt, 00d - Krokodilopolis (Medinet el-Fayum)[written]; Egypt, 00 - Arsinoites (Fayum)[found]",,,,"AD 241 Nov 7 (Gordianus, year 05, Hathyr 11)",,,,,,,,,,mentioned places,,Greek,,,,,,,,,,,,,7. Nov. 241,P.Hamb. 1 55,Vertrag; agoranomisch; Darlehen; Weizen,,Ptolemais Euergetis (Arsinoites),,,,,,,,,,,© Heidelberger Gesamtverzeichnis der griechischen Papyrusurkunden Ägyptens. This work is licensed under a Creative Commons Attribution 3.0 License.,,,,,,,,,,,Papyrus,,,,,,,,Getreidedarlehensschuldschein,Papyrus,http://resolver.sub.uni-hamburg.de/goobi/HANSh780...,,,,,,,,"  ἔ̣τ̣ους πέμπτου Αὐτοκράτορος Καίσαρος 
Μάρκου Ἀντωνίου Γορδιανοῦ 
Ε̣ὐ̣σεβοῦς Εὐτυχοῦς Σεβαστοῦ μηνὸς Ἀοιτναι-
[ου](*)[ Ἁ]θ̣ὺρ ια ἐν Πτολεμαΐ(*)δι Εὐεργέτιδι 
5[το]ῦ̣ Ἀρσινοΐ(*)του νομοῦ. ὁμολογεῖ Αὐρήλιος 
[Τεβουλᾶ]ς̣ Μύσθου [ἀ]πὸ κώμης Φνεβίη ὡς 
[ἐτῶ]ν κ̣β οὐλὴ   ̣εκ  ̣  ̣(  ) μεγά̣(λ ) δακτύλου δευτέρο[υ] 
[χειρὸ]ς ἀριστερᾶς Αὐρηλίῳ Ἡ̣ρωνείνῳ Δη-
[μητ]ρ̣ί̣[ο]υ ἀπʼ ἀ̣μφόδου Μοήρε̣[ω]ς̣ ὡς (ἐτῶν) νη  
10[οὐλὴ] ἀντικνη[μ]ίῳ δεξιῷ ἔχιν(*) παρʼ αὐτοῦ 
[τὸν] ὁμολογοῦντα Αὐρήλιον Τεβουλᾶν̣ 
[χρῆσι]ν ἐν γένει π[υ]ρ̣οῦ ἀρ̣τ̣[άβ]ας δέκα ἥμισυ̣ 
[  ̣  ̣  ̣  ̣]  ̣  ̣ν̣, ἃ[ς καὶ ἀποδ]ώ̣σιν(*) τῷ Α̣ὐ̣ρηλίῳ 
[Ἡρωνε]ίνῳ ἐ̣[ν μ]η̣νὶ Παῦνι ἐν τῇ μητρο-
15[πόλ]ει μέτρῳ τετραχοινίκῳ. ἐὰν δὲ 
[μὴ ἀπ]ο̣δοι(*) τῇ προθεσμίᾳ, ἐκτίσιν(*) αὐτὸν 
[τὴν ἐ]πὶ τοῦ καιροῦ γεινομένην τοῦ πυ-
[ροῦ πλ]είστην τιμήν, γεινομένης 
[τῆς πράξεως ⁦ -ca.?- ⁩] 
-- -- -- -- -- -- -- -- -- --  ","  ἔ̣τ̣ους πέμπτου Αὐτοκράτορος Καίσαρος 
Μάρκου Ἀντωνίου Γορδιανοῦ 
Ε̣ὐ̣σεβοῦς Εὐτυχοῦς Σεβαστοῦ μηνὸς Ἀοιτναι-
ου Ἁθ̣ὺρ ια ἐν Πτολεμαΐδι Εὐεργέτιδι 
5τοῦ̣ Ἀρσινοΐτου νομοῦ. ὁμολογεῖ Αὐρήλιος 
Τεβουλᾶς̣ Μύσθου ἀπὸ κώμης Φνεβίη ὡς 
ἐτῶν κ̣β οὐλὴ   ̣εκ  ̣  ̣   μεγά̣λ  δακτύλου δευτέρου 
χειρὸς ἀριστερᾶς Αὐρηλίῳ Ἡ̣ρωνείνῳ Δη-
μητρ̣ί̣ου ἀπʼ ἀ̣μφόδου Μοήρε̣ως̣ ὡς ἐτῶν νη  
10οὐλὴ ἀντικνημίῳ δεξιῷ ἔχιν παρʼ αὐτοῦ 
τὸν ὁμολογοῦντα Αὐρήλιον Τεβουλᾶν̣ 
χρῆσιν ἐν γένει πυρ̣οῦ ἀρ̣τ̣άβας δέκα ἥμισυ̣ 
  ̣  ̣  ̣  ̣  ̣  ̣ν̣, ἃς καὶ ἀποδώ̣σιν τῷ Α̣ὐ̣ρηλίῳ 
Ἡρωνείνῳ ἐ̣ν μη̣νὶ Παῦνι ἐν τῇ μητρο-
15πόλει μέτρῳ τετραχοινίκῳ. ἐὰν δὲ 
μὴ ἀπο̣δοι τῇ προθεσμίᾳ, ἐκτίσιν αὐτὸν 
τὴν ἐπὶ τοῦ καιροῦ γεινομένην τοῦ πυ-
ροῦ πλείστην τιμήν, γεινομένης 
τῆς πράξεως ⁦ -ca.?- ⁩ 
-- -- -- -- -- -- -- -- -- --  ","29.3149635,30.8399565",29.3149635,30.8399565,31.855166070000003,15.493248178571427,15
356,,,© Heidelberger Gesamtverzeichnis der griechischen Papyrusurkunden Ägyptens. This work is licensed under a Creative Commons Attribution 3.0 License.,,,,,Ptolemais Euergetis,,,,,VIII 352,,Papyrus,,"SB 6 9618 (Kiessling, Emil; 1963) = Studi Calderini e Paribeni 2 p. 288- (Gerstinger, Hans; 1957)",Kaufvertrag (παραχώρησις) über Katoikenland,"H. Gerstinger, in: Festschrift A. Calderini II (1957), S. 290-292",,,Papyrus,,http://data.onb.ac.at/rec/RZ00006261...,mentioned people,Vertrag; Abtretung (Katoikenland),,"Zur Datierung vgl. BL VI, S. 156. Gehört zum Dossier des Aphrodisios, S. d. Didymos; vgl. CPR XXIII 6,5 Anm.",,,"Vienna, Nationalbibliothek G 19878",,,,,,"Egypt, 00d - Krokodilopolis (Medinet el-Fayum)[written]; Egypt, 00 - Arsinoites (Fayum)[found]",,,,"AD 192 Mar 27 - Apr 25 (Commodus, year 32, Daisios - Pharmouthi; cf. BL 6, p. 156)",,,,,,,,,,mentioned places,,Greek,,,,,,,Aphrodisios son of Didymos,,,,,,27. März - 25. Apr. 192,SB 6 9618,Vertrag; Abtretung (Katoikenland),,Ptolemais Euergetis (Arsinoites),"H. Gerstinger, in: Festschrift A. Calderini II (1957), S. 290-292",,,,,,,,,,© Heidelberger Gesamtverzeichnis der griechischen Papyrusurkunden Ägyptens. This work is licensed under a Creative Commons Attribution 3.0 License.,,VIII 352,,,,,,"Zur Datierung vgl. BL VI, S. 156. Gehört zum Dossier des Aphrodisios, S. d. Didymos; vgl. CPR XXIII 6,5 Anm.",,,Papyrus,,,,,,,,Kaufvertrag (παραχώρησις) über Katoikenland,Papyrus,http://data.onb.ac.at/rec/RZ00006261...,,,,,,,,"  [⁦ -ca.?- ⁩]  ̣  ̣  ̣  ̣[- ca.50 -]  ̣λ̣  ̣[  ̣]  ̣  ̣  ̣αρ  ̣  ̣  ̣[⁦ -ca.?- ⁩] 
[ἔτο]υς δε̣υ̣[τ]έ̣ρου καὶ τ̣[ριακοστοῦ Αὐτοκ]ρ[ά]τ[ο]ρ̣ο̣[ς] Καίσαρος Λ(ουκίου) Αἰλ(ίου)
                              Αὐρ(ηλίου) Κομ[μ]ό[δ]ου Εὐ[σεβοῦς] Εὐτυχ[οῦ]ς [Σεβαστοῦ Ἀρμενιακοῦ Μηδικοῦ] Παρδικ[οῦ](*) [Σαρμ]ατικοῦ Γερμανικοῦ μ̣ε[γ]ί̣σ̣τ̣ο̣υ̣ Β̣ρεταννικοῦ 
[μηνὸς Δα]ισί[ο]υ Φαρμ̣[οῦθι   ̣  ̣  ̣  ̣  ̣  ̣  ̣  ̣ ἐν Πτολεμαίδι Εὐεργέτιδι Ἀρσινο]ε̣ί̣[του. ὁμολ]ο[γ]ε̣ῖ̣ Πτολεμαῖος ὁ [καὶ Ζώσιμος
                              - ca.9 -] ἀ̣πὸ ἀμφ[ό]δ[ου] Ἀπολλωνίου Ἱερακείου ὡς ἐτῶν τεσσαράκοντα 
[τεσσά]ρ̣ων οὐλὴ πο[δὶ   ̣  ̣  ̣  ̣  ̣  ̣ καὶ Ἀπολλόδωρος - ca.12 - ἀπὸ] ἀ̣μ̣[φόδου] Φρέμει ὡς ἐτῶ[ν   ̣  ̣  ̣  ̣  ̣  ̣  ̣  ̣]  ̣[  ̣  ̣  ̣  ̣  ̣  ̣  ̣  ̣ οὐ]λ[ὴ] μ̣ε̣[τώπ]ῳ, δύο σιτομετροσακκοφόροι, Ἰσαρίῳ τῇ [καὶ Σαραπιάδι] 
5[  ̣  ̣  ̣  ̣  ̣]  ̣είνου ἀπὸ ἀμφ[όδου - ca.9 - ὡς ἐτῶν] εἴκοσι πέντε ἀσή[μῳ μ]ετὰ [κυρίο]υ τοῦ ἀνδρὸς Ἀφρ[οδισίου Δ]ιδύ̣μ̣[ου ὡς
                              ἐτ]ῶ̣ν̣ τριάκοντα ἑ̣π̣τ̣ὰ̣ ἄ̣σ̣η̣μο[ς](*) παρακεχωρηκέναι Ἰσαρίῳ 
[τῇ κ]αὶ Σαραπιάδι κα[τ]ὰ τ̣[ήνδε τ]ὴ[ν ὁμολογίαν καὶ διὰ τῆς τῶν ἐγκτήσεων βιβλιο]θήκη[ς]
                              ὥστε καὶ ἐγγόνοις(*) α̣ὐ̣τ̣[ῆς καὶ] τοῖς [παρʼ αὐτῶ]ν εἰς μετεπιγραφὴν ἀπὸ τ̣ο̣ῦ̣ νῦν εἰς τὸν ἅπαντα χρόνον
                              τὰ[ς ὑπαρχούσας] 
α̣ὐ̣τοῖς Πτολεμαίῳ τῷ καὶ Ζω[σίμῳ καὶ Ἀπολλοδώρῳ - ca.12 - ἀγο]ρ[ασ]τὰς ἅμα ἄλλοις̣ παρὰ Ζω[σίμο]υ̣ το̣[ῦ   ̣  ̣  ̣  ̣  ̣  ̣  ̣  ̣] ἀπὸ   ̣  ̣μ̣εσθν̣  ̣  ̣  ̣ Ὡρίωνος σιτομετροσακκοφόρου κ̣α̣τ̣[ὰ] χειρ[όγραφον δισ-]
σὸν γεγονὸς τῷ προδιεληλυ[θότι τριακοστῷ ἔτει μηνὶ   ̣  ̣  ̣  ̣ καὶ δημοσιωθ]ὼν διὰ τοῦ ἐν Ἀλεξανδρείᾳ κ[ατ]αλ̣ο̣γ̣[είου τῷ αὐτῷ] π[ροδιελη]λ̣υ[θ]ό̣τ̣ι̣
                              [ἔτει] μ̣ην̣ὶ̣ [Ἐπεὶ]φ [περὶ κώ]μην Φυλακ[ι]τ̣[ικὴν] Ν̣[ῆσον τῆς] 
Πολέμωνος μερίδος κλήρου κ̣α̣[το]ικι[κοῦ ἀρούρας πέν]τε ἥμ[ισυ κ]οι[ν]ὰς καὶ [ἀ]δι[αι]ρέτους
                              ἀπὸ ἀ[ρ]ο̣υρ[ῶ]ν ἕ[ν]δ̣[εκα , ἢ] ὅσ̣ω̣ν [ἐὰ]ν [ὦσιν, σ]ὺ̣ν̣ τοῖς οὖσι τῶν α̣[ὐτ]ῶν
                              [χρηστηρίοι]ς καὶ ποτίστρα[ις καὶ ἐκχύσεσι] 
10καὶ ε[ἰσ]όδοις καὶ ἐξόδοις [καὶ] τοῖς ἄλλοις δ̣ι̣[καίοι]ς πᾶσι, ὧ[ν γ]είτ̣ονες, καθὼς
                              ὁ σημαινόμενος χρηματισμ̣[ὸ]ς [περι]έχει, ἀπηλ[ιώτου] τὰ περὶ τὴν Δ̣ι̣καίου Νῆσον̣
                              ἀναγρ̣α̣φ̣ό[μ]ε̣ν̣α̣ πεδία ἀνὰ μ[έσον οὔσης διώ-]
ρ̣υ̣χ̣ο̣ς, εἰς ἣν ἐκχεῖτ̣αι ὁ κλῆρος, [β]ο̣ρ̣ρ̣ᾶ καὶ λιβὸς προσοδικὰ ἐδάφη, ἀπηλιώ[του]
                              ὁμοίως προσοδ[ικὰ ἐδ]άφη̣ ἀ[νὰ μέ]σ̣ο̣ν̣ οὔσης διώρ̣[υχ]ος, διʼ ἦς ποτίζεται [ὁ κλῆ]ρο[ς],
                              καὶ ἀπέχειν τὸν αὐτὸν Πτο-
[λεμα]ῖον τὸν καὶ Ζώσιμον καὶ Ἀπ[ο]λλόδωρον παρ[ὰ τῆ]ς Ἰσα[ρ]ίου τῆς καὶ Σαραπιάδο̣ς̣
                              τὸ ἑσταμένον τῶ̣ν π̣αρακ̣[ε]χ̣ω̣ρ̣ημένων, κ[α]θ̣ὼς πρ[όκειτ]αι, κ[λ]ήρου κατοικικοῦ
                              ἀ[ρο]υ[ρῶν πέντε ἡμί-]
σ̣[ου]ς παραχωρητι[κὸ]ν κεφά̣λ̣α̣ι̣ον πᾶν ἐκ π̣λ̣ή̣[ρους διὰ χ]ε̣ρ[ὸς](*) [ἐξ ἴσ]ου δραχ[μ]ὰς τρισχιλ̣ί̣α̣ς ἑκατὸν π[αραχ]ρ̣ῆμα δ̣ι̣[ὰ χειρ]ὸς καὶ βεβ[αι]ώσιν(*) αὐ[τού]ς τε τοὺς ὁμολογοῦντας [τοὺς προγεγραμμένους] 
κ̣α̣ὶ τοὺ̣ς παρʼ αὐτῶν τῇ Ἰσαρίῳ τῇ καὶ [Σα]ραπιά[δι καὶ τοῖ]ς [π]α̣ρʼ αὐ[τῆς τὰ]ς
                              αὐτὰ[ς] ἀρούρας πέντε ἥμισυ πάσῃ β̣[εβαιώσει, ἃ]ς̣ καὶ π[αρέ]ξ[εσ]θαι ἀ̣νεπ[άφ]ου[ς
                              καὶ ἀ]νεν[ε]χ̣υ̣ρ̣[άστους καὶ ἀνεπιδανείστους καὶ] 
15κ[α]θαρὰ̣ς ἀπὸ μὲν παντὸ̣ς ὀ̣φε̣ι̣λήματο̣ς̣ δημοσίου ἀρτα[β]ι[ῶ]ν̣ τ̣ε̣ [καὶ] ναυ[β]ίων
                              καὶ ἀ̣ριθμητ[ι]κῶν̣ κ[αὶ] ἐπιγρ[αφῶν πασῶν καὶ παραγρα]φ̣ῶ̣ν̣ [π]ασῶν καὶ ἐ[π]ι̣[βολ]ῆς
                              τῆς̣ [κώμης καὶ κατακριμάτων] 
π̣ά̣ν[τ]ω̣ν̣ κ̣α̣ὶ̣ παντὸς ἁπλ[ῶς] δημοσίου εἴδ̣ο̣υ̣ς̣ ἀπὸ τῶν [ἔμ]προσθ[εν] χ[ρό]ν̣ω̣ν̣
                              μέ[χ]ρι το[ῦ] διελ̣[η]λ̣υ̣θό[τ]ος [πρώτου τριακοσ]τ̣οῦ ἔτο[υς δ]ι̣ὰ τὸ τοῦ ἐν̣εστ[ῶτο]ς
                              ἔτους ἐ̣κ̣φ̣[ό]ρ[ιον καὶ φόρον] 
εἶναι τῆ[ς Ἰσα]ρίου τῆ̣ς̣ κ̣α̣ὶ̣ Σαρ[α]π̣[ι]άδος, καθὼς π[ρό]κ̣ε̣ι̣[τ]α̣ι̣, [καὶ τ]οὺς
                              συμφων[οῦντας(?) τὴ]ν Ἰ[σάρ]ι̣ο̣ν̣ [τὴν καὶ Σαρα]πιά[δα καὶ τοὺς παρʼ αὐτῆς μὴ ἐγκαλεῖν
                              μηδʼ] ἐπι[λεύσεσθαι](*) κ̣[ατὰ μηδένα τρόπο]ν̣ καὶ [μ]ηδέν̣α̣ κ[ωλύειν τὴν Ἰσάριον] 
[τὴν καὶ Σαραπιάδα μηδ]ὲ [τοὺς παρʼ αὐτῆς κυρι]εύοντας τ̣ῶν α̣ὐ̣[τ]ῶν [ἀρουρῶν πέντε
                              ἥμι]σ̣υ κ̣[α]ὶ τὰ [ἐξ αὐτῶν περ]ιγε̣[ινόμενα] ἀποφ[ερομένους καὶ προσδιαιρομένους
                              καὶ μ]εσι[τεύοντας κα]ὶ ἑ[τ]έρ[ο]ι̣ς παραχωροῦντ[ας καὶ οἰκονομοῦντας] 
[περὶ αὐτῶν ὡς ἐὰ]ν [αἱρῶνται ἀνεμ]ποδίστως. ἐ̣ὰ̣ν̣ δ̣έ̣ [τι] το[ύ]τ̣ω̣ν παραβ[ῶσιν
                              οἱ ὁμολογοῦντες ἢ μὴ βεβαιῶσιν] καὶ π̣[άντα] τὸν ἐπελευσ[ό]μενον ἀφι̣σ̣τάν̣[ωσιν πα]ρα[χρῆμα
                              τοῖς ἰδίοις δαπανήμασι καὶ ἀναλώ-]
20[μασι, ἀποτι]σάτω[σαν τὸ παρ]αχωρητικὸν κ̣εφάλαι[ο]ν μετʼ(*) ἡμιολ[ίας καὶ τὰ βλάβη καὶ δαπανήματα διπλᾶ καὶ ἐ]π[ίτι]μον [ἄλλας ἀργυ]ρίου δραχμᾶς
                              χι[λί]ας ἑκατὸ[ν καὶ εἰς δημόσιον τὰς ἴσας] 
[χωρὶς τοῦ] μ[ένειν κύρια τὰ ὡμολ(ογημένα) κ]αταβεβλημένου̣ το[ῦ ὑ]πὲρ ἐπιστ[άλματος
                              ὡρισμένου. Πτολεμαῖος ὁ καὶ Ζώ]σ̣ι̣μος̣ σ[ιτομετροσακκοφόρος] κ̣[αὶ Ἀ]πολλόδωρ[ος
                              σιτο-]
[μετροσακκοφόρος ὁμολογοῦμε]ν παρακεχωρ[η]κ[έν]α̣ι̣ τῇ Ἰσαρίῳ [τῇ καὶ Σαραπιάδι] τὰς
                              ὑπαρχούσας [ἡμ]ῖν, ὡς πρό[κειται], π̣ε̣ρ̣ὶ̣ κώμην Φυλα̣κ̣[ιτικὴν Νῆσον] 
[κλήρου κατοικικοῦ ἀρούρ]ας πέντε ἥμισο(*) κοινὰς ἀπ̣ὸ̣ [ἀρουρῶν ἕνδεκα ]   ̣  ̣ιαι και τας και, ἃ π̣ρόκ̣ιται̣, καὶ ἀπέ[χειν] τὸ παραχωρητικ[ὸν κεφάλαιον] 
[δραχμὰς τρισχιλίας καὶ ἑκατὸν δ]ιὰ χερὸς(*) ἐξ ἴσου καὶ [β]εβαιώσομ[ε]ν [τοῦ ἐφετίου ἐκφορ]ίου ὄντος τῆς Ἰσ[α]ρί̣ο̣υ̣ τῆς καὶ
                              Σ[αραπιάδος], καθὼς πρόκειται. 
25[Πτολεμαῖος ὁ καὶ Ζώσιμος ἔγραψα καὶ ὑπὲρ τ]οῦ Ἀπολλοδώρου τὰ̣ πλῖσ̣τα(*). [Ἀπ]ο̣[λλόδωρος σιτομετροσα]κκοφόρος ὡμολογῶ(*) παρακεχωρ[ηκέναι σὺν τ]ῷ [Π]τολ̣εμαίῳ τῷ κ̣[αὶ Ζωσίμῳ] 
κλ̣[ήρο]υ [κατοικ]ικ[οῦ ἀρ]ο̣ύ̣ρα̣ς̣ π̣ε̣ν̣τημίσυο[υς](*) κοινὰς ἀπὸ ἀρουρῶν ἕ̣νδε̣κα [περὶ] κώ[μη]ν̣ [Φυλακ]ειτ[ι]κὴν Νῆσον καὶ συναπέσσχ̣ον(*) τὸ πα̣[ραχωρη]τικὸν κ̣ε̣φ̣ά̣λαιον ἀρ̣γ̣υρίου δραχμ[ὰς τρισχιλίας ἑκα-]
τὸν̣ δ̣ι̣ὰ̣ [χειρὸς] ἐξ [ἴσου] τοῦ [ἐ]φετίου ἐκφορίου ὄν̣[τ]ο̣ς̣ τ̣ῆ̣ς̣ Ἰσαρίου τῆς
                              καὶ Σαρα[π]ιάδο[ς, ὡ]ς πρόκειτ[α]ι. Ἰσάριον ἡ καὶ [Σ]α̣[ρα]πιὰς με[τ]ὰ κυρίου μ̣ο̣υ̣
                              ἀνδ̣[ρὸς Ἀφρο]δ̣ισίου [Δι]δύμου παρακεχώρη[μαι] 
ἀρούρας πέντε̣ [ἥ]μισυ περὶ κώμην Φυλακιτικὴν Νῆσον παραχ̣ωρητικοῦ ἀργυρίου δραχμ[ῶ]ν̣
                              τρισχειλίων(*) ἑκατ[όν , κ]αθὼς πρόκειται. Ἀ[φ]ροδίσιος ἔ̣γ̣[ρ]α̣ψα καὶ ὑπὲρ αὐτῆς ἀγραμ[μάτο]υ.
                              Ἥρων ὁ καὶ Ἀπ[ο]λ(ώνιος) [κεχρ(ημάτικα), χρ(όνος) ὁ] 
π̣ροκ̣(είμενος). ","  ⁦ -ca.?- ⁩  ̣  ̣  ̣  ̣- ca.50 -  ̣λ̣  ̣  ̣  ̣  ̣  ̣αρ  ̣  ̣  ̣⁦ -ca.?- ⁩ 
ἔτους δε̣υ̣τέ̣ρου καὶ τ̣ριακοστοῦ Αὐτοκράτορ̣ο̣ς Καίσαρος Λουκίου Αἰλίου
                              Αὐρηλίου Κομμόδου Εὐσεβοῦς Εὐτυχοῦς Σεβαστοῦ Ἀρμενιακοῦ Μηδικοῦ Παρδικοῦ Σαρματικοῦ Γερμανικοῦ μ̣εγί̣σ̣τ̣ο̣υ̣ Β̣ρεταννικοῦ 
μηνὸς Δαισίου Φαρμ̣οῦθι   ̣  ̣  ̣  ̣  ̣  ̣  ̣  ̣ ἐν Πτολεμαίδι Εὐεργέτιδι Ἀρσινοε̣ί̣του. ὁμολογε̣ῖ̣ Πτολεμαῖος ὁ καὶ Ζώσιμος
                              - ca.9 - ἀ̣πὸ ἀμφόδου Ἀπολλωνίου Ἱερακείου ὡς ἐτῶν τεσσαράκοντα 
τεσσάρ̣ων οὐλὴ ποδὶ   ̣  ̣  ̣  ̣  ̣  ̣ καὶ Ἀπολλόδωρος - ca.12 - ἀπὸ ἀ̣μ̣φόδου Φρέμει ὡς ἐτῶν   ̣  ̣  ̣  ̣  ̣  ̣  ̣  ̣  ̣  ̣  ̣  ̣  ̣  ̣  ̣  ̣  ̣ οὐλὴ μ̣ε̣τώπῳ, δύο σιτομετροσακκοφόροι, Ἰσαρίῳ τῇ καὶ Σαραπιάδι 
5  ̣  ̣  ̣  ̣  ̣  ̣είνου ἀπὸ ἀμφόδου - ca.9 - ὡς ἐτῶν εἴκοσι πέντε ἀσήμῳ μετὰ κυρίου τοῦ ἀνδρὸς Ἀφροδισίου Διδύ̣μ̣ου ὡς
                              ἐτῶ̣ν̣ τριάκοντα ἑ̣π̣τ̣ὰ̣ ἄ̣σ̣η̣μος παρακεχωρηκέναι Ἰσαρίῳ 
τῇ καὶ Σαραπιάδι κατὰ τ̣ήνδε τὴν ὁμολογίαν καὶ διὰ τῆς τῶν ἐγκτήσεων βιβλιοθήκης
                              ὥστε καὶ ἐγγόνοις α̣ὐ̣τ̣ῆς καὶ τοῖς παρʼ αὐτῶν εἰς μετεπιγραφὴν ἀπὸ τ̣ο̣ῦ̣ νῦν εἰς τὸν ἅπαντα χρόνον
                              τὰς ὑπαρχούσας 
α̣ὐ̣τοῖς Πτολεμαίῳ τῷ καὶ Ζωσίμῳ καὶ Ἀπολλοδώρῳ - ca.12 - ἀγοραστὰς ἅμα ἄλλοις̣ παρὰ Ζωσίμου̣ το̣ῦ   ̣  ̣  ̣  ̣  ̣  ̣  ̣  ̣ ἀπὸ   ̣  ̣μ̣εσθν̣  ̣  ̣  ̣ Ὡρίωνος σιτομετροσακκοφόρου κ̣α̣τ̣ὰ χειρόγραφον δισ-
σὸν γεγονὸς τῷ προδιεληλυθότι τριακοστῷ ἔτει μηνὶ   ̣  ̣  ̣  ̣ καὶ δημοσιωθὼν διὰ τοῦ ἐν Ἀλεξανδρείᾳ καταλ̣ο̣γ̣είου τῷ αὐτῷ προδιεληλ̣υθό̣τ̣ι̣
                              ἔτει μ̣ην̣ὶ̣ Ἐπεὶφ περὶ κώμην Φυλακιτ̣ικὴν Ν̣ῆσον τῆς 
Πολέμωνος μερίδος κλήρου κ̣α̣τοικικοῦ ἀρούρας πέντε ἥμισυ κοινὰς καὶ ἀδιαιρέτους
                              ἀπὸ ἀρο̣υρῶν ἕνδ̣εκα , ἢ ὅσ̣ω̣ν ἐὰν ὦσιν, σὺ̣ν̣ τοῖς οὖσι τῶν α̣ὐτῶν
                              χρηστηρίοις καὶ ποτίστραις καὶ ἐκχύσεσι 
10καὶ εἰσόδοις καὶ ἐξόδοις καὶ τοῖς ἄλλοις δ̣ι̣καίοις πᾶσι, ὧν γείτ̣ονες, καθὼς
                              ὁ σημαινόμενος χρηματισμ̣ὸς περιέχει, ἀπηλιώτου τὰ περὶ τὴν Δ̣ι̣καίου Νῆσον̣
                              ἀναγρ̣α̣φ̣όμε̣ν̣α̣ πεδία ἀνὰ μέσον οὔσης διώ-
ρ̣υ̣χ̣ο̣ς, εἰς ἣν ἐκχεῖτ̣αι ὁ κλῆρος, βο̣ρ̣ρ̣ᾶ καὶ λιβὸς προσοδικὰ ἐδάφη, ἀπηλιώτου
                              ὁμοίως προσοδικὰ ἐδάφη̣ ἀνὰ μέσ̣ο̣ν̣ οὔσης διώρ̣υχος, διʼ ἦς ποτίζεται ὁ κλῆρος,
                              καὶ ἀπέχειν τὸν αὐτὸν Πτο-
λεμαῖον τὸν καὶ Ζώσιμον καὶ Ἀπολλόδωρον παρὰ τῆς Ἰσαρίου τῆς καὶ Σαραπιάδο̣ς̣
                              τὸ ἑσταμένον τῶ̣ν π̣αρακ̣εχ̣ω̣ρ̣ημένων, καθ̣ὼς πρόκειται, κλήρου κατοικικοῦ
                              ἀρουρῶν πέντε ἡμί-
σ̣ους παραχωρητικὸν κεφά̣λ̣α̣ι̣ον πᾶν ἐκ π̣λ̣ή̣ρους διὰ χε̣ρὸς ἐξ ἴσου δραχμὰς τρισχιλ̣ί̣α̣ς ἑκατὸν παραχρ̣ῆμα δ̣ι̣ὰ χειρὸς καὶ βεβαιώσιν αὐτούς τε τοὺς ὁμολογοῦντας τοὺς προγεγραμμένους 
κ̣α̣ὶ τοὺ̣ς παρʼ αὐτῶν τῇ Ἰσαρίῳ τῇ καὶ Σαραπιάδι καὶ τοῖς πα̣ρʼ αὐτῆς τὰς
                              αὐτὰς ἀρούρας πέντε ἥμισυ πάσῃ β̣εβαιώσει, ἃς̣ καὶ παρέξεσθαι ἀ̣νεπάφους
                              καὶ ἀνενεχ̣υ̣ρ̣άστους καὶ ἀνεπιδανείστους καὶ 
15καθαρὰ̣ς ἀπὸ μὲν παντὸ̣ς ὀ̣φε̣ι̣λήματο̣ς̣ δημοσίου ἀρταβιῶν̣ τ̣ε̣ καὶ ναυβίων
                              καὶ ἀ̣ριθμητικῶν̣ καὶ ἐπιγραφῶν πασῶν καὶ παραγραφ̣ῶ̣ν̣ πασῶν καὶ ἐπι̣βολῆς
                              τῆς̣ κώμης καὶ κατακριμάτων 
π̣ά̣ντω̣ν̣ κ̣α̣ὶ̣ παντὸς ἁπλῶς δημοσίου εἴδ̣ο̣υ̣ς̣ ἀπὸ τῶν ἔμπροσθεν χρόν̣ω̣ν̣
                              μέχρι τοῦ διελ̣ηλ̣υ̣θότος πρώτου τριακοστ̣οῦ ἔτους δι̣ὰ τὸ τοῦ ἐν̣εστῶτος
                              ἔτους ἐ̣κ̣φ̣όριον καὶ φόρον 
εἶναι τῆς Ἰσαρίου τῆ̣ς̣ κ̣α̣ὶ̣ Σαραπ̣ιάδος, καθὼς πρόκ̣ε̣ι̣τα̣ι̣, καὶ τοὺς
                              συμφωνοῦντας? τὴν Ἰσάρι̣ο̣ν̣ τὴν καὶ Σαραπιάδα καὶ τοὺς παρʼ αὐτῆς μὴ ἐγκαλεῖν
                              μηδʼ ἐπιλεύσεσθαι κ̣ατὰ μηδένα τρόπον̣ καὶ μηδέν̣α̣ κωλύειν τὴν Ἰσάριον 
τὴν καὶ Σαραπιάδα μηδὲ τοὺς παρʼ αὐτῆς κυριεύοντας τ̣ῶν α̣ὐ̣τῶν ἀρουρῶν πέντε
                              ἥμισ̣υ κ̣αὶ τὰ ἐξ αὐτῶν περιγε̣ινόμενα ἀποφερομένους καὶ προσδιαιρομένους
                              καὶ μεσιτεύοντας καὶ ἑτέροι̣ς παραχωροῦντας καὶ οἰκονομοῦντας 
περὶ αὐτῶν ὡς ἐὰν αἱρῶνται ἀνεμποδίστως. ἐ̣ὰ̣ν̣ δ̣έ̣ τι τούτ̣ω̣ν παραβῶσιν
                              οἱ ὁμολογοῦντες ἢ μὴ βεβαιῶσιν καὶ π̣άντα τὸν ἐπελευσόμενον ἀφι̣σ̣τάν̣ωσιν παραχρῆμα
                              τοῖς ἰδίοις δαπανήμασι καὶ ἀναλώ-
20μασι, ἀποτισάτωσαν τὸ παραχωρητικὸν κ̣εφάλαιον μετʼ ἡμιολίας καὶ τὰ βλάβη καὶ δαπανήματα διπλᾶ καὶ ἐπίτιμον ἄλλας ἀργυρίου δραχμᾶς
                              χιλίας ἑκατὸν καὶ εἰς δημόσιον τὰς ἴσας 
χωρὶς τοῦ μένειν κύρια τὰ ὡμολογημένα καταβεβλημένου̣ τοῦ ὑπὲρ ἐπιστάλματος
                              ὡρισμένου. Πτολεμαῖος ὁ καὶ Ζώσ̣ι̣μος̣ σιτομετροσακκοφόρος κ̣αὶ Ἀπολλόδωρος
                              σιτο-
μετροσακκοφόρος ὁμολογοῦμεν παρακεχωρηκένα̣ι̣ τῇ Ἰσαρίῳ τῇ καὶ Σαραπιάδι τὰς
                              ὑπαρχούσας ἡμῖν, ὡς πρόκειται, π̣ε̣ρ̣ὶ̣ κώμην Φυλα̣κ̣ιτικὴν Νῆσον 
κλήρου κατοικικοῦ ἀρούρας πέντε ἥμισο κοινὰς ἀπ̣ὸ̣ ἀρουρῶν ἕνδεκα    ̣  ̣ιαι και τας και, ἃ π̣ρόκ̣ιται̣, καὶ ἀπέχειν τὸ παραχωρητικὸν κεφάλαιον 
δραχμὰς τρισχιλίας καὶ ἑκατὸν διὰ χερὸς ἐξ ἴσου καὶ βεβαιώσομεν τοῦ ἐφετίου ἐκφορίου ὄντος τῆς Ἰσαρί̣ο̣υ̣ τῆς καὶ
                              Σαραπιάδος, καθὼς πρόκειται. 
25Πτολεμαῖος ὁ καὶ Ζώσιμος ἔγραψα καὶ ὑπὲρ τοῦ Ἀπολλοδώρου τὰ̣ πλῖσ̣τα. Ἀπο̣λλόδωρος σιτομετροσακκοφόρος ὡμολογῶ παρακεχωρηκέναι σὺν τῷ Πτολ̣εμαίῳ τῷ κ̣αὶ Ζωσίμῳ 
κλ̣ήρου κατοικικοῦ ἀρο̣ύ̣ρα̣ς̣ π̣ε̣ν̣τημίσυους κοινὰς ἀπὸ ἀρουρῶν ἕ̣νδε̣κα περὶ κώμην̣ Φυλακειτικὴν Νῆσον καὶ συναπέσσχ̣ον τὸ πα̣ραχωρητικὸν κ̣ε̣φ̣ά̣λαιον ἀρ̣γ̣υρίου δραχμὰς τρισχιλίας ἑκα-
τὸν̣ δ̣ι̣ὰ̣ χειρὸς ἐξ ἴσου τοῦ ἐφετίου ἐκφορίου ὄν̣το̣ς̣ τ̣ῆ̣ς̣ Ἰσαρίου τῆς
                              καὶ Σαραπιάδος, ὡς πρόκειται. Ἰσάριον ἡ καὶ Σα̣ραπιὰς μετὰ κυρίου μ̣ο̣υ̣
                              ἀνδ̣ρὸς Ἀφροδ̣ισίου Διδύμου παρακεχώρημαι 
ἀρούρας πέντε̣ ἥμισυ περὶ κώμην Φυλακιτικὴν Νῆσον παραχ̣ωρητικοῦ ἀργυρίου δραχμῶν̣
                              τρισχειλίων ἑκατόν , καθὼς πρόκειται. Ἀφροδίσιος ἔ̣γ̣ρα̣ψα καὶ ὑπὲρ αὐτῆς ἀγραμμάτου.
                              Ἥρων ὁ καὶ Ἀπολώνιος κεχρημάτικα, χρόνος ὁ 
π̣ροκ̣είμενος. ","29.3149635,30.8399565",29.3149635,30.8399565,31.855166070000003,15.493248178571427,15
375,,,This work is licensed under a Creative Commons Attribution-NonCommercial 3.0 License.,,,,,Ptolemais Euergetis,,,,,; XIII 211,,Papyrus,,"SB 14 11907 (Rupprecht, Hans-Albert / Hengstl, Joachim; 1982) = Hellenika 27 (1974), p. 246- no. 7 (Parássoglou, George M. / ; 1974)","Receipt, Roman CE 239, Jan 28","G.M. Parassoglou, Hellenika 27, 1974, S. 249",,Verso is blank.,Papyrus: 200 x 116 mm,,http://hdl.handle.net/10079/digcoll/2775655...,mentioned people,Receipt; Papyri,,"Zu Z. 6 vgl. Lippert - Schentuleit, Tebtynis und Soknopaiu Nesos, S. 54, Anm. 61. Zu Z. 6 und 16 vgl. ZPE 154, 2005, S. 199f.",,,"New Haven, Yale University, Beinecke Library P. CtYBR 416",,,"Parássoglou 1974: 246-49, pl. 9",,,"Egypt, 00d - Krokodilopolis (Medinet el-Fayum)[written]; Egypt, 00 - Arsinoites (Fayum)[found]",,,,"Roman CE 239, Jan 28",,,,,,,,P.CtYBR inv. 416,,mentioned places,,Greek,"ÑEllhnikã 27, 1974, PIN. 9",,,,,,,,,,"ÑEllhnikã 27, 1974, PIN. 9",,28. Jan. 239,SB 14 11907,Vertrag; Kauf; Lieferung; Vorauszahlung; Gemüsesamen,,"Ptolemais Euergetis (Arsinoites, Ägypten)","G.M. Parassoglou, Hellenika 27, 1974, S. 249",,,,,,,,,,© Heidelberger Gesamtverzeichnis der griechischen Papyrusurkunden Ägyptens. This work is licensed under a Creative Commons Attribution 3.0 License.,,; XIII 211,,,,,,"Zu Z. 6 vgl. Lippert - Schentuleit, Tebtynis und Soknopaiu Nesos, S. 54, Anm. 61. Zu Z. 6 und 16 vgl. ZPE 154, 2005, S. 199f.",,,Papyrus,,,,,,,,Lieferungskauf (Gemüsesamen),Papyrus,http://wwwapp.cc.columbia.edu/ldpd/app/apis/item?mode=item&k...,,,,,,,,"  ἔ̣τους δε̣υ̣τέρ̣ου Αὐτοκράτορος Καίσαρος 
Μάρκου Ἀντωνίου Γορδιανοῦ Εὐσεβοῦς 
Εὐ[τυ]χοῦς Σεβ̣αστοῦ, μηνὸς Μεχεὶρ γ, 
ἐν Πτολεμ̣[α]ί(*)δι Εὐεργέτιδι τοῦ Ἀρσινοί(*)του. 
5ὁμολο̣γεῖ Αὐρήλιος(*) Πωλίων Παεμις(*)  
μ̣η[τρὸς ]{[Πα]βουκᾶτος} < > ἀπὸ κώμης 
Σ̣ο[κ]ν̣[οπ]α̣[ίου] Νήσου, ὡς (ἐτῶν) κε, οὐλὴ μετώ-
πῳ̣, Αὐρήλιο̣ς(*) Σωτηρίχος(*) Παβουκᾶτος 
ἀ̣π̣ὸ̣ κώμης Σοκνοπαίου Νήσου, ἔχειν 
10πα̣ρ̣ʼ αὐτοῦ Αὐρ̣ηλίου(*) Πωλίωνος(*) δ̣ιὰ χειρὸς 
[ἀρ]γ̣υρίου δραχμὰς πεντήκοντα ἕξ , οὔσας̣ 
[λοιπὰς] τιμῆς λαχανοσπέρμου νέου, κα-
[θαροῦ, ε]ὐαρέσ̣τ̣[ο]υ̣ ἀ̣ρ̣[τ]α̣βῶν τριῶν , ὧν 
[καὶ τὴν ἀ]ποδοσ̣[ι]ν ποιήσεται ἐν μηνὶ 
15[Παῦνι τ]οῦ ἐνεστῶτος ἔτους ἐν τῇ προκεινῃ(*) κώ[μ]ῃ ἐν ἴσαις μέτρῳ ἐλεουργικῷ(*)  
ἀνυπερθέτος(*), ἢ τὴν ἐπὶ τοῦ κεροῦ(*) ἐσο-
μένην τοῦ λαχανοσπέρμου πλιστη(*)  
τιμ̣ήν̣, γεινομενη(*) τοῦ Αὐρηλίου Σωτηρί-
20χου τ̣[ῆ]ς πράξεως ἔκ τε τοῦ ὁμολογ(οῦντος) 
καὶ ἐκ [τ]ῶν ὑπαρχοτων(*) αὐτῷ πάντων 
καιπερ(*) {  ̣} ἐκ δίκης. περὶ δὲ τοῦ ταῦτα 
οὕτως ὀρθῶς καλῶς γεγονέναι, ἐπε-
ρωτηθεὶς ὁμολόγησα(*). ","  ἔ̣τους δε̣υ̣τέρ̣ου Αὐτοκράτορος Καίσαρος 
Μάρκου Ἀντωνίου Γορδιανοῦ Εὐσεβοῦς 
Εὐτυχοῦς Σεβ̣αστοῦ, μηνὸς Μεχεὶρ γ, 
ἐν Πτολεμ̣αίδι Εὐεργέτιδι τοῦ Ἀρσινοίτου. 
5ὁμολο̣γεῖ Αὐρήλιος Πωλίων Παεμις  
μ̣ητρὸς {Παβουκᾶτος}   ἀπὸ κώμης 
Σ̣οκν̣οπα̣ίου Νήσου, ὡς ἐτῶν κε, οὐλὴ μετώ-
πῳ̣, Αὐρήλιο̣ς Σωτηρίχος Παβουκᾶτος 
ἀ̣π̣ὸ̣ κώμης Σοκνοπαίου Νήσου, ἔχειν 
10πα̣ρ̣ʼ αὐτοῦ Αὐρ̣ηλίου Πωλίωνος δ̣ιὰ χειρὸς 
ἀργ̣υρίου δραχμὰς πεντήκοντα ἕξ , οὔσας̣ 
λοιπὰς τιμῆς λαχανοσπέρμου νέου, κα-
θαροῦ, εὐαρέσ̣τ̣ου̣ ἀ̣ρ̣τα̣βῶν τριῶν , ὧν 
καὶ τὴν ἀποδοσ̣ιν ποιήσεται ἐν μηνὶ 
15Παῦνι τοῦ ἐνεστῶτος ἔτους ἐν τῇ προκεινῃ κώμῃ ἐν ἴσαις μέτρῳ ἐλεουργικῷ  
ἀνυπερθέτος, ἢ τὴν ἐπὶ τοῦ κεροῦ ἐσο-
μένην τοῦ λαχανοσπέρμου πλιστη  
τιμ̣ήν̣, γεινομενη τοῦ Αὐρηλίου Σωτηρί-
20χου τ̣ῆς πράξεως ἔκ τε τοῦ ὁμολογοῦντος 
καὶ ἐκ τῶν ὑπαρχοτων αὐτῷ πάντων 
καιπερ {  ̣} ἐκ δίκης. περὶ δὲ τοῦ ταῦτα 
οὕτως ὀρθῶς καλῶς γεγονέναι, ἐπε-
ρωτηθεὶς ὁμολόγησα. ","29.3149635,30.8399565",29.3149635,30.8399565,31.855166070000003,15.493248178571427,15
389,,,© Heidelberger Gesamtverzeichnis der griechischen Papyrusurkunden Ägyptens. This work is licensed under a Creative Commons Attribution 3.0 License.,,,,,Ptolemais Euergetis,,,,,IX 297; XI 222,,Papyrus,,"SB 16 13071 (Rupprecht, Hans-Albert / Hengstl, Joachim; 1988) = ZPE 56 (1984), p. 75- (Bastianini, Guido / ; 1984)",Viehkauf,"G. Bastianini, ZPE 56, 1984, S. 76",,,Papyrus,,http://data.onb.ac.at/rec/RZ00006000...,mentioned people,Vertrag; Kauf; Vieh; Verkäufer; Kennzeichen; Käufer; Namen; Preis; Klausel,,Tag: 8. (9.) Jan.,,,"Vienna, Nationalbibliothek G 31583",,,,,,"Egypt, 00d - Krokodilopolis (Medinet el-Fayum)[written]; Egypt, 00 - Arsinoites (Fayum)[found]",,,,AD 223 - 235,,,,,,,,,,mentioned places,,Greek,"ZPE 56, 1984, Tafel V a",,,,,,,,,,"ZPE 56, 1984, Tafel V a",,223 - 235,SB 16 13071,Vertrag; Kauf; Vieh; Verkäufer; Kennzeichen; Käufer; Namen; Preis; Klausel,,Ptolemais Euergetis (Arsinoites),"G. Bastianini, ZPE 56, 1984, S. 76",,,,,,,,,,© Heidelberger Gesamtverzeichnis der griechischen Papyrusurkunden Ägyptens. This work is licensed under a Creative Commons Attribution 3.0 License.,,IX 297; XI 222,,,,,,Tag: 8. (9.) Jan.,,,Papyrus,,,,,,,,Viehkauf,Papyrus,http://data.onb.ac.at/rec/RZ00006000...,,,,,,,,"  ἔ̣τ̣ο̣υ̣ς̣   ̣ Α̣ὐ̣τ̣ο̣κ̣ρ̣ά̣τ̣ο̣ρ̣ο̣ς̣ 
Κ̣α̣ί̣σ̣α̣ρος Μάρκου Αὐρηλίου 
Σ̣ε̣ο̣υήρου Ἀλεξάνδρου 
Ε̣ὐ̣σ̣ε̣β̣οῦς Εὐτυχοῦς Σεβαστοῦ 
5Τ̣ῦ̣βι ιγ ἐν τῇ μητρο-
πό̣λ̣ει τοῦ Ἀρσινοίτου 
πέπρακεν Αὐρήλιος 
Κηλητὴς Ἁρποκρατί-
ω̣νος ἀπὸ ἀμφόδου 
10Ἀπολλωνίου Ἱερακίου 
ὡ(ς) (ἐτῶν) μθ οὐλὴ παρʼ ὀφρύι 
δεξιᾷ Αὐρηλίῳ Σ̣ε̣ρῆνι 
Ὥρ̣ο̣υ̣ ἀ̣πὸ κώ̣(μης) Β̣α̣κ̣χιά̣δος 
  ̣  ̣  ̣  ̣[  ̣  ̣  ̣]  ̣[  ̣  ̣  ̣]  ̣  ̣  ̣  
15[  ̣]ε̣ξ̣  ̣  ̣  ̣  ̣[  ̣  ̣]  ̣  ̣  ̣  ̣[  ̣  ̣]  ̣  ̣  
ἀμφοτέρων ἀργυ(ρίου) (δραχμῶν) ἑξ[ακ]ο̣σ̣ί-
[ων] τ̣ε̣σ̣σα̣ρατα(*) (γίνονται) (δραχμαὶ) χμ. 
κ̣υ̣ρία ἡ πρᾶσ̣(ις) δ(ιὰ) ἑρμηνέως 
ἐ̣[πη]ρωτήθη κ̣α̣ὶ̣ ὁμ̣ο̣λησεν(*)  
20[δ](ιὰ) Αὐρηλ(ίου) Ἰσχυρίω̣ν̣ο̣ς̣ ἑρμην̣έ̣ω̣ς̣ 
[  ̣]  ̣ο  ̣α̣  ̣(  ) ","  ἔ̣τ̣ο̣υ̣ς̣   ̣ Α̣ὐ̣τ̣ο̣κ̣ρ̣ά̣τ̣ο̣ρ̣ο̣ς̣ 
Κ̣α̣ί̣σ̣α̣ρος Μάρκου Αὐρηλίου 
Σ̣ε̣ο̣υήρου Ἀλεξάνδρου 
Ε̣ὐ̣σ̣ε̣β̣οῦς Εὐτυχοῦς Σεβαστοῦ 
5Τ̣ῦ̣βι ιγ ἐν τῇ μητρο-
πό̣λ̣ει τοῦ Ἀρσινοίτου 
πέπρακεν Αὐρήλιος 
Κηλητὴς Ἁρποκρατί-
ω̣νος ἀπὸ ἀμφόδου 
10Ἀπολλωνίου Ἱερακίου 
ὡς ἐτῶν μθ οὐλὴ παρʼ ὀφρύι 
δεξιᾷ Αὐρηλίῳ Σ̣ε̣ρῆνι 
Ὥρ̣ο̣υ̣ ἀ̣πὸ κώ̣μης Β̣α̣κ̣χιά̣δος 
  ̣  ̣  ̣  ̣  ̣  ̣  ̣  ̣  ̣  ̣  ̣  ̣  ̣  ̣  
15  ̣ε̣ξ̣  ̣  ̣  ̣  ̣  ̣  ̣  ̣  ̣  ̣  ̣  ̣  ̣  ̣  ̣  
ἀμφοτέρων ἀργυρίου δραχμῶν ἑξακο̣σ̣ί-
ων τ̣ε̣σ̣σα̣ρατα γίνονται δραχμαὶ χμ. 
κ̣υ̣ρία ἡ πρᾶσ̣ις διὰ ἑρμηνέως 
ἐ̣πηρωτήθη κ̣α̣ὶ̣ ὁμ̣ο̣λησεν  
20διὰ Αὐρηλίου Ἰσχυρίω̣ν̣ο̣ς̣ ἑρμην̣έ̣ω̣ς̣ 
  ̣  ̣ο  ̣α̣  ̣   ","29.3149635,30.8399565",29.3149635,30.8399565,31.855166070000003,15.493248178571427,15
418,,,© Heidelberger Gesamtverzeichnis der griechischen Papyrusurkunden Ägyptens. This work is licensed under a Creative Commons Attribution 3.0 License.,,,,,Ptolemais Euergetis,,,,,VIII 461; IX 344; X 269; XI 266,,Papyrus,,"Stud. Pal. 20 15 (Wessely, Carl; 1921) = Chrest. Mitt. 289 (Mitteis, Ludwig; 1912) = CPR 1 27 (Wessely, Carl; 1895)",keiner,,,,Papyrus,,http://data.onb.ac.at/rec/RZ00001304...,mentioned people,Vertrag; Heirat; Vermerk (Registrierung),,"Zur Datierung vgl. BL VII, S. 258.",,,"Vienna, Nationalbibliothek G 2015; . formerly: Vienna, Nationalbibliothek AN 229; Vienna, Nationalbibliothek VN 1519; Vienna, Nationalbibliothek VN 1520",,,,,,"Egypt, 00d - Krokodilopolis (Medinet el-Fayum)[written]; Egypt, 00 - Arsinoites (Fayum)[found]",,,,"AD 189 Oct 27 before (cf. BL 7, p. 258)",,,,,,,,,,mentioned places,,Greek,S. 18 (Z. 32),,,,,,,,,,S. 18 (Z. 32),,vor 27. Okt. 189,M.Chr. 289,Vertrag; Heirat; Vermerk (Registrierung),,Ptolemais Euergetis (Arsinoites),,,,,,,,,,,© Heidelberger Gesamtverzeichnis der griechischen Papyrusurkunden Ägyptens. This work is licensed under a Creative Commons Attribution 3.0 License.,,VIII 461; IX 344; X 269; XI 266,,,,,,"Zur Datierung vgl. BL VII, S. 258.",,,Papyrus,,,,,,,,keiner,Papyrus,http://data.onb.ac.at/rec/RZ00001304...,,,,,,,,"  [ἔτους τριακοστοῦ Αὐ]τοκράτορ[ο]ς Καίσαρος Μ[άρ]κου Αὐρηλίου Κομμόδου Ἀντ[ων]είνου
                              Εὐσεβοῦς 
[Εὐτυχοῦς Σεβαστοῦ Ἀρμενιακοῦ Μ]ηδικοῦ Πα[ρθικ]οῦ Σαρματικοῦ Γερμανικοῦ Μεγίσ[του]
                              Βρεταννικοῦ μηνὸς 
[Ἀπελλαίου  -1-2-  Φαῶφι (?) -1-2- ](*)[. ἐν Πτολε]μαΐ(*)δι Εὐε[ργέ]τιδι τοῦ Ἀρσινοείτου νομοῦ. ὁμο[λο]γεῖ Ἰσίδωρος Σώτου ἀπὸ τῆς(*)  
[μητροπόλεως ἀναγρ(αφόμενος)(*) ἐπʼ ἀμ]φ[ό]δου Μ[οή]ρεως ὡς [ἐτῶν] εἴκοσι̣ δύο ἄσημος Πασί[ωνι τῷ] καὶ Ἰσιδώρῳ Μάρωνος 
5 [⁦ -ca.?- ⁩ ὡς ἐτῶν ⁦ -ca.?- ⁩ κον]τα δύο [ἀσή]μῳ ἔχειν τὸν Ἰσίδωρον παρὰ τοῦ Π[ασίωνος] τοῦ καὶ Ἰσιδώρου 
[ἐπὶ τῇ ἐπιτροπευομένῃ αὐτοῦ Θαϊσ]αρίῳ [Ἡρ]ακλείδου παρ[θ]ένῳ οὔσῃ συνερχομ[ένῃ αὐ]τῷ
                              πρὸς γάμον φερ-
[νὴν χρυσ]οῦ μνα[ιαῖα τρία ἐν] κ̣οσμαρ[ίοις] καὶ ἱμάτια ἐ̣[ν] συντειμήσι(*) δραχμῶν τ[ριακ]οσίων ἅ ἐστιν σου-
[δάριον] ῥοδιακὸν, κ[ιθὼν κόκ]κ̣ινος ἡμιτριβής, ἕτερος σμαράγδινος, σου[βρ]ικ[οπάλ]λιον
                              μόρινον ἡμι-
[τριβές, ἀβόλλ]ης λευκὸς καὶ ἐ[ν τοῖς παραφ]έρνοις κιτὼν κροκώ[τι]νος, παλλίολον γλορ̣ὸ̣ν̣,
                              ἐ̣π̣ικάρσιον(*) καὶ χαλκᾶ 
10[Ἀφρο]δείτην, ἔσοπτρον δίπτυχ̣ον, δίφρον, στάμνον, [σ]κάφιον καὶ ξύλινα [⁦ -ca.?- ⁩ θή]κην(*) τῆς Ἀφροδεί-
[της   ̣  ̣  ̣]  ̣ην, σκρήνιον(*) κάθεδραν σὺν ὑποποδίῳ. [σ]υμβιούτωσαν οὖν [ἀλλή]λ̣οις οἱ γαμοῦντες ὅ τε Ἰσί-
[δωρος καὶ ἡ] Θαισάριον ἀμέ̣μπτως τοῦ Ἰσιδώρου [ἐ]πιχορηγοῦ[ντος] αὐτῇ τὰ δέοντα πάντα
                              καὶ τὸν ἱματισμὸν καὶ τὰ ἄλ-
[λα ὅσα καθήκ]ει γυναικὶ γαμετῇ κατὰ δύναμιν τοῦ [βίου κ]αὶ αὐ[τ]ῆς δὲ τῆς Θαισαρίου
                              ἄ[με]μ̣πτον καὶ ἀκατηγόρη-
[τον ἑαυτὴν παρ]εχομενην(*) ἐν τῇ συμβιώσει ἐφʼ ᾧ [καὶ καρπί]ζεσ[θα]ι(*) τὸν Ἰσίδωρον ἐφʼ ὃν χρόνον μένει αὐτοῖς 
15[ἡ πρὸς ἀλλή]λους συμβίωσις τὸ ὑπάρχον τῇ Θα[ϊσα]ρ̣ί̣ῳ̣ περὶ [κώ]μην Σεβέννυτον τέταρτον
                              μέρος κοινὸν καὶ 
[ἀδιαίρετον] φοινικῶνος ἀρουρῶν δέκα ὀκτώ . ἐὰν δὲ [δ]ιαφορᾶς αὐτοῖς γενομένης χωρισθῶ̣νται
                              ἀπʼ ἀλ[λήλων] 
[οἱ γαμοῦντες ἀπ]οδότω ὁ Ἰσίδωρος τὴν προκειμένην φερνὴν [τ]ὸ μὲν χρυσίον ἐν τοῖς
                              α̣[ὐ]τ̣οῖς κοσμαρίοι̣ς̣ καὶ ἴσῃ ὁλ-
[κῇ καὶ τὰ ἱμ]άτ[ι]α ἐν τῇ ἴσῃ συντειμήσει(*) ἐγλογῆ̣ς̣(*) αὐτῇ οὔσης ἤ̣τοι τὰ ἱμάτια λαμβάνειν καὶ τὸ ἀπο̣[δέ]ον ἢ τὴν προ̣-
[κειμένην αὐ]τ̣ῶν(*) συντείμησιν(*) ἐπὶ μὲν τῆς ἀποπομπῆς πα̣[ρ]αχρῆμα, ἐπὶ δὲ τῆς ἑκουσίου ἀπαλλα̣[γῆς ἐν] ἡμέραις 
20[τριάκοντα ἀφʼ] ἧς ἐὰν ἀπαιτηθῇ, τὰ δὲ παράφερνα παραχ̣ρ̣ῆμα ὁποίᾳ ἐὰν ἐ̣γ̣βῇ ἐκ τῆς
                              τρεί[ψεως](*) καὶ κατα-
[διαιρείσθω] ἡ πρόσοδος τοῦ φοι[νι]κῶνος εἰς τὴν τοῦ ἔ[τ]ους τοῦ χωρισμ[οῦ] δωδεκάμηνον
                              καὶ λήμψεται 
[τὸ ἐπιβάλ]λον ὧν ἐὰν φανῇ μεμενηκυεῖα(*) παρʼ αὐτῷ μηνῶν ⁦ vac. ? ⁩ γεινομ̣έ̣νης τῇ Θαισ[αρί]ῳ τ̣ῆ̣ς̣ π̣ρά-
[ξεως τῆς τε φε]ρνῆς καὶ παραφέρνων ἔκ τε τοῦ Ἰσιδώρου καὶ [ἐκ] τῶν ὑπαρχόντων αὐτῷ
                              πάντων καθάπερ ἐ̣γ̣(*) δ̣ί̣κ̣(ης) 
(hand 2) [Ἰσίδωρος Σώτο]υ(*) ἔχω παρὰ τοῦ Πασίωνος τοῦ κα[ὶ] Ἰσιδώρου ἐπὶ τῇ ἐπιτροπευομέ̣ν̣ῃ̣ [αὐτοῦ] 
25[Θαισαρίῳ π]αρθένῳ οὔσῃ συνερχομενης(*) μοι πρὸς γάμον φερνὴν διὰ χει[ρὸς] χρυ[σοῦ] 
[δοκιμίου μ]ναιαῖα τ[ρ]ία ἐν κοσμαρίοις καὶ ἱμάτι[α] ἐν συντε̣ιμήσε̣ι̣(*) δραχμῶ[ν τριακοσί]ω̣ν̣ 
[καὶ τὰ προκείμε]ν̣α παράφερνα ἐφʼ ᾧ καὶ καρπίζεσθαί μ[ε] εἰς τὸν κοινὸν ἡμῶν [οἶκον
                              τ]ὸ ὑπά[ρχον] 
[σοι π]ερὶ κώμη[ν] Σεβ̣έν̣νυτον τέταρτον μέρος φοινικῶν[ο]ς ἀ[ρουρῶν δ]έ̣κ̣α̣ [ὀ]κ[τὼ] 
[γενομένου δὲ χωρισ]μοῦ ἀποδώσω καθὼς πρόκειται. (hand 3) Πασίων ὁ καὶ Ἰσίδω[ρος]
                              Μ̣[άρωνος ἐξε]δό̣-
30[μην τῷ](*) Ἰ[σι]δώρῳ τὴν ἐπιτροπευομένην ὑ̣[πʼ ἐ]μοῦ Θαϊ(*)σάρ[ιον Ἡρακλείδου πρὸς γάμου κοι-]
[νωνίαν](*)[ ἐπὶ τοῖς] προκειμένοις. 
(hand 4) κατεχω(ρίσθη) λ (ἔτει) Φαῶ(φι) λ. (hand 5) δὸς ἴ̣σ̣ο(ν). (hand 6) ἐξεδό(θη). ","  ἔτους τριακοστοῦ Αὐτοκράτορος Καίσαρος Μάρκου Αὐρηλίου Κομμόδου Ἀντωνείνου
                              Εὐσεβοῦς 
Εὐτυχοῦς Σεβαστοῦ Ἀρμενιακοῦ Μηδικοῦ Παρθικοῦ Σαρματικοῦ Γερμανικοῦ Μεγίστου
                              Βρεταννικοῦ μηνὸς 
Ἀπελλαίου  -1-2-  Φαῶφι ? -1-2- . ἐν Πτολεμαΐδι Εὐεργέτιδι τοῦ Ἀρσινοείτου νομοῦ. ὁμολογεῖ Ἰσίδωρος Σώτου ἀπὸ τῆς  
μητροπόλεως ἀναγραφόμενος ἐπʼ ἀμφόδου Μοήρεως ὡς ἐτῶν εἴκοσι̣ δύο ἄσημος Πασίωνι τῷ καὶ Ἰσιδώρῳ Μάρωνος 
5 ⁦ -ca.?- ⁩ ὡς ἐτῶν ⁦ -ca.?- ⁩ κοντα δύο ἀσήμῳ ἔχειν τὸν Ἰσίδωρον παρὰ τοῦ Πασίωνος τοῦ καὶ Ἰσιδώρου 
ἐπὶ τῇ ἐπιτροπευομένῃ αὐτοῦ Θαϊσαρίῳ Ἡρακλείδου παρθένῳ οὔσῃ συνερχομένῃ αὐτῷ
                              πρὸς γάμον φερ-
νὴν χρυσοῦ μναιαῖα τρία ἐν κ̣οσμαρίοις καὶ ἱμάτια ἐ̣ν συντειμήσι δραχμῶν τριακοσίων ἅ ἐστιν σου-
δάριον ῥοδιακὸν, κιθὼν κόκκ̣ινος ἡμιτριβής, ἕτερος σμαράγδινος, σουβρικοπάλλιον
                              μόρινον ἡμι-
τριβές, ἀβόλλης λευκὸς καὶ ἐν τοῖς παραφέρνοις κιτὼν κροκώτινος, παλλίολον γλορ̣ὸ̣ν̣,
                              ἐ̣π̣ικάρσιον καὶ χαλκᾶ 
10Ἀφροδείτην, ἔσοπτρον δίπτυχ̣ον, δίφρον, στάμνον, σκάφιον καὶ ξύλινα ⁦ -ca.?- ⁩ θήκην τῆς Ἀφροδεί-
της   ̣  ̣  ̣  ̣ην, σκρήνιον κάθεδραν σὺν ὑποποδίῳ. συμβιούτωσαν οὖν ἀλλήλ̣οις οἱ γαμοῦντες ὅ τε Ἰσί-
δωρος καὶ ἡ Θαισάριον ἀμέ̣μπτως τοῦ Ἰσιδώρου ἐπιχορηγοῦντος αὐτῇ τὰ δέοντα πάντα
                              καὶ τὸν ἱματισμὸν καὶ τὰ ἄλ-
λα ὅσα καθήκει γυναικὶ γαμετῇ κατὰ δύναμιν τοῦ βίου καὶ αὐτῆς δὲ τῆς Θαισαρίου
                              ἄμεμ̣πτον καὶ ἀκατηγόρη-
τον ἑαυτὴν παρεχομενην ἐν τῇ συμβιώσει ἐφʼ ᾧ καὶ καρπίζεσθαι τὸν Ἰσίδωρον ἐφʼ ὃν χρόνον μένει αὐτοῖς 
15ἡ πρὸς ἀλλήλους συμβίωσις τὸ ὑπάρχον τῇ Θαϊσαρ̣ί̣ῳ̣ περὶ κώμην Σεβέννυτον τέταρτον
                              μέρος κοινὸν καὶ 
ἀδιαίρετον φοινικῶνος ἀρουρῶν δέκα ὀκτώ . ἐὰν δὲ διαφορᾶς αὐτοῖς γενομένης χωρισθῶ̣νται
                              ἀπʼ ἀλλήλων 
οἱ γαμοῦντες ἀποδότω ὁ Ἰσίδωρος τὴν προκειμένην φερνὴν τὸ μὲν χρυσίον ἐν τοῖς
                              α̣ὐτ̣οῖς κοσμαρίοι̣ς̣ καὶ ἴσῃ ὁλ-
κῇ καὶ τὰ ἱμάτια ἐν τῇ ἴσῃ συντειμήσει ἐγλογῆ̣ς̣ αὐτῇ οὔσης ἤ̣τοι τὰ ἱμάτια λαμβάνειν καὶ τὸ ἀπο̣δέον ἢ τὴν προ̣-
κειμένην αὐτ̣ῶν συντείμησιν ἐπὶ μὲν τῆς ἀποπομπῆς πα̣ραχρῆμα, ἐπὶ δὲ τῆς ἑκουσίου ἀπαλλα̣γῆς ἐν ἡμέραις 
20τριάκοντα ἀφʼ ἧς ἐὰν ἀπαιτηθῇ, τὰ δὲ παράφερνα παραχ̣ρ̣ῆμα ὁποίᾳ ἐὰν ἐ̣γ̣βῇ ἐκ τῆς
                              τρείψεως καὶ κατα-
διαιρείσθω ἡ πρόσοδος τοῦ φοινικῶνος εἰς τὴν τοῦ ἔτους τοῦ χωρισμοῦ δωδεκάμηνον
                              καὶ λήμψεται 
τὸ ἐπιβάλλον ὧν ἐὰν φανῇ μεμενηκυεῖα παρʼ αὐτῷ μηνῶν ⁦ vac. ? ⁩ γεινομ̣έ̣νης τῇ Θαισαρίῳ τ̣ῆ̣ς̣ π̣ρά-
ξεως τῆς τε φερνῆς καὶ παραφέρνων ἔκ τε τοῦ Ἰσιδώρου καὶ ἐκ τῶν ὑπαρχόντων αὐτῷ
                              πάντων καθάπερ ἐ̣γ̣ δ̣ί̣κ̣ης 
hand 2 Ἰσίδωρος Σώτου ἔχω παρὰ τοῦ Πασίωνος τοῦ καὶ Ἰσιδώρου ἐπὶ τῇ ἐπιτροπευομέ̣ν̣ῃ̣ αὐτοῦ 
25Θαισαρίῳ παρθένῳ οὔσῃ συνερχομενης μοι πρὸς γάμον φερνὴν διὰ χειρὸς χρυσοῦ 
δοκιμίου μναιαῖα τρία ἐν κοσμαρίοις καὶ ἱμάτια ἐν συντε̣ιμήσε̣ι̣ δραχμῶν τριακοσίω̣ν̣ 
καὶ τὰ προκείμεν̣α παράφερνα ἐφʼ ᾧ καὶ καρπίζεσθαί με εἰς τὸν κοινὸν ἡμῶν οἶκον
                              τὸ ὑπάρχον 
σοι περὶ κώμην Σεβ̣έν̣νυτον τέταρτον μέρος φοινικῶνος ἀρουρῶν δέ̣κ̣α̣ ὀκτὼ 
γενομένου δὲ χωρισμοῦ ἀποδώσω καθὼς πρόκειται. hand 3 Πασίων ὁ καὶ Ἰσίδωρος
                              Μ̣άρωνος ἐξεδό̣-
30μην τῷ Ἰσιδώρῳ τὴν ἐπιτροπευομένην ὑ̣πʼ ἐμοῦ Θαϊσάριον Ἡρακλείδου πρὸς γάμου κοι-
νωνίαν ἐπὶ τοῖς προκειμένοις. 
hand 4 κατεχωρίσθη λ ἔτει Φαῶφι λ. hand 5 δὸς ἴ̣σ̣ον. hand 6 ἐξεδόθη. ","29.3149635,30.8399565",29.3149635,30.8399565,31.855166070000003,15.493248178571427,15
