Unnamed: 0,Condition (HGV),Author (HGV),License (HGV),Culture (HGV),Script Type (HGV),Previous Edition (HGV),Preservation (HGV),Origin (HGV),Catalog(s) (HGV),Work (HGV),Summary (HGV),Recto/Verso (HGV),Post-Concordance BL Entries (HGV),Genre (HGV),Material (HGV),Support Dimensions (HGV),Publications (HGV),Title (HGV),Translations (HGV),Support Material (HGV),Note (general) (HGV),Support/Dimensions (HGV),Reuse Type (HGV),Images (HGV),People (HGV),Subjects (HGV),Hands (HGV),Commentary (HGV),General Notes (HGV),Place Stored (Ancient) (HGV),Inv. no. (HGV),Principal Edition (HGV),Lines (HGV),Citations (HGV),Availability (HGV),palaeo (HGV),Provenance (HGV),Religion (HGV),catalogue (HGV),Partial Edition (HGV),Date (HGV),translation (HGV),study (HGV),Reference Edition (HGV),Fragments (HGV),reference (HGV),Associated Names (HGV),Works (HGV),Inv. Id (HGV),Form and Layout (HGV),Places (HGV),illustration (HGV),Language (HGV),Print Illustrations (HGV),Note (local/note) (HGV),Note (related) (HGV),Content (HGV),Readings (HGV),Mentioned Dates (HGV),Archive (HGV),Fragments (Tris),General Notes (Tris),Genre (Tris),Print Illustrations (Tris),Reuse Type (Tris),Date (Tris),Publications (Tris),Subjects (Tris),illustration (Tris),Origin (Tris),Translations (Tris),Reference Edition (Tris),Partial Edition (Tris),Support Dimensions (Tris),Provenance (Tris),Availability (Tris),Work (Tris),Content (Tris),Form and Layout (Tris),catalogue (Tris),License (Tris),Previous Edition (Tris),Post-Concordance BL Entries (Tris),Support Material (Tris),Principal Edition (Tris),Citations (Tris),People (Tris),translation (Tris),Commentary (Tris),Inv. Id (Tris),Place Stored (Ancient) (Tris),Support/Dimensions (Tris),Script Type (Tris),Culture (Tris),Catalog(s) (Tris),Mentioned Dates (Tris),study (Tris),palaeo (Tris),Readings (Tris),Title (Tris),Material (Tris),Images (Tris),Religion (Tris),Works (Tris),Language (Tris),Inv. no. (Tris),Places (Tris),Archive (Tris),reference (Tris),text,cleanText,Coordinates,Latitude,Longitude,relLat,relLong,Cluster
31,,,© Heidelberger Gesamtverzeichnis der griechischen Papyrusurkunden Ägyptens. This work is licensed under a Creative Commons Attribution 3.0 License.,,,,,Bakchias,,,,,VIII 143; X 80; XII 81,,Papyrus,,"P. Grenf. 2 67 (Grenfell, Bernard P. / Hunt, Arthur S.; 1897) = Chrest. Wilck. 497 (Wilcken, Ulrich / ; 1912) = P. Lond. 3 p. XXVII no. 707 descr. (Kenyon, Frederic G. / Bell, Harold Idris; 1907)",keiner,"Pap. Lup. 11, 2002, S. 165",,,Papyrus,,http://www.bl.uk/manuscripts/FullDisplay.aspx?ref=Papyrus_70...,mentioned people,Vertrag; Miete zweier Tänzerinnen,,"Zur Datierung vgl. Bl X, S. 80. Neudruck: Pap. Lup. 11, 2002, S. 164f.",,,"London, British Library Pap 707",,,,,,"Egypt, 00a - Bakchias (Kom el-Atl)[found & written]",,,,AD 237 Aug 6,,,,,,,,,,mentioned places,,Greek,,,,,,,,,,,,,6. Aug. 237,W.Chr. 497,Vertrag; Miete zweier Tänzerinnen,,Bakchias (Arsinoites),"Pap. Lup. 11, 2002, S. 165",,,,,,,,,,© Heidelberger Gesamtverzeichnis der griechischen Papyrusurkunden Ägyptens. This work is licensed under a Creative Commons Attribution 3.0 License.,,VIII 143; X 80; XII 81,,,,,,"Zur Datierung vgl. Bl X, S. 80. Neudruck: Pap. Lup. 11, 2002, S. 164f.",,,Papyrus,,,,,,,,keiner,Papyrus,http://www.bl.uk/manuscripts/FullDisplay.aspx?ref=Papyrus_70...,,,,,,,,"  [Αὐρ]ηλ(ίῳ) Θέωνι πρωνοη(τῇ)(*) αὐλ(ητρίδων) 
[πα]ρὰ Αὐρηλίου Ἀσκλᾶ Φιλαδέλ-
[φου] ἡγουμένου συνόδου κώ-
[μη]ς Βακχιάδος. βούλομαι 
5[ἐ]κλαβεῖν παρά σου Τ̣[  ̣]σ̣ᾶιν 
[ὀρ]χ̣ήστριαν σὺν ἑτέρᾳ μίᾳ λι-
[τουργ]ήσιν(*) ἡμῖν ἐν τῇ προ[κε]ι-
[μέ]νῃ κώμῃ ἐπὶ ἡμέρας ι  
[ἀ]πὸ τῆς ιγ Φαῶφι μηνὸς 
10[κατ]ὰ ἀρχαίους, λαβμανόντων(*)  
[αὐ]τῶν ὑπὲρ μισθοῦ ἡμερη-
[σί]ως (δραχμὰς) λϛ καὶ ὑπὲρ τιμήμα-
[τος] πασῶν τῶν ἡμερῶν 
πυ̣ρ̣οῦ(*) ἀρτάβας γ καὶ ψωμίων 
15ζε[ύ]γη ιε, ὑπὲρ καταβάσεως 
καὶ ἀναβάσεως ὄνους γ. ἐντεῦ-
θε[ν] δὲ ἐσχή(κασι) ὑπὲρ ἀραβῶνος 
[τῇ τ]ιμῇ ἐλλογουμέν[ο]υ σ̣[ο]ι̣ 
(δραχμὰς) [  ̣]β. 
20(ἔτους) γ Αὐτοκράτορος (Καί)σαρος Γαίου Ἰουλίου 
Οὐήρου Μαξιμίνου Εὐσεβοῦς Εὐτυχοῦς 
Σεβαστοῦ Γερμανικοῦ Μεγίστου Δακικοῦ 
Μεγίστου [Σα]ρματικοῦ Μεγίστου (καὶ) Γαίου 
Ἰουλίου Οὐήρου Μαξίμου Γερμανικοῦ 
25[Μεγίστου] Δακικοῦ Μεγίστου Σαρματικ[οῦ] 
[Μεγίστου το]ῦ ἱ̣ε̣ρ̣ω̣τάτου(*) (Καί)σαρος 
Σ̣ε̣β̣α̣σ̣[το]ῦ υἱο̣ῦ̣ τ̣[οῦ Σε]βαστοῦ(*) Ἐπὶφ [  ̣]. ","  Αὐρηλίῳ Θέωνι πρωνοητῇ αὐλητρίδων 
παρὰ Αὐρηλίου Ἀσκλᾶ Φιλαδέλ-
φου ἡγουμένου συνόδου κώ-
μης Βακχιάδος. βούλομαι 
5ἐκλαβεῖν παρά σου Τ̣  ̣σ̣ᾶιν 
ὀρχ̣ήστριαν σὺν ἑτέρᾳ μίᾳ λι-
τουργήσιν ἡμῖν ἐν τῇ προκει-
μένῃ κώμῃ ἐπὶ ἡμέρας ι  
ἀπὸ τῆς ιγ Φαῶφι μηνὸς 
10κατὰ ἀρχαίους, λαβμανόντων  
αὐτῶν ὑπὲρ μισθοῦ ἡμερη-
σίως δραχμὰς λϛ καὶ ὑπὲρ τιμήμα-
τος πασῶν τῶν ἡμερῶν 
πυ̣ρ̣οῦ ἀρτάβας γ καὶ ψωμίων 
15ζεύγη ιε, ὑπὲρ καταβάσεως 
καὶ ἀναβάσεως ὄνους γ. ἐντεῦ-
θεν δὲ ἐσχήκασι ὑπὲρ ἀραβῶνος 
τῇ τιμῇ ἐλλογουμένου σ̣οι̣ 
δραχμὰς   ̣β. 
20ἔτους γ Αὐτοκράτορος Καίσαρος Γαίου Ἰουλίου 
Οὐήρου Μαξιμίνου Εὐσεβοῦς Εὐτυχοῦς 
Σεβαστοῦ Γερμανικοῦ Μεγίστου Δακικοῦ 
Μεγίστου Σαρματικοῦ Μεγίστου καὶ Γαίου 
Ἰουλίου Οὐήρου Μαξίμου Γερμανικοῦ 
25Μεγίστου Δακικοῦ Μεγίστου Σαρματικοῦ 
Μεγίστου τοῦ ἱ̣ε̣ρ̣ω̣τάτου Καίσαρος 
Σ̣ε̣β̣α̣σ̣τοῦ υἱο̣ῦ̣ τ̣οῦ Σεβαστοῦ Ἐπὶφ   ̣. ","29.536946,31.0041595",29.536946,31.0041595,31.98324441,15.287121571428573,23
112,,,© Heidelberger Gesamtverzeichnis der griechischen Papyrusurkunden Ägyptens. This work is licensed under a Creative Commons Attribution 3.0 License.,,,,,Karanis,,,,,,,Papyrus,,"P. Cairo Isid. 35 (Boak, Arthur E. R. / Youtie, Herbert Chayyim; 1960)",Receipts for Annona,,,,Papyrus,,,mentioned people,Sammelquittung; Überweisung; Annona; Spreu; Holz; Wein; Kamel,,,,,"Cairo, Egyptian Museum JdE 57025",,,,,,"Egypt, 00a - Karanis (Kom Aushim)[found & written]",,,,AD 294 Jan 28 (Mecheir 03),,,,,,,,,,mentioned places,,Greek,,,,,,Z. 10:16. Jan. 294 Z. 6:18. Dez. 293,Aurelius Isidoros son of Ptolemaios,,,,,,28. Jan. 294,P.Cair. Isid. 35,Sammelquittung; Überweisung; Annona; Spreu; Holz; Wein; Kamel,,Karanis (Arsinoites),,,,,,,,,,,© Heidelberger Gesamtverzeichnis der griechischen Papyrusurkunden Ägyptens. This work is licensed under a Creative Commons Attribution 3.0 License.,,,,,,,,,,,Papyrus,,,,Z. 10:16. Jan. 294 Z. 6:18. Dez. 293,,,,Receipts for Annona,Papyrus,,,,,,,,,"  ὑπατίας(*) τῶν κυρίων ἡ[μ]ῶν 
Διοκλητιανοῦ τὸ ε καὶ Μαξιμιανοῦ τὸ δ, 
ἔτους ι καὶ ἐνάτου τῶν κυρίων ἡμῶν 
Διοκλητιανοῦ καὶ Μαξιμιανοῦ Σεβαστῶν καὶ 
5ἔτους β τῶν κυρίων ἡμῶν Κωνσταντίου 
καὶ Μαξιμιανοῦ <Καισάρων> Σεβαστῶν, Χοιὰκ κβ. 
διέ(γραψεν) <πτολέμαιος(?)> Χαιρήμονος δι(ὰ) Κοπρῆ τι(μῆς) οἴνου καὶ 
[ἀ]χ̣ύρου καὶ ξύλο̣υ̣ καὶ τι(μῆς) καμή(λου) ὁρι(οδεικτίας) Καρ(ανίδος) 
(δραχμὰς) ἐνενήκοντα δύο, (γίνονται) (δραχμαὶ) ϙβ. Ὡρίων σεσ(ημείωμαι). 
10καὶ Τῦβι κα ὁμοί(ως) <ὁ> α(ὐτὸς) ἀννώ(νης) (δραχμὰς) ἑβδομήκοντα ἕξ, 
(γίνονται) (δραχμαὶ) οϛ. Ὡρίων σεσ(ημείωμαι). 
καὶ Μεχεὶρ γ ὁμοί(ως) διέγρ(αψεν) ὁ α(ὐτὸς) 
τι(μῆς) οἴνου ἀννω(νικῆς) κατα(βολῆς) γ ὁρι(οδεικτίας) Καρ(ανίδος) 
(δραχμὰς) ἑκατὸν ἑξήκοντα, (γίνονται) (δραχμαὶ) ρξ. Ὡρίων σεσ(ημείωμαι). ","  ὑπατίας τῶν κυρίων ἡμῶν 
Διοκλητιανοῦ τὸ ε καὶ Μαξιμιανοῦ τὸ δ, 
ἔτους ι καὶ ἐνάτου τῶν κυρίων ἡμῶν 
Διοκλητιανοῦ καὶ Μαξιμιανοῦ Σεβαστῶν καὶ 
5ἔτους β τῶν κυρίων ἡμῶν Κωνσταντίου 
καὶ Μαξιμιανοῦ Καισάρων Σεβαστῶν, Χοιὰκ κβ. 
διέγραψεν πτολέμαιος? Χαιρήμονος διὰ Κοπρῆ τιμῆς οἴνου καὶ 
ἀχ̣ύρου καὶ ξύλο̣υ̣ καὶ τιμῆς καμήλου ὁριοδεικτίας Καρανίδος 
δραχμὰς ἐνενήκοντα δύο, γίνονται δραχμαὶ ϙβ. Ὡρίων σεσημείωμαι. 
10καὶ Τῦβι κα ὁμοίως ὁ αὐτὸς ἀννώνης δραχμὰς ἑβδομήκοντα ἕξ, 
γίνονται δραχμαὶ οϛ. Ὡρίων σεσημείωμαι. 
καὶ Μεχεὶρ γ ὁμοίως διέγραψεν ὁ αὐτὸς 
τιμῆς οἴνου ἀννωνικῆς καταβολῆς γ ὁριοδεικτίας Καρανίδος 
δραχμὰς ἑκατὸν ἑξήκοντα, γίνονται δραχμαὶ ρξ. Ὡρίων σεσημείωμαι. ","29.5164395,30.897603",29.5164395,30.897603,31.900130340000004,15.30616332142857,23
113,,,© Heidelberger Gesamtverzeichnis der griechischen Papyrusurkunden Ägyptens. This work is licensed under a Creative Commons Attribution 3.0 License.,,,,,Karanis,,,,,,,Papyrus,,"P. Cairo Isid. 80 (Boak, Arthur E. R. / Youtie, Herbert Chayyim; 1960) = SB 6 9267 (Kiessling, Emil / ; 1960) = Journal of Juristic Papyrology (JJP) 9 - 10 (1955-1956), p. 149- (Boak, Arthur E. R. / Youtie, Herbert Chayyim; 1955-1956)",Substitution in a Liturgy,,,,Papyrus,,,mentioned people,Vertrag; Übernahme; Liturgie,,"Zur Datierung vgl. RFBE, S. 28.",,,"Cairo, Egyptian Museum JdE 57083",,,,,,"Egypt, 00a - Karanis (Kom Aushim)[found & written]",,,,"AD 297 Oct 19 (Lucius Domitius Domitianus, year 02, Phaophi 22; cf. RFBE, p. 28)",,,,,,,,,,mentioned places,,Greek,,,,,,,Aurelius Isidoros son of Ptolemaios,,,,,,19. Okt. 297,SB VI 9267,Vertrag; Übernahme; Liturgie,,Karanis (Arsinoites),,,,,,,,,,,© Heidelberger Gesamtverzeichnis der griechischen Papyrusurkunden Ägyptens. This work is licensed under a Creative Commons Attribution 3.0 License.,,,,,,,,"Zur Datierung vgl. RFBE, S. 28.",,,Papyrus,,,,,,,,Substitution in a Liturgy,Papyrus,,,,,,,,,"  [1 line missing] 
1[ἀπὸ τοῦ ἀμφό]δ[ου Βιθυνῶν Ἰσίωνος Αὐ]ρ̣η̣-
[λίῳ Ἥρω]νι Πτο[λεμαίου ἀπὸ κ]ώμ[η]ς Κα[ρανί]δος̣ 
[χαίρειν]. ἐπιδὴ(*)    ̣[- ca.10 -]  ̣ω  ̣  ̣  ̣[  ̣  ̣ ἀν]τὶ σοῦ 
[  ̣  ̣  ̣  ̣  ̣  ̣  ̣]  ̣  ̣  ̣  ̣[- ca.11 - τὴ]ν̣ τ̣[ο]ῦ̣ σ[υμ]μάχου 
5[χρείαν], ἐμο̣ῦ̣ [δὲ] λα[βόντος πα]ρὰ σοῦ ὑπὲρ τοῦ μ[ισ]θοῦ 
[κα]ὶ ἐκπίσματος(*) [τὰ] μετοξοὶ(*) ἡμῶν συ[μ]φωνη-
θ[έ]ντα [ἀρ]γυρίο[υ τά]λαντα τρία , διόπερ ἐν-
τεῦθεν ὁμολογῶ ἀπεσχηκέναι τὰ αὐτὰ καὶ 
προκίμενα τοῦ ἀργυρίου τάλαντα τρία καὶ τὸ ξίφος 
10καὶ τὴν ἀντὶ σοῦ χρίαν(*) ἀμέπτως(*) ἀποπληρῶσαι, 
παραμενῶ δὲ ἐκῖσε(*) εἰς τὴν αὐτὴν συμμαχίαν 
μέχρις ἂν ἀπολοίσεως(*) τύχω ἀρκούμενος 
τῷδε τῷ προκιμ[έν]ῳ ἐκπείσματει(*), καὶ οὐ-
κ οὔσης ἐξουσίας [ὁπο]τέρῳ ἡμῶν ἀλλάξε(*) τι τού-
15των ἢ παραβῆνέ(*) τει(*) τῶν ἐνγεγραμμένων 
κατʼ οὐδένα τρόπον, ἐντεῦθεν δὲ παρέσχον 
[ἐγ]γυητὴν Αὐρήλιον Δῖον Πωλίωνος ἀπὸ τοῦ 
αὐτοῦ ἀμφόδου Βιθυνῶν Ἰσίωνος ὃς παρὼν 
εὐδόκησεν τῇδε τῇ γεναμένῃ(*) συνκαταθέ-
20σι(*), διὰ τὸ ἐπὶ τούτοις ἡμᾶς τὰ πρὸς ἀλλήλους συν-
τεθῖσται(*). ἐπερωτήσαντες ἀλλήλους ὡμολογήσαμ[εν]. 
(ἔτους) β ((s-etous)) τοῦ κυρίου ἡμῶν Λουκίου Δομιττίου 
Δομιττιανοῦ Εὐσεβοῦς Εὐτυχοῦς Σεβαστοῦ, Φαῶφι 
κβ. (hand 2) Αὐρήλιος Ἥρων Πτολεμαίου ἀπὸ κ(ώμης) Καρανίδος 
25συνεθέμην πᾶσι τοῖς προκειμένοις καὶ οὐδὲν παραβήσομαι ὡς πρόκειται, 
καὶ ἐπερω(τηθεὶς) ὡμολόγ(ησα). Αὐρήλιος Χαιρήμ(ων) ἔγρα(ψα) ὑπὲρ αὐτοῦ ἀξιωθεὶς ἀγραμμάτου
                              ὄντος. 
(hand 3) Αὐρήλιος Δεῖος ἐνεγυησάμην τὸν Ἥρωνα ὡς πρόκι[ται]. ","  1 line missing 
1ἀπὸ τοῦ ἀμφόδου Βιθυνῶν Ἰσίωνος Αὐρ̣η̣-
λίῳ Ἥρωνι Πτολεμαίου ἀπὸ κώμης Καρανίδος̣ 
χαίρειν. ἐπιδὴ    ̣- ca.10 -  ̣ω  ̣  ̣  ̣  ̣  ̣ ἀντὶ σοῦ 
  ̣  ̣  ̣  ̣  ̣  ̣  ̣  ̣  ̣  ̣  ̣- ca.11 - τὴν̣ τ̣οῦ̣ συμμάχου 
5χρείαν, ἐμο̣ῦ̣ δὲ λαβόντος παρὰ σοῦ ὑπὲρ τοῦ μισθοῦ 
καὶ ἐκπίσματος τὰ μετοξοὶ ἡμῶν συμφωνη-
θέντα ἀργυρίου τάλαντα τρία , διόπερ ἐν-
τεῦθεν ὁμολογῶ ἀπεσχηκέναι τὰ αὐτὰ καὶ 
προκίμενα τοῦ ἀργυρίου τάλαντα τρία καὶ τὸ ξίφος 
10καὶ τὴν ἀντὶ σοῦ χρίαν ἀμέπτως ἀποπληρῶσαι, 
παραμενῶ δὲ ἐκῖσε εἰς τὴν αὐτὴν συμμαχίαν 
μέχρις ἂν ἀπολοίσεως τύχω ἀρκούμενος 
τῷδε τῷ προκιμένῳ ἐκπείσματει, καὶ οὐ-
κ οὔσης ἐξουσίας ὁποτέρῳ ἡμῶν ἀλλάξε τι τού-
15των ἢ παραβῆνέ τει τῶν ἐνγεγραμμένων 
κατʼ οὐδένα τρόπον, ἐντεῦθεν δὲ παρέσχον 
ἐγγυητὴν Αὐρήλιον Δῖον Πωλίωνος ἀπὸ τοῦ 
αὐτοῦ ἀμφόδου Βιθυνῶν Ἰσίωνος ὃς παρὼν 
εὐδόκησεν τῇδε τῇ γεναμένῃ συνκαταθέ-
20σι, διὰ τὸ ἐπὶ τούτοις ἡμᾶς τὰ πρὸς ἀλλήλους συν-
τεθῖσται. ἐπερωτήσαντες ἀλλήλους ὡμολογήσαμεν. 
ἔτους β s-etous τοῦ κυρίου ἡμῶν Λουκίου Δομιττίου 
Δομιττιανοῦ Εὐσεβοῦς Εὐτυχοῦς Σεβαστοῦ, Φαῶφι 
κβ. hand 2 Αὐρήλιος Ἥρων Πτολεμαίου ἀπὸ κώμης Καρανίδος 
25συνεθέμην πᾶσι τοῖς προκειμένοις καὶ οὐδὲν παραβήσομαι ὡς πρόκειται, 
καὶ ἐπερωτηθεὶς ὡμολόγησα. Αὐρήλιος Χαιρήμων ἔγραψα ὑπὲρ αὐτοῦ ἀξιωθεὶς ἀγραμμάτου
                              ὄντος. 
hand 3 Αὐρήλιος Δεῖος ἐνεγυησάμην τὸν Ἥρωνα ὡς πρόκιται. ","29.5164395,30.897603",29.5164395,30.897603,31.900130340000004,15.30616332142857,23
117,,,© Heidelberger Gesamtverzeichnis der griechischen Papyrusurkunden Ägyptens. This work is licensed under a Creative Commons Attribution 3.0 License.,,,,,Karanis,,,,,,,Papyrus,,P.Cair. Mich. 3 13,"Lease of female pigs between Polion and Sempronius Gemellus, written by the hand of Socrates, registered in the grapheion of Karanis",,,,Papyrus,,,,Vertrag; Pacht; Schweine; Geld,,,,,,,,,,,,,,,Mitte II,,,,,,,,P. Mich. 4793 (glass 279),,,,,S. 76,,,,,,,,,,S. 76,,Mitte II,P.Cair. Mich. 3 13,Vertrag; Pacht; Schweine; Geld,,Karanis (Arsinoites),,,,,,,,,,,© Heidelberger Gesamtverzeichnis der griechischen Papyrusurkunden Ägyptens. This work is licensed under a Creative Commons Attribution 3.0 License.,,,,,,,,,P. Mich. 4793 (glass 279),,Papyrus,,,,,,,,"Lease of female pigs between Polion and Sempronius Gemellus, written by the hand of Socrates, registered in the grapheion of Karanis",Papyrus,,,,,,,,,"  -- -- -- -- -- -- -- -- -- --  
1[⁦ -ca.?- ⁩] δελφα̣[κ]ί[ων ⁦ -ca.?- ⁩]ν̣[ο]ς κατ’ ἔ[τος   ̣  ̣  ̣  ̣  ̣]ημενη[⁦ -ca.?- ⁩] 
[⁦ -ca.?- ⁩]ν δει ω[  ̣  ̣  ̣] συμμίκτων ἀρ[ιθ]μῷ τριάκοντα, 
[ἃ καὶ] ἀποδώσι(*) ὁ ὁμολογῶν ἄνευ πάσης ἀντιλογείας(*)  
[καὶ ὑ]π̣ολογείας(*), καὶ μετὰ τὸν χρόνον παραδώσι(*) τὰς 
5[πρ]οκειμένας ὕα[ς] ἀθανάτους καὶ ἀκινδύνους ἢ τὰς 
[ὕα]ς ἀντὶ αὐτῶν τελείας, γεινομένης(*) τῆς πράξεως 
[τῷ] Σεμπρωνίῳ [Γ]εμέλλῳ ἐκ τε τοῦ̣ ὁμολογοῦντος καὶ 
[ἐκ τ]ῶν ὑπαρχ[ό]ντων αὐτῷ πάντων καθά(περ) ἐγ(*) δίκης {καὶ}. 
(hand 2) [Π]ωλίων Σωκράτους τοῦ Σαραπᾶ ὁ-
10μ̣ολογῶ εἰληφέμαι(*) παρὰ τοῦ Σεφ-
[π]ρωνίου̣(*) Γεμέλλου ἐν μισθώ-
[σει] ὕας τελίας(*) ἀριθμῷ ἓξ συντετει-
μ̣η̣μένας(*) ἀργυρίου δραχμῶν τετρα-
κ̣οσίων ε[ἰ]ς ἔτη δύο φόρου κατ’ ἔτος δελ-
15φ̣ακίων ἀριθ̣μῷ τριά{α}κοντα, ἃ καὶ ἀπο-
δ̣ώσω ἄνευ πάσης ὑπολογίας καθὼς πρ-
όκειται. (hand 3) Σεμπρώνιος Γεμέλλος γέγον(εν) εἰς με 
[ἡ] ὁμολογία κα[θ]ὼς πρόκιται(*). 
 (hand 4) ἀναγέγρα(πται) διὰ γρ(αφείου) Καρα(νίδος) ","  -- -- -- -- -- -- -- -- -- --  
1⁦ -ca.?- ⁩ δελφα̣κίων ⁦ -ca.?- ⁩ν̣ος κατ’ ἔτος   ̣  ̣  ̣  ̣  ̣ημενη⁦ -ca.?- ⁩ 
⁦ -ca.?- ⁩ν δει ω  ̣  ̣  ̣ συμμίκτων ἀριθμῷ τριάκοντα, 
ἃ καὶ ἀποδώσι ὁ ὁμολογῶν ἄνευ πάσης ἀντιλογείας  
καὶ ὑπ̣ολογείας, καὶ μετὰ τὸν χρόνον παραδώσι τὰς 
5προκειμένας ὕας ἀθανάτους καὶ ἀκινδύνους ἢ τὰς 
ὕας ἀντὶ αὐτῶν τελείας, γεινομένης τῆς πράξεως 
τῷ Σεμπρωνίῳ Γεμέλλῳ ἐκ τε τοῦ̣ ὁμολογοῦντος καὶ 
ἐκ τῶν ὑπαρχόντων αὐτῷ πάντων καθάπερ ἐγ δίκης {καὶ}. 
hand 2 Πωλίων Σωκράτους τοῦ Σαραπᾶ ὁ-
10μ̣ολογῶ εἰληφέμαι παρὰ τοῦ Σεφ-
πρωνίου̣ Γεμέλλου ἐν μισθώ-
σει ὕας τελίας ἀριθμῷ ἓξ συντετει-
μ̣η̣μένας ἀργυρίου δραχμῶν τετρα-
κ̣οσίων εἰς ἔτη δύο φόρου κατ’ ἔτος δελ-
15φ̣ακίων ἀριθ̣μῷ τριά{α}κοντα, ἃ καὶ ἀπο-
δ̣ώσω ἄνευ πάσης ὑπολογίας καθὼς πρ-
όκειται. hand 3 Σεμπρώνιος Γεμέλλος γέγονεν εἰς με 
ἡ ὁμολογία καθὼς πρόκιται. 
 hand 4 ἀναγέγραπται διὰ γραφείου Καρανίδος ","29.5164395,30.897603",29.5164395,30.897603,31.900130340000004,15.30616332142857,23
161,,,© Heidelberger Gesamtverzeichnis der griechischen Papyrusurkunden Ägyptens. This work is licensed under a Creative Commons Attribution 3.0 License.,,,,,Psenyris,,,,,,,Papyrus,,"P. Grenf. 2 61 (Grenfell, Bernard P. / Hunt, Arthur S.; 1897)",keiner,,,,Papyrus,,https://digital.bodleian.ox.ac.uk/objects/9cc9c546-0af0-4b54...,mentioned people,Eingabe; Tapiamis an den Strategen Hierax; eine Botin (Geld) ist mit dem Geld; womit sie einen Händler (Wein) bezahlten sollte; verschwunden,,"Zur Datierung vgl. BL III, S.71 (gegen Bastianini - Whitehorne, Strategi, S. 35; vgl. Ziegler zu BGU I 199). Alternativdatierung: 31. Jan. 198.",,,"Oxford, Bodleian Library MS. Gr. class. e. 71 (P)",,,,,,"Egypt, 00a - Psenhyris[written]; Egypt, 00 - Arsinoites (Fayum)[found]",,,,AD 198 Jan 31?; or AD 197 Jan 31?,,,,,,,,,,mentioned places,,Greek,,,,,,,,,,,,,31. Jan. 198 (Jahr unsicher),P.Grenf. 2 61,Eingabe; Tapiamis an den Strategen Hierax; eine Botin (Geld) ist mit dem Geld; womit sie einen Händler (Wein) bezahlten sollte; verschwunden,,Psenyris (Arsinoites),,,,,,,,,,,© Heidelberger Gesamtverzeichnis der griechischen Papyrusurkunden Ägyptens. This work is licensed under a Creative Commons Attribution 3.0 License.,,,,,,,,"Zur Datierung vgl. BL III, S.71 (gegen Bastianini - Whitehorne, Strategi, S. 35; vgl. Ziegler zu BGU I 199). Alternativdatierung: 31. Jan. 198.",,,Papyrus,,,,,,,,keiner,Papyrus,https://digital.bodleian.ox.ac.uk/objects/9cc9c546-0af0-4b54...,,,,,,,,"  [Ἱ]έρακι τῷ καὶ Νεμεσίωνι 
[σ]τρ(ατηγῷ) Ἀρσι(νοίτου) Ἡρακλ(είδου) μερίδος 
διὰ Ἀν[ο]υβίωνος(*) ἀγορανομή(σαντος) 
γυμνασιαρχήσαντος δια-
5δεχο[μέν]ου τὴν [σ]τρα(τηγίαν), 
[π]αρὰ Ταπιάμεως Ἀγχώ-
[φ]εως καταγινομένης ἐν 
[κ]ώμῃ Ψενύρι. Στοτοῆτις 
[τ]ις κομισάμενος(*) παρʼ ἐμοῦ 
10ἀργυρίου δραχμὰς ὀκτακο-
σίας ἐπὶ τῷ ἀποκαταστῆ-
σ[αι] ἐν κώμῃ Ἀφροδειτη-
πόλει Χαιρήμονι οἰνεμ-
π[όρ]ῳ ὑπὲ[ρ τι]μῆς ὧν ἔσ-
15χ[ο]ν(*) παρʼ αὐ[το]ῦ οἴν[ου] κε-
ραμίων, ἀφ[αν]ὴς ἐγ[έν]ετο. 
ὅθεν ἐπιδί[δω]μι κ[α]ὶ ἀξιῶ 
ἐν καταχωρισμῷ γενέσθαι 
τόδε τὸ(*) βιβλίδιον, πρὸς τὸ 
20φανέντος τοῦ Στοτοήτεως 
μένειν μο[ι] τὸν λόγον. 
Ταπιᾶμις ὡς (ἐτῶν) ν  
οὐλ(ὴ) γόνατι δεξιῷ. 
[(ἔτους)   ̣] Λουκίου Σεπτιμίου 
25[Σε]ουήρου Εὐσεβοῦς Περτίνακος 
[Σε]βαστοῦ Μεχεὶρ ϛ. ","  Ἱέρακι τῷ καὶ Νεμεσίωνι 
στρατηγῷ Ἀρσινοίτου Ἡρακλείδου μερίδος 
διὰ Ἀνουβίωνος ἀγορανομήσαντος 
γυμνασιαρχήσαντος δια-
5δεχομένου τὴν στρατηγίαν, 
παρὰ Ταπιάμεως Ἀγχώ-
φεως καταγινομένης ἐν 
κώμῃ Ψενύρι. Στοτοῆτις 
τις κομισάμενος παρʼ ἐμοῦ 
10ἀργυρίου δραχμὰς ὀκτακο-
σίας ἐπὶ τῷ ἀποκαταστῆ-
σαι ἐν κώμῃ Ἀφροδειτη-
πόλει Χαιρήμονι οἰνεμ-
πόρῳ ὑπὲρ τιμῆς ὧν ἔσ-
15χον παρʼ αὐτοῦ οἴνου κε-
ραμίων, ἀφανὴς ἐγένετο. 
ὅθεν ἐπιδίδωμι καὶ ἀξιῶ 
ἐν καταχωρισμῷ γενέσθαι 
τόδε τὸ βιβλίδιον, πρὸς τὸ 
20φανέντος τοῦ Στοτοήτεως 
μένειν μοι τὸν λόγον. 
Ταπιᾶμις ὡς ἐτῶν ν  
οὐλὴ γόνατι δεξιῷ. 
ἔτους   ̣ Λουκίου Σεπτιμίου 
25Σεουήρου Εὐσεβοῦς Περτίνακος 
Σεβαστοῦ Μεχεὶρ ϛ. ","29.422542,30.870335",29.422542,30.870335,31.8788613,15.393353857142856,23
325,,,© Heidelberger Gesamtverzeichnis der griechischen Papyrusurkunden Ägyptens. This work is licensed under a Creative Commons Attribution 3.0 License.,,,,,Karanis,,,,,,,Ostrakon,,"P. L. Bat. 33 52 (Verhoogt, Arthur M. F. W.; 2008)",Letter about a Pig,,,,Ostrakon,,,,"Brief (privat); Krispos an Niger (seinen ""Bruder""); Auftrag zum Kauf eines Schweins für ein Fest und Anweisungen wegen seines Transports",,,,,"Ann Arbor, Michigan University, Library O. 93455",,,,,,"Egypt, 00a - Karanis (Kom Aushim)[found & written]",,,,AD 100 - 199,,,,,,,,"Ann Arbor, Kelsey Museum KM 93455",,,,Greek,S. 326,,,,,,,,,,S. 326,,II,P.Worp 52,"Brief (privat); Krispos an Niger (seinen ""Bruder""); Auftrag zum Kauf eines Schweins für ein Fest und Anweisungen wegen seines Transports",,Karanis (Arsinoites),,,,,,,,,,,© Heidelberger Gesamtverzeichnis der griechischen Papyrusurkunden Ägyptens. This work is licensed under a Creative Commons Attribution 3.0 License.,,,,,,,,,"Ann Arbor, Kelsey Museum KM 93455",,Ostrakon,,,,,,,,Letter about a Pig,Ostrakon,,,,,,,,,"  Κρίσπος Νίγερι τῶι ἀδελφῶι 
⁦ vac. ? ⁩ χαίρειν. 
ἐνετειλάμην καὶ Δομιτίωι περὶ 
χοιροδέλφακος ἕως δραχ(μῶν) εἴκοσι  
5ἵνα σχῶμεν εἰς τὴν ἑορτήν. μὴ 
οὖν ἀμελήσῃς ἀλλὰ ἀγοράσας 
Δομιτίῳ παραθοῦ ἵνα ἐὰν ἀνα-
βῇ τὰ κιβάρια, ἐμβάληται αὐτὸ 
ὁ πρινκιπάλις καὶ ἐνέγκῃ. ἐὰν δὲ 
10μὴ ἔ̣χ̣ῃς χαλκὸν, συμφώνησον καὶ 
  ̣  ̣  ̣  ̣ Δομιτίωι καὶ δώσομεν τῷ 
κιβαριάτῃ πρινκιπαρίωι(*) καὶ οἴσε̣ι 
αὐτό. μὴ οὖν ἄλλως ποιήσῃς· εὐωρία 
γάρ ἐστιν ἐκεῖ. 
15⁦ vac. ? ⁩ ἐρρῶσθαί σ’ εὔχομαι, 
⁦ vac. ? ⁩ ἄδελφε. ","  Κρίσπος Νίγερι τῶι ἀδελφῶι 
⁦ vac. ? ⁩ χαίρειν. 
ἐνετειλάμην καὶ Δομιτίωι περὶ 
χοιροδέλφακος ἕως δραχμῶν εἴκοσι  
5ἵνα σχῶμεν εἰς τὴν ἑορτήν. μὴ 
οὖν ἀμελήσῃς ἀλλὰ ἀγοράσας 
Δομιτίῳ παραθοῦ ἵνα ἐὰν ἀνα-
βῇ τὰ κιβάρια, ἐμβάληται αὐτὸ 
ὁ πρινκιπάλις καὶ ἐνέγκῃ. ἐὰν δὲ 
10μὴ ἔ̣χ̣ῃς χαλκὸν, συμφώνησον καὶ 
  ̣  ̣  ̣  ̣ Δομιτίωι καὶ δώσομεν τῷ 
κιβαριάτῃ πρινκιπαρίωι καὶ οἴσε̣ι 
αὐτό. μὴ οὖν ἄλλως ποιήσῃς· εὐωρία 
γάρ ἐστιν ἐκεῖ. 
15⁦ vac. ? ⁩ ἐρρῶσθαί σ’ εὔχομαι, 
⁦ vac. ? ⁩ ἄδελφε. ","29.5164395,30.897603",29.5164395,30.897603,31.900130340000004,15.30616332142857,23
351,,,© Heidelberger Gesamtverzeichnis der griechischen Papyrusurkunden Ägyptens. This work is licensed under a Creative Commons Attribution 3.0 License.,,,,,Soknopaiu Nesos,,,,,,,Papyrus,,"ZPE 165 (2008), p. 157-159 (Capron, Laurent; 2008) = SB 6 9199 (Kiessling, Emil; 1960) = Chronique d‘Égypte (CdE) 15 (1940), p. 135- (Hombert, Marcel; 1940)",Abrechnungsposten des Soknopaios - Tempels,"M. Hombert - C. Préaux, CE 15, 1940, S. 136; Burnet, L'Égypte ancienne (2003), Nr. 95",,,Papyrus,,,,Abrechnung; Weizen; Bedarf (Tempel); Priester; Öl; Wein,,"Neuedition: ZPE 165, 2008, S. 157-159.",,,"Brussels, Musées Royaux E 7535",,,,,,"Egypt, 00a - Soknopaiou Nesos (Dimeh)[found & written]",,,,AD 125 - 175,,,,,,,,,,,,Greek,"ZPE 165, 2008, S. 157",,,,,,,,,,"ZPE 165, 2008, S. 157",,Mitte II,SB 6 9199,Abrechnung; Weizen; Bedarf (Tempel); Priester; Öl; Wein,,Soknopaiu Nesos (Arsinoites),"M. Hombert - C. Préaux, CE 15, 1940, S. 136; Burnet, L'Égypte ancienne (2003), Nr. 95",,,,,,,,,,© Heidelberger Gesamtverzeichnis der griechischen Papyrusurkunden Ägyptens. This work is licensed under a Creative Commons Attribution 3.0 License.,,,,,,,,"Neuedition: ZPE 165, 2008, S. 157-159.",,,Papyrus,,,,,,,,Abrechnungsposten des Soknopaios - Tempels,Papyrus,,,,,,,,,"  -- -- -- -- -- -- -- -- -- --  
1[⁦ -ca.?- ⁩ τιμῆς κύ]φεως Ἁρποχρά[του θεοῦ] 
[- ca.27 -] 
[καὶ εἰς ἔκ]π̣ε̣ψ̣ι̣ν̣ τοῖ̣ς̣ [ἁ]γ̣ν̣[εύο]υ̣[σ]ι ἱ̣ε̣[ρεῦ]σι τ̣[ῆς πεντα]φυλίας [ἑ]κάστης 
[ἡμέρα]ς̣ ἀ̣νὰ π[υρο(ῦ) (ἀρτάβην)] α [  ̣  ̣  ̣  ̣  ̣  ̣  ̣] π̣υ̣ρ̣(οῦ) (ἀρτάβαι) τ̣ξ̣ε καὶ ὁμοίως 
5[  ̣  ̣  ̣  ̣  ̣  ̣  ̣]  ̣  ̣  ̣  ̣[  ̣  ̣  ̣  ̣  ̣]  ̣  ̣  ̣  ̣ [ἱ]ερεῦ̣[σι] Σο̣κ̣[ν]ο̣π̣(αίου) θ̣[εοῦ] με̣γά̣λ(ου) ταῖς κωμασίαις 
[τῶν προκ]ε̣ι̣[μένων θε]ῶν [  ̣  ̣  ̣  ̣  ̣  ̣  ̣  ̣]  ̣  ̣  ̣  ̣  
[Θῶ]θ̣ α ἡμερῶ[ν] ζ ἀ̣[ν]ὰ̣ [π]υρ(οῦ) (ἀρτάβας) δ π̣υ̣ρο̣ῦ̣ (ἀρτάβαι(?)) κ̣η  
[καὶ τῇ ιθ] τ̣οῦ α(ὐτοῦ) μη(νὸς) Ἑ̣[ρ]μα̣ί̣οις [ἡμερῶν ζ] ἀνὰ πυρο(ῦ) (ἀρτάβας) δ πυρ(οῦ) (ἀρτάβαι) κη. 
[Φαῶφι α]ϛ̣ χ[α]ρμο̣σύ[ν]ο̣[ι]ς [ἡμερῶν η] ἀ̣ν̣[ὰ] πυρο(ῦ) (ἀρτάβας) δ πυρο(ῦ) (ἀρτάβαι) λβ  
10[μηνὶ Νέῳ Σε]β̣(αστῷ) ζ γενεσ̣ί̣ο̣ις [Σοκν]οπ(αίου) θε[οῦ μεγά]λ̣(ου) ἡμ̣ε̣(ρῶν) ιθ ἀνὰ πυρο(ῦ) (ἀρτάβας) δ πυρο(ῦ) (ἀρτάβαι) οϛ  ","  -- -- -- -- -- -- -- -- -- --  
1⁦ -ca.?- ⁩ τιμῆς κύφεως Ἁρποχράτου θεοῦ 
- ca.27 - 
καὶ εἰς ἔκπ̣ε̣ψ̣ι̣ν̣ τοῖ̣ς̣ ἁγ̣ν̣εύου̣σι ἱ̣ε̣ρεῦσι τ̣ῆς πενταφυλίας ἑκάστης 
ἡμέρας̣ ἀ̣νὰ πυροῦ ἀρτάβην α   ̣  ̣  ̣  ̣  ̣  ̣  ̣ π̣υ̣ρ̣οῦ ἀρτάβαι τ̣ξ̣ε καὶ ὁμοίως 
5  ̣  ̣  ̣  ̣  ̣  ̣  ̣  ̣  ̣  ̣  ̣  ̣  ̣  ̣  ̣  ̣  ̣  ̣  ̣  ̣ ἱερεῦ̣σι Σο̣κ̣νο̣π̣αίου θ̣εοῦ με̣γά̣λου ταῖς κωμασίαις 
τῶν προκε̣ι̣μένων θεῶν   ̣  ̣  ̣  ̣  ̣  ̣  ̣  ̣  ̣  ̣  ̣  ̣  
Θῶθ̣ α ἡμερῶν ζ ἀ̣νὰ̣ πυροῦ ἀρτάβας δ π̣υ̣ρο̣ῦ̣ ἀρτάβαι? κ̣η  
καὶ τῇ ιθ τ̣οῦ αὐτοῦ μηνὸς Ἑ̣ρμα̣ί̣οις ἡμερῶν ζ ἀνὰ πυροῦ ἀρτάβας δ πυροῦ ἀρτάβαι κη. 
Φαῶφι αϛ̣ χαρμο̣σύνο̣ις ἡμερῶν η ἀ̣ν̣ὰ πυροῦ ἀρτάβας δ πυροῦ ἀρτάβαι λβ  
10μηνὶ Νέῳ Σεβ̣αστῷ ζ γενεσ̣ί̣ο̣ις Σοκνοπαίου θεοῦ μεγάλ̣ου ἡμ̣ε̣ρῶν ιθ ἀνὰ πυροῦ ἀρτάβας δ πυροῦ ἀρτάβαι οϛ  ","29.5334745,30.668916",29.5334745,30.668916,31.721754479999998,15.290345107142857,23
