Unnamed: 0,Condition (HGV),Author (HGV),License (HGV),Culture (HGV),Script Type (HGV),Previous Edition (HGV),Preservation (HGV),Origin (HGV),Catalog(s) (HGV),Work (HGV),Summary (HGV),Recto/Verso (HGV),Post-Concordance BL Entries (HGV),Genre (HGV),Material (HGV),Support Dimensions (HGV),Publications (HGV),Title (HGV),Translations (HGV),Support Material (HGV),Note (general) (HGV),Support/Dimensions (HGV),Reuse Type (HGV),Images (HGV),People (HGV),Subjects (HGV),Hands (HGV),Commentary (HGV),General Notes (HGV),Place Stored (Ancient) (HGV),Inv. no. (HGV),Principal Edition (HGV),Lines (HGV),Citations (HGV),Availability (HGV),palaeo (HGV),Provenance (HGV),Religion (HGV),catalogue (HGV),Partial Edition (HGV),Date (HGV),translation (HGV),study (HGV),Reference Edition (HGV),Fragments (HGV),reference (HGV),Associated Names (HGV),Works (HGV),Inv. Id (HGV),Form and Layout (HGV),Places (HGV),illustration (HGV),Language (HGV),Print Illustrations (HGV),Note (local/note) (HGV),Note (related) (HGV),Content (HGV),Readings (HGV),Mentioned Dates (HGV),Archive (HGV),Fragments (Tris),General Notes (Tris),Genre (Tris),Print Illustrations (Tris),Reuse Type (Tris),Date (Tris),Publications (Tris),Subjects (Tris),illustration (Tris),Origin (Tris),Translations (Tris),Reference Edition (Tris),Partial Edition (Tris),Support Dimensions (Tris),Provenance (Tris),Availability (Tris),Work (Tris),Content (Tris),Form and Layout (Tris),catalogue (Tris),License (Tris),Previous Edition (Tris),Post-Concordance BL Entries (Tris),Support Material (Tris),Principal Edition (Tris),Citations (Tris),People (Tris),translation (Tris),Commentary (Tris),Inv. Id (Tris),Place Stored (Ancient) (Tris),Support/Dimensions (Tris),Script Type (Tris),Culture (Tris),Catalog(s) (Tris),Mentioned Dates (Tris),study (Tris),palaeo (Tris),Readings (Tris),Title (Tris),Material (Tris),Images (Tris),Religion (Tris),Works (Tris),Language (Tris),Inv. no. (Tris),Places (Tris),Archive (Tris),reference (Tris),text,cleanText,Coordinates,Latitude,Longitude,relLat,relLong,Cluster
79,,,© Heidelberger Gesamtverzeichnis der griechischen Papyrusurkunden Ägyptens. This work is licensed under a Creative Commons Attribution 3.0 License.,,,,,Theben,,,,,,,Ostrakon,,"O. Bodl. 2 1835 (Tait, John Gavin / Préaux, Claire; 1955)",keiner,,,,Ostrakon,,,,Abrechnung; Wein,,"Zum Ort vgl. S. XIII. Zu Z. 4 vgl. O.Heid. 385,2 Anm.",,,"Oxford, Ashmolean Museum Bodl. Gr. Inscr. 493",,,,,,"Egypt, U04b - Thebes[found & written]",,,,AD 200 - 299,,,,,,,,,,,,Greek,,,,,,,,,,,,,III,O.Bodl. 2 1835,Abrechnung; Wein,,Theben,,,,,,,,,,,© Heidelberger Gesamtverzeichnis der griechischen Papyrusurkunden Ägyptens. This work is licensed under a Creative Commons Attribution 3.0 License.,,,,,,,,"Zum Ort vgl. S. XIII. Zu Z. 4 vgl. O.Heid. 385,2 Anm.",,,Ostrakon,,,,,,,,keiner,Ostrakon,,,,,,,,,"  [- ca.10 - ἐν]ε̣σ̣τ̣ῶ̣τ̣ο̣ς̣ (ἔτους) 
[- ca.11 - π]αρ̣ὰ π  ̣  ̣  ̣  
[- ca.11 -] ἔ̣σχον ῥόδ(ια) μ̣  
(hand 2) [- ca.11 -]  ̣σθ̣ιο̣ς̣ βελ(  ) ῥόδ(ιον) α  
5(hand 1) [  ̣  ̣  ̣  ̣  ̣  ̣  ̣  ̣]  ̣ ῥόδ(ιον) α (δραχμ ) δ ὁ̣μ(οίως)   ̣  ̣  ̣  ̣  
[  ̣  ̣  ̣  ̣  ̣  ̣  ̣]  ̣ (δραχμ ) ιζ (ὀβολ 1) ἄλ(λα) θ κε̣ρ(άμια) θ (δραχμ ) πα  
[  ̣  ̣  ̣] (γίνονται) (δραχμαὶ)   ̣ϛ    ̣ (δραχμαὶ) σϛ  (πεντώβολον). 
(hand 2) [  ̣  ̣]τ̣ω ἑρμηνεῖ ῥόδ(ιον) α (δραχμ ) δ (ὀβολ 5) 
[τ]ῷ αλει ἐγ(*) διαταγῆς ῥόδ(ιον) α  
10ἄ̣λ̣λ̣(ο) ἐ̣κ̣ τ̣ῆ̣ς̣ ἐ̣ν̣κ̣ελεύσε̣ως ῥόδ(ιον) α  
(hand 3) [  ̣  ̣  ̣  ̣  ̣]  ̣ ἐκ (δραχμῶν(?)) θ  (ὀβολοῦ) γ(ίνονται) ρνε  (τριώβολον)  
[  ̣  ̣  ̣  ̣  ̣] γ̣(ίνονται(?)) (δραχμ ) β̣ (ὀβολ 4) 
[- ca.14 -] λο(ιποὶ) (δραχμαὶ) τιγ  (διώβολον)  ","  - ca.10 - ἐνε̣σ̣τ̣ῶ̣τ̣ο̣ς̣ ἔτους 
- ca.11 - παρ̣ὰ π  ̣  ̣  ̣  
- ca.11 - ἔ̣σχον ῥόδια μ̣  
hand 2 - ca.11 -  ̣σθ̣ιο̣ς̣ βελ   ῥόδιον α  
5hand 1   ̣  ̣  ̣  ̣  ̣  ̣  ̣  ̣  ̣ ῥόδιον α δραχμ  δ ὁ̣μοίως   ̣  ̣  ̣  ̣  
  ̣  ̣  ̣  ̣  ̣  ̣  ̣  ̣ δραχμ  ιζ ὀβολ 1 ἄλλα θ κε̣ράμια θ δραχμ  πα  
  ̣  ̣  ̣ γίνονται δραχμαὶ   ̣ϛ    ̣ δραχμαὶ σϛ  πεντώβολον. 
hand 2   ̣  ̣τ̣ω ἑρμηνεῖ ῥόδιον α δραχμ  δ ὀβολ 5 
τῷ αλει ἐγ διαταγῆς ῥόδιον α  
10ἄ̣λ̣λ̣ο ἐ̣κ̣ τ̣ῆ̣ς̣ ἐ̣ν̣κ̣ελεύσε̣ως ῥόδιον α  
hand 3   ̣  ̣  ̣  ̣  ̣  ̣ ἐκ δραχμῶν? θ  ὀβολοῦ γίνονται ρνε  τριώβολον  
  ̣  ̣  ̣  ̣  ̣ γ̣ίνονται? δραχμ  β̣ ὀβολ 4 
- ca.14 - λοιποὶ δραχμαὶ τιγ  διώβολον  ","25.6666551,32.631884",25.6666551,32.631884,33.25286952,18.88096312142857,4
80,,,© Heidelberger Gesamtverzeichnis der griechischen Papyrusurkunden Ägyptens. This work is licensed under a Creative Commons Attribution 3.0 License.,,,,,Theben,,,,,,,Ostrakon,,"O. Bodl. 2 2326 (Tait, John Gavin / Préaux, Claire; 1955)",keiner,,,,Ostrakon,,,mentioned people,Abrechnung; Wein,,Descr. Zum Ort vgl. S. XIII.,,,"Oxford, Ashmolean Museum Bodl. Gr. Inscr. 792; Oxford, Ashmolean Museum Bodl. Gr. Inscr. 793",,,,,,"Egypt, U04b - Thebes[found & written]",,,,AD 100 - 299,,,,,,,,,,,,Greek,,,,,,,,,,,,,II - III,O.Bodl. 2 2326,Abrechnung; Wein,,Theben,,,,,,,,,,,© Heidelberger Gesamtverzeichnis der griechischen Papyrusurkunden Ägyptens. This work is licensed under a Creative Commons Attribution 3.0 License.,,,,,,,,Descr. Zum Ort vgl. S. XIII.,,,Ostrakon,,,,,,,,keiner,Ostrakon,,,,,,,,,"  [⁦ -ca.?- ⁩]κ̣α  ̣(  )   ̣  ̣[⁦ -ca.?- ⁩] 
[⁦ -ca.?- ⁩]  ̣  ̣γο(  ) ἁδ̣ρόχ(ωρον) α  
[⁦ -ca.?- ⁩] π̣αρὰ Ἀπάθ(ου) ἐκ πα̣λ(  ) ἁδρόχ(ωρα) γ[⁦ -ca.?- ⁩] 
[⁦ -ca.?- ⁩]ρ  ̣  ̣  ̣  ̣  
5[⁦ -ca.?- ⁩]  ̣ τ̣ου   ̣ιρι  ̣ζ  ̣  ̣  ̣ξ  ̣[⁦ -ca.?- ⁩] 
[⁦ -ca.?- ⁩]  ̣  ̣  ̣  ̣ροδ(  ) α ἐκ̣ (δραχμῶν) η[⁦ -ca.?- ⁩] ","  ⁦ -ca.?- ⁩κ̣α  ̣     ̣  ̣⁦ -ca.?- ⁩ 
⁦ -ca.?- ⁩  ̣  ̣γο   ἁδ̣ρόχωρον α  
⁦ -ca.?- ⁩ π̣αρὰ Ἀπάθου ἐκ πα̣λ   ἁδρόχωρα γ⁦ -ca.?- ⁩ 
⁦ -ca.?- ⁩ρ  ̣  ̣  ̣  ̣  
5⁦ -ca.?- ⁩  ̣ τ̣ου   ̣ιρι  ̣ζ  ̣  ̣  ̣ξ  ̣⁦ -ca.?- ⁩ 
⁦ -ca.?- ⁩  ̣  ̣  ̣  ̣ροδ   α ἐκ̣ δραχμῶν η⁦ -ca.?- ⁩ ","25.6666551,32.631884",25.6666551,32.631884,33.25286952,18.88096312142857,4
81,,,© Heidelberger Gesamtverzeichnis der griechischen Papyrusurkunden Ägyptens. This work is licensed under a Creative Commons Attribution 3.0 License.,,,,,Theben,,,,,VIII 515,,Ostrakon,,"O. Brux. 20 (p. 27-28) (Bingen, Jean; 1977) = O. Berl. 20 (Viereck, Paul; 1922)",Compte de vin,,,,Ostrakon,,http://www.globalegyptianmuseum.org/detail.aspx?id=214...,mentioned people,Wein; Abrechnung,,,,,"Brussels, Musées Royaux E 1098",,,,,,"Egypt, U04b - Dios Polis (Thebes east)[found & written]",,,,AD 100 - 199,,,,,,,,,,mentioned places,,Greek,"Van Rengen - Melaerts, Grieks in Egypte, S. 23; Egyptian Treasures in Europe, Vol. 2 (Inv. E.1098)",,,,,,,,,,"Van Rengen - Melaerts, Grieks in Egypte, S. 23; Egyptian Treasures in Europe, Vol. 2 (Inv. E.1098)",,II,O.Brux. 20,Wein; Abrechnung,,Theben,,,,,,,,,,,© Heidelberger Gesamtverzeichnis der griechischen Papyrusurkunden Ägyptens. This work is licensed under a Creative Commons Attribution 3.0 License.,,VIII 515,,,,,,,,,Ostrakon,,,,,,,,Compte de vin,Ostrakon,http://www.globalegyptianmuseum.org/detail.aspx?id=214...,,,,,,,,"  Π  ̣[  ̣  ̣ ε]ἰς λινουφ̣[αντείαν (?)⁦ -ca.?- ⁩ διπ(λ )] 
ἐμοὶ εἰς χεῖρας ὑπ(ὲρ) [τι(μῆς) διὰ ⁦ -ca.?- ⁩ διπ(λ )] 
κη ἐμοὶ εἰς χεῖρας διὰ [⁦ -ca.?- ⁩ διπ(λ )   ̣] 
λ ἐμοὶ εἰς πεῖ(ν) ⁦ vac. ? ⁩ [⁦ -ca.?- ⁩ διπ(λ )   ̣] 
5ἐμοὶ εἰς χεῖρας ὑπ(ὲρ) τι(μῆς) διὰ [⁦ -ca.?- ⁩ διπ(λ )   ̣] 
Μεχὶρ(*)  α Πεμαῦτι [⁦ -ca.?- ⁩ διπ(λ )   ̣] 
ε Ἀπολλωνίδῃ μουλικ̣η̣ω[⁦ -ca.?- ⁩ διπ(λ )   ̣] 
ϛ ἐμοὶ εἰς πεῖ(ν) ⁦ vac. ? ⁩ [⁦ -ca.?- ⁩ διπ(λ )   ̣] 
ἐμοὶ εἰς χεῖρας ὑπ(ὲρ) τι(μῆς) διὰ Ἐσουήρης [⁦ -ca.?- ⁩ διπ(λ )   ̣] 
10Οὐαλεντίνῳ ἀδελ(φῷ) εἰς χρῆσι(ν) [⁦ -ca.?- ⁩ διπ(λ )   ̣] 
θ ἐμοὶ εἰς πεῖ(ν) ⁦ vac. ? ⁩ [⁦ -ca.?- ⁩ διπ(λ )   ̣] 
ι Διόσκορος Τιθοήυς(*) [⁦ -ca.?- ⁩ διπ(λ )   ̣] 
ιβ ἐμοὶ εἰς πεῖ(ν) [⁦ -ca.?- ⁩ διπ(λ )   ̣] 
ιδ ἐμοὶ εἰς πεῖ(ν) [⁦ -ca.?- ⁩ διπ(λ )   ̣] 
15ιϛ Σαβείνα εἰς τὴ(ν) στολ[ὴν]   ̣  ̣  ̣[⁦ -ca.?- ⁩ διπ(λ )   ̣] 
ιζ ἐμοὶ εἰ(*) πεῖ(ν) διπ(λοῦν) α  
ἐμοὶ εἰς χεῖρας ὑπ(ὲρ) τι(μῆς) διὰ Ἐσουήρης διπ(λοῦν) α  
ιθ Πετρωνίῳ ἀδ̣ε̣λ̣(φῷ) Ὠφιήου ὑπ(ὲρ) τόκου διπ(λᾶ) ιβ  
κ Παυᾶσις Πετεχῶντ(ος) διπ(λοῦν) α  
20κα Πρεμαῶς ὑδραγωγὸς διπ(λοῦν) α  
ἐμοὶ εἰς πεῖ(ν) διπ(λοῦν) α  
ἐμοὶ εἰς χεῖρας ὑπ(ὲρ) τι(μῆς) διὰ τῆς γυ(ναικός) μου διπ(λοῦν) α  
κγ ἐμοὶ εἰς πεῖ(ν) διπ(λοῦν) α  
ἐμοὶ εἰς χεῖρας ὑπ(ὲρ) τι(μῆς) διὰ τῆς α(ὐτῆς) διπ(λοῦν) α  
25ἐμοὶ εἰς χεῖρας \τι(μῆς)/ διὰ Ἐσούρης διπ(λοῦν) α  
κζ Ῥῖτβις γέρδ(ιος) α̣ὐ̣τῷ διπ(λοῦν) α  
Παυᾶσις ὑπ(ὲρ) βατονολογίας(*) διπ(λοῦν) α  
Φαμενὼθ α ἐμοὶ εἰς πεῖ(ν) διπ(λοῦν) α  
γυ(ναικὶ) Πολλίου ὑπ(ὲρ) τοῦ υἱοῦ αὐτῆς διπ(λοῦν) α  
30(γίνονται) διπ(λᾶ) νϛ. ","  Π  ̣  ̣  ̣ εἰς λινουφ̣αντείαν ?⁦ -ca.?- ⁩ διπλ  
ἐμοὶ εἰς χεῖρας ὑπὲρ τιμῆς διὰ ⁦ -ca.?- ⁩ διπλ  
κη ἐμοὶ εἰς χεῖρας διὰ ⁦ -ca.?- ⁩ διπλ    ̣ 
λ ἐμοὶ εἰς πεῖν ⁦ vac. ? ⁩ ⁦ -ca.?- ⁩ διπλ    ̣ 
5ἐμοὶ εἰς χεῖρας ὑπὲρ τιμῆς διὰ ⁦ -ca.?- ⁩ διπλ    ̣ 
Μεχὶρ  α Πεμαῦτι ⁦ -ca.?- ⁩ διπλ    ̣ 
ε Ἀπολλωνίδῃ μουλικ̣η̣ω⁦ -ca.?- ⁩ διπλ    ̣ 
ϛ ἐμοὶ εἰς πεῖν ⁦ vac. ? ⁩ ⁦ -ca.?- ⁩ διπλ    ̣ 
ἐμοὶ εἰς χεῖρας ὑπὲρ τιμῆς διὰ Ἐσουήρης ⁦ -ca.?- ⁩ διπλ    ̣ 
10Οὐαλεντίνῳ ἀδελφῷ εἰς χρῆσιν ⁦ -ca.?- ⁩ διπλ    ̣ 
θ ἐμοὶ εἰς πεῖν ⁦ vac. ? ⁩ ⁦ -ca.?- ⁩ διπλ    ̣ 
ι Διόσκορος Τιθοήυς ⁦ -ca.?- ⁩ διπλ    ̣ 
ιβ ἐμοὶ εἰς πεῖν ⁦ -ca.?- ⁩ διπλ    ̣ 
ιδ ἐμοὶ εἰς πεῖν ⁦ -ca.?- ⁩ διπλ    ̣ 
15ιϛ Σαβείνα εἰς τὴν στολὴν   ̣  ̣  ̣⁦ -ca.?- ⁩ διπλ    ̣ 
ιζ ἐμοὶ εἰ πεῖν διπλοῦν α  
ἐμοὶ εἰς χεῖρας ὑπὲρ τιμῆς διὰ Ἐσουήρης διπλοῦν α  
ιθ Πετρωνίῳ ἀδ̣ε̣λ̣φῷ Ὠφιήου ὑπὲρ τόκου διπλᾶ ιβ  
κ Παυᾶσις Πετεχῶντος διπλοῦν α  
20κα Πρεμαῶς ὑδραγωγὸς διπλοῦν α  
ἐμοὶ εἰς πεῖν διπλοῦν α  
ἐμοὶ εἰς χεῖρας ὑπὲρ τιμῆς διὰ τῆς γυναικός μου διπλοῦν α  
κγ ἐμοὶ εἰς πεῖν διπλοῦν α  
ἐμοὶ εἰς χεῖρας ὑπὲρ τιμῆς διὰ τῆς αὐτῆς διπλοῦν α  
25ἐμοὶ εἰς χεῖρας \τιμῆς/ διὰ Ἐσούρης διπλοῦν α  
κζ Ῥῖτβις γέρδιος α̣ὐ̣τῷ διπλοῦν α  
Παυᾶσις ὑπὲρ βατονολογίας διπλοῦν α  
Φαμενὼθ α ἐμοὶ εἰς πεῖν διπλοῦν α  
γυναικὶ Πολλίου ὑπὲρ τοῦ υἱοῦ αὐτῆς διπλοῦν α  
30γίνονται διπλᾶ νϛ. ","25.6666551,32.631884",25.6666551,32.631884,33.25286952,18.88096312142857,4
90,,,© Heidelberger Gesamtverzeichnis der griechischen Papyrusurkunden Ägyptens. This work is licensed under a Creative Commons Attribution 3.0 License.,,,,,Theben,,,,,XII 327,,Ostrakon,,"O. Wilcken 2 1166 (Wilcken, Ulrich; 1899)",keiner,,,,Ostrakon,,,mentioned people,Abrechnung; Wein,,"Zu Z. 1 vgl. APF 46, 2000, S. 115, Anm. 122.",,,"Oxford, Ashmolean Museum Bodl. Gr. Inscr. 350; . formerly: Oxford, Private collection Sayce number unknown",,,,,,"Egypt, U04b - Thebes[found & written]",,,,AD 1 - 399,,,,,,,,,,mentioned places,,Greek,,,,,,,,,,,,,I - IV,O.Wilck. 1166,Abrechnung; Wein,,Theben,,,,,,,,,,,© Heidelberger Gesamtverzeichnis der griechischen Papyrusurkunden Ägyptens. This work is licensed under a Creative Commons Attribution 3.0 License.,,XII 327,,,,,,"Zu Z. 1 vgl. APF 46, 2000, S. 115, Anm. 122.",,,Ostrakon,,,,,,,,keiner,Ostrakon,,,,,,,,,"  Ἡρακλιανῷ κολ(οφώνια) λζ ἀπὸ τοῦ Νεφυτίου, 
ὁμ(οίως) ἀπὸ τοῦ χωρίου Πικεραί(*)ου κολ(οφώνια) ε, 
οἴνου γ(*) ὄξους β εἰς πλήρωσιν τῶν ε, 
ὁμ(οίως) πέπρακα διπλοκ(εραμίον) (δραχμῶν) η. 
5ὁμ(οίως) ἔδωκα Ὡρίωνι γραμματ(εῖ) διπλοκεράμ(  ) 
[- ca.13 -]  ̣  ̣ κ[ολ]οφωνίου α  
-- -- -- -- -- -- -- -- -- --  ","  Ἡρακλιανῷ κολοφώνια λζ ἀπὸ τοῦ Νεφυτίου, 
ὁμοίως ἀπὸ τοῦ χωρίου Πικεραίου κολοφώνια ε, 
οἴνου γ ὄξους β εἰς πλήρωσιν τῶν ε, 
ὁμοίως πέπρακα διπλοκεραμίον δραχμῶν η. 
5ὁμοίως ἔδωκα Ὡρίωνι γραμματεῖ διπλοκεράμ   
- ca.13 -  ̣  ̣ κολοφωνίου α  
-- -- -- -- -- -- -- -- -- --  ","25.6666551,32.631884",25.6666551,32.631884,33.25286952,18.88096312142857,4
