Unnamed: 0,Condition (HGV),Author (HGV),License (HGV),Culture (HGV),Script Type (HGV),Previous Edition (HGV),Preservation (HGV),Origin (HGV),Catalog(s) (HGV),Work (HGV),Summary (HGV),Recto/Verso (HGV),Post-Concordance BL Entries (HGV),Genre (HGV),Material (HGV),Support Dimensions (HGV),Publications (HGV),Title (HGV),Translations (HGV),Support Material (HGV),Note (general) (HGV),Support/Dimensions (HGV),Reuse Type (HGV),Images (HGV),People (HGV),Subjects (HGV),Hands (HGV),Commentary (HGV),General Notes (HGV),Place Stored (Ancient) (HGV),Inv. no. (HGV),Principal Edition (HGV),Lines (HGV),Citations (HGV),Availability (HGV),palaeo (HGV),Provenance (HGV),Religion (HGV),catalogue (HGV),Partial Edition (HGV),Date (HGV),translation (HGV),study (HGV),Reference Edition (HGV),Fragments (HGV),reference (HGV),Associated Names (HGV),Works (HGV),Inv. Id (HGV),Form and Layout (HGV),Places (HGV),illustration (HGV),Language (HGV),Print Illustrations (HGV),Note (local/note) (HGV),Note (related) (HGV),Content (HGV),Readings (HGV),Mentioned Dates (HGV),Archive (HGV),Fragments (Tris),General Notes (Tris),Genre (Tris),Print Illustrations (Tris),Reuse Type (Tris),Date (Tris),Publications (Tris),Subjects (Tris),illustration (Tris),Origin (Tris),Translations (Tris),Reference Edition (Tris),Partial Edition (Tris),Support Dimensions (Tris),Provenance (Tris),Availability (Tris),Work (Tris),Content (Tris),Form and Layout (Tris),catalogue (Tris),License (Tris),Previous Edition (Tris),Post-Concordance BL Entries (Tris),Support Material (Tris),Principal Edition (Tris),Citations (Tris),People (Tris),translation (Tris),Commentary (Tris),Inv. Id (Tris),Place Stored (Ancient) (Tris),Support/Dimensions (Tris),Script Type (Tris),Culture (Tris),Catalog(s) (Tris),Mentioned Dates (Tris),study (Tris),palaeo (Tris),Readings (Tris),Title (Tris),Material (Tris),Images (Tris),Religion (Tris),Works (Tris),Language (Tris),Inv. no. (Tris),Places (Tris),Archive (Tris),reference (Tris),text,cleanText,Coordinates,Latitude,Longitude,relLat,relLong,Cluster
82,,,© Heidelberger Gesamtverzeichnis der griechischen Papyrusurkunden Ägyptens. This work is licensed under a Creative Commons Attribution 3.0 License.,,,,,Didymoi,,,,,,,Ostrakon,,"O. Did. 344 (Bülow-Jacobsen, Adam; 2012)",Gaii and Longini: Longinus' Archive,,,,Ostrakon,,http://www.ifao.egnet.net/bases/publications/fifao67/?os=352...,,Brief (privat); Numerius (?) an Longinus; Begleitbrief zu Sendung von Kohl; Portulak; Basilikum und Weinraute; bietet Hilfe bei der Erwirkung von Urlaub an,,,,,"Qift, Archaeological storeroom Did. 299",,,,,,"Egypt, Eastern desert - Didymoi (Khashm el-Minayh)[found & written]",,,,AD 77 - 92 about before,,,,,,,,"Did., 299",,,,Greek,,,,,,,,,,,,,vor (?) ca. 77 - 92,O.Did. 344,Brief (privat); Numerius (?) an Longinus; Begleitbrief zu Sendung von Kohl; Portulak; Basilikum und Weinraute; bietet Hilfe bei der Erwirkung von Urlaub an,,Didymoi,,,,,,,,,,,© Heidelberger Gesamtverzeichnis der griechischen Papyrusurkunden Ägyptens. This work is licensed under a Creative Commons Attribution 3.0 License.,,,,,,,,,"Did., 299",,Ostrakon,,,,,,,,Gaii and Longini: Longinus' Archive,Ostrakon,http://www.ifao.egnet.net/bases/publications/fifao67/?os=352...,,,,,,,,"  [Νομέρ]ι̣ος ⁦ vac. ? ⁩ Λογγείνῳ 
[τῷ τι]μιωτάτῳ ἀδελφῷ 
[πλεῖστ]α ⁦ vac. ? ⁩ χαίρειν· 
[καθώς] μοι ἔγραψες ἐκεῖ 
5[  ̣  ̣  ̣  ̣  ̣  ̣  ̣]ο χαλκός. δέ 
[ξαι κρά]μβη̣ς̣ δέσμην 
[  ̣  ̣]  ̣  ̣  ̣  ̣  ̣ων̣ καὶ ἀν-
[δρ]άχνης καὶ̣ ὠ̣κιμί-
ων καὶ πηγ̣α̣ν̣ί̣ου δέσ-
10μην παρὰ τοῦ τὸ ὄστρα-
κόν σοι δι̣δ̣  ̣  ̣δ  ̣ο̣ς(*). ἀσπά-
ζεταί σε Ἡρ̣αῒ̣ς̣ κ̣αὶ Ἀ-
βασκαντ̣ί̣ων. εἰ θέ-
λις(*) κομμεᾶτον, 
15γράφον(*) μοι καὶ αἰτή-
σω σοι. ἔρρωσο. ","  Νομέρι̣ος ⁦ vac. ? ⁩ Λογγείνῳ 
τῷ τιμιωτάτῳ ἀδελφῷ 
πλεῖστα ⁦ vac. ? ⁩ χαίρειν· 
καθώς μοι ἔγραψες ἐκεῖ 
5  ̣  ̣  ̣  ̣  ̣  ̣  ̣ο χαλκός. δέ 
ξαι κράμβη̣ς̣ δέσμην 
  ̣  ̣  ̣  ̣  ̣  ̣  ̣ων̣ καὶ ἀν-
δράχνης καὶ̣ ὠ̣κιμί-
ων καὶ πηγ̣α̣ν̣ί̣ου δέσ-
10μην παρὰ τοῦ τὸ ὄστρα-
κόν σοι δι̣δ̣  ̣  ̣δ  ̣ο̣ς. ἀσπά-
ζεταί σε Ἡρ̣αῒ̣ς̣ κ̣αὶ Ἀ-
βασκαντ̣ί̣ων. εἰ θέ-
λις κομμεᾶτον, 
15γράφον μοι καὶ αἰτή-
σω σοι. ἔρρωσο. ","25.698835,33.392071",25.698835,33.392071,33.84581538,18.851081785714285,16
83,,,© Heidelberger Gesamtverzeichnis der griechischen Papyrusurkunden Ägyptens. This work is licensed under a Creative Commons Attribution 3.0 License.,,,,,Didymoi,,,,,,,Ostrakon,,"O. Did. 371 (Bülow-Jacobsen, Adam; 2012)",Letters not Attached to a Group,,,,Ostrakon,,http://www.ifao.egnet.net/bases/publications/fifao67/?os=379...,,Brief (privat); Onesas an Bibius; Geld; Wein,,,,,"Qift, Archaeological storeroom Did. 400; Qift, Archaeological storeroom Did. 475",,,,,,"Egypt, Eastern desert - Didymoi (Khashm el-Minayh)[found & written]",,,,AD 88 - 96 about before,,,,,,,,"Did., 400 + 475",,,,Greek,,,,,,,,,,,,,vor (?) ca. 88 - 96,O.Did. 371,Brief (privat); Onesas an Bibius; Geld; Wein,,Didymoi,,,,,,,,,,,© Heidelberger Gesamtverzeichnis der griechischen Papyrusurkunden Ägyptens. This work is licensed under a Creative Commons Attribution 3.0 License.,,,,,,,,,"Did., 400 + 475",,Ostrakon,,,,,,,,Letters not Attached to a Group,Ostrakon,http://www.ifao.egnet.net/bases/publications/fifao67/?os=379...,,,,,,,,"  Ὀνησᾶς Βιβίωι χα(ίρειν)· καλῶς ποιήσεις 
δοὺς Λ̣ω̣ρίῳ̣ τὰς̣ ἓ̣ξ̣ δραχμὰς ια ⟦  ̣  ̣  ̣⟧ 
ἐ{υ}λεύσομαι ⁦ -ca.?- ⁩[ -5-6- ] χάριν̣ ⟦  ̣  ̣  ̣⟧ 
ἓξ δραχμῶν καὶ ἀνακαλύ̣ψεις 
5μ̣οι δύο κεράμια. 
ἔ[ρ]ρωσο. ","  Ὀνησᾶς Βιβίωι χαίρειν· καλῶς ποιήσεις 
δοὺς Λ̣ω̣ρίῳ̣ τὰς̣ ἓ̣ξ̣ δραχμὰς ια ⟦  ̣  ̣  ̣⟧ 
ἐ{υ}λεύσομαι ⁦ -ca.?- ⁩ -5-6-  χάριν̣ ⟦  ̣  ̣  ̣⟧ 
ἓξ δραχμῶν καὶ ἀνακαλύ̣ψεις 
5μ̣οι δύο κεράμια. 
ἔρρωσο. ","25.698835,33.392071",25.698835,33.392071,33.84581538,18.851081785714285,16
84,,,© Heidelberger Gesamtverzeichnis der griechischen Papyrusurkunden Ägyptens. This work is licensed under a Creative Commons Attribution 3.0 License.,,,,,Didymoi,,,,,,,Ostrakon,,"O. Did. 412 (Bülow-Jacobsen, Adam; 2012)",Letters to Ammonios,,,,Ostrakon,,http://www.ifao.egnet.net/bases/publications/fifao67/?os=435...,,Brief (privat); N.N. an Ammonios; Planung einer Reise des Adressaten zu Ammonios; Bitte; Wein mitzubringen,,,,,"Qift, Archaeological storeroom Did. 378",,,,,,"Egypt, Eastern desert - Didymoi (Khashm el-Minayh)[found & written]",,,,AD 140 about before,,,,,,,,"Did., 378",,mentioned places,,Greek,,,,,,,,,,,,,vor (?) ca. 140,O.Did. 412,Brief (privat); N.N. an Ammonios; Planung einer Reise des Adressaten zu Ammonios; Bitte; Wein mitzubringen,,Didymoi,,,,,,,,,,,© Heidelberger Gesamtverzeichnis der griechischen Papyrusurkunden Ägyptens. This work is licensed under a Creative Commons Attribution 3.0 License.,,,,,,,,,"Did., 378",,Ostrakon,,,,,,,,Letters to Ammonios,Ostrakon,http://www.ifao.egnet.net/bases/publications/fifao67/?os=435...,,,,,,,,"  [  ̣  ̣  ̣  ̣]σ̣ος Ἀμμωνίῳ τῷ ἀδελ̣-
[φῷ] πλεῖστα ⁦ vac. ? ⁩ χαίρειν· 
[καλῶ]ς ποιήσις(*) ἂν ἀμετεώριστος τ̣ε-
[  ̣  ̣  ̣]  ̣δ̣ων σου ἰς(*) τὸ πραισίδιν(*) ἵνα πρό-
5[σοδ]ον ποιησώμεθα τοῦ καταβῆναί σε. 
[τῶ]ν̣ θεῶν ἐπιτρεπόντων προχ̣ωρεῖ τὰ 
π̣λε̣ίονα τῶν ὧδε καὶ ἐὰν ἔρχῃ καὶ ὄνον 
ἔχῃς καὶ δύνῃ ἡμεῖν(*) τῆς τειμῆς(*) ⟦  ̣⟧ ὑλισ-
τὸν ἐνένκαι(*) λαδικηνοῦ(*), καλῶς ποιήσις(*). 
10ἄσσπασαι(*) Ὀκτάιν(*) καὶ Ἆπειν̣(*) πολὰ(*)  
καὶ ἐρώτησον Ὀκτάιν(*) τοῖς ἐμοῖς 
λόγοις ὅπως Ἄπειδι(*) συνχωρή-
σῃ δύο ἡμέρας ἐλθεῖν σὺν 
σοὶ ὧδε. ἄσσπασαι(*) τοὺς πα-
15ρ' ἡμῶν πάντες(*) κατ' ὄνο-
μα. 
ἔρρωσο. ","    ̣  ̣  ̣  ̣σ̣ος Ἀμμωνίῳ τῷ ἀδελ̣-
φῷ πλεῖστα ⁦ vac. ? ⁩ χαίρειν· 
καλῶς ποιήσις ἂν ἀμετεώριστος τ̣ε-
  ̣  ̣  ̣  ̣δ̣ων σου ἰς τὸ πραισίδιν ἵνα πρό-
5σοδον ποιησώμεθα τοῦ καταβῆναί σε. 
τῶν̣ θεῶν ἐπιτρεπόντων προχ̣ωρεῖ τὰ 
π̣λε̣ίονα τῶν ὧδε καὶ ἐὰν ἔρχῃ καὶ ὄνον 
ἔχῃς καὶ δύνῃ ἡμεῖν τῆς τειμῆς ⟦  ̣⟧ ὑλισ-
τὸν ἐνένκαι λαδικηνοῦ, καλῶς ποιήσις. 
10ἄσσπασαι Ὀκτάιν καὶ Ἆπειν̣ πολὰ  
καὶ ἐρώτησον Ὀκτάιν τοῖς ἐμοῖς 
λόγοις ὅπως Ἄπειδι συνχωρή-
σῃ δύο ἡμέρας ἐλθεῖν σὺν 
σοὶ ὧδε. ἄσσπασαι τοὺς πα-
15ρ' ἡμῶν πάντες κατ' ὄνο-
μα. 
ἔρρωσο. ","25.698835,33.392071",25.698835,33.392071,33.84581538,18.851081785714285,16
