Unnamed: 0,Condition (HGV),Author (HGV),License (HGV),Culture (HGV),Script Type (HGV),Previous Edition (HGV),Preservation (HGV),Origin (HGV),Catalog(s) (HGV),Work (HGV),Summary (HGV),Recto/Verso (HGV),Post-Concordance BL Entries (HGV),Genre (HGV),Material (HGV),Support Dimensions (HGV),Publications (HGV),Title (HGV),Translations (HGV),Support Material (HGV),Note (general) (HGV),Support/Dimensions (HGV),Reuse Type (HGV),Images (HGV),People (HGV),Subjects (HGV),Hands (HGV),Commentary (HGV),General Notes (HGV),Place Stored (Ancient) (HGV),Inv. no. (HGV),Principal Edition (HGV),Lines (HGV),Citations (HGV),Availability (HGV),palaeo (HGV),Provenance (HGV),Religion (HGV),catalogue (HGV),Partial Edition (HGV),Date (HGV),translation (HGV),study (HGV),Reference Edition (HGV),Fragments (HGV),reference (HGV),Associated Names (HGV),Works (HGV),Inv. Id (HGV),Form and Layout (HGV),Places (HGV),illustration (HGV),Language (HGV),Print Illustrations (HGV),Note (local/note) (HGV),Note (related) (HGV),Content (HGV),Readings (HGV),Mentioned Dates (HGV),Archive (HGV),Fragments (Tris),General Notes (Tris),Genre (Tris),Print Illustrations (Tris),Reuse Type (Tris),Date (Tris),Publications (Tris),Subjects (Tris),illustration (Tris),Origin (Tris),Translations (Tris),Reference Edition (Tris),Partial Edition (Tris),Support Dimensions (Tris),Provenance (Tris),Availability (Tris),Work (Tris),Content (Tris),Form and Layout (Tris),catalogue (Tris),License (Tris),Previous Edition (Tris),Post-Concordance BL Entries (Tris),Support Material (Tris),Principal Edition (Tris),Citations (Tris),People (Tris),translation (Tris),Commentary (Tris),Inv. Id (Tris),Place Stored (Ancient) (Tris),Support/Dimensions (Tris),Script Type (Tris),Culture (Tris),Catalog(s) (Tris),Mentioned Dates (Tris),study (Tris),palaeo (Tris),Readings (Tris),Title (Tris),Material (Tris),Images (Tris),Religion (Tris),Works (Tris),Language (Tris),Inv. no. (Tris),Places (Tris),Archive (Tris),reference (Tris),text,cleanText,Coordinates,Latitude,Longitude,relLat,relLong,Cluster
411,,,© Heidelberger Gesamtverzeichnis der griechischen Papyrusurkunden Ägyptens. This work is licensed under a Creative Commons Attribution 3.0 License.,,,,,Hipponon,,,,,VIII 15; IX 11/12,,Papyrus,,"SB 26 16830 (Rupprecht, Hans-Albert; 2006) = P. Baden 4 55 (Bilabel, Friedrich; 1924) = ZPE 137 (2001), p. 215-219 (Kruit, Nico; 2001)",Weinlieferungskauf,,,,Papyrus,,https://papy.zaw.uni-heidelberg.de/gv0/Papyri/VBP_IV/055/VBP...,,Vertrag; Abba -uain (Priester und Archimandrit eines Klosters) mit Aur. Praûs; Kauf; Lieferung (Wein); Unterschriften; Notar,,"Datierung: 22. (23.) Jan., 14. Indiktion.",,,"Heidelberg, Institut für Papyrologie P. G 5139; . formerly: Heidelberg, Private collection Bilabel number unknown",,,,,,"Egypt, U20 - Hipponon (Qarara)[found]; Egypt, U19 - Oxyrynchites[written]",,,,"AD 500 - 699 (year Indictio 14, Tybi 27 (Jan 22 or 23))",,,,,,,,P.Heid. Inv. Nr. G 5139,,mentioned places,,Greek,,,,,,,,,,,,,VI - VII,VBP IV 55,Vertrag; Abba -uain (Priester und Archimandrit eines Klosters) mit Aur. Praûs; Kauf; Lieferung (Wein); Unterschriften; Notar,,Hipponon (Herakleopolites) bzw. Sephtha oder Sento (Oxyrhynchites),,,,,,,,,,,© Heidelberger Gesamtverzeichnis der griechischen Papyrusurkunden Ägyptens. This work is licensed under a Creative Commons Attribution 3.0 License.,,VIII 15; IX 11/12,,,,,,"Datierung: 22. (23.) Jan., 14. Indiktion.",P.Heid. Inv. Nr. G 5139,,Papyrus,,,,,,,,Weinlieferungskauf,Papyrus,https://papy.zaw.uni-heidelberg.de/gv0/Papyri/VBP_IV/055/VBP...,,,,,,,,"  † τῷ εὐλα̣βεστάτῳ ἄββα 
  ̣ουαιν(*) πρεσβύτερος(*) καὶ ἀρ-
χημανδρίτης(*) τοῦ μοναστηρί̣ου 
[  ̣̣]  ̣  ̣ηπεριτῶν καλουμένου 
5[ἄν]ω ἐν τῷ(*) Ἀπηλιωτικοῦ(*)  
[μέρ]ος(*) τῆς Ἀραβίας περὶ Φυλα-
[κὴν] Ἱππνος(*) τοῦ Ἡρακλεω-
[πολίτ]ου(*) νομοῦ Αὐρήλιος Πραοῦς̣ 
[υἱὸς Ἰ]ωάννου μητρὸς Ἄννα[ς] 
10[ὁρ]μώμενος ἀπὸ κώμης Σε[- ca.3 -](*)  
[τοῦ] Ὀξυρυγχίτου νομοῦ χαίρε̣[ιν. ὁμο-]
[λο]γ̣ῶ ἐσχηκέναι π̣α̣ρ̣ὰ̣ [σοῦ ἐντεῦ-]
[θε]ν̣ τὴν πρὸς ἀλλ[ήλους συμ-]
π̣εφωνη̣μ̣ένην καὶ ἀρ[έσασάν] 
15μοι τιμὴς(*) πλήρης χρυσο̣ῦ̣ [νο]μ̣ισ-
[ματ]ί̣ο̣υ τρίτον εἰς κεράτι[  ̣]  ̣α(*)  ἓξ̣  
ἐπάνω τιμῆς οἴνου προσ[  ̣  ̣  ̣  ̣] 
τοῦ αὑτοῦ πίθου ἐπὶ τῆς πα[ρούσης] 
[τ]ε̣[σ]σαρεσκαιδεκάτης ἰν̣[δικτ(ίωνος)] 
20[ο]ἴ̣νου ῥύσεως καρπῶν τῆ[ς] 
[σ]ὺ̣ν θ(ε)ῷ πεντηκαιδεκάτης(*)  
ἐπινεμήσεως. ἀναδέχομαι δ̣ὲ̣ 
καλουνὺν(*) καὶ παραμουνὺν(*) κα[ὶ τοῦ] 
α̣[ὐ]τ̣[ο]ῦ οἴνου μέχρι ὅλου τοῦ Τῦβι̣ [μη(νός)·] 
25{ωσει} καὶ εἰ εὑρη̣[θ]ε̣[ί]η(*) ἐν αὐ̣τ̣ῷ ὄξ̣[ος ἤ-]
γου<ν> φαῦλα, καί με ταῦτα ἀλλά̣ξ̣[αι εὐθέ-]
ως καὶ παρασχεῖν σοι τὰ ἴσα ἐ̣ν πρ̣[ω-]
τίου οἴνου(*). κύρ(ιον) τὸ γρ(αμμάτιον) ἁπλ(οῦν) γραφ(ὲν) κ̣α[ὶ ἐπ-]
ερωτ̣(ηθεὶς) ὡμολόγησα. † ἐγράφ(η) μη(νὶ) Τῦβι 
30κζ ἰνδ(ικτίωνος) ιδ. δι’ ἐμοῦ Ὀννωφρίου 
⁦ vac. ? ⁩ ἐτελιώθη(*). † ","  † τῷ εὐλα̣βεστάτῳ ἄββα 
  ̣ουαιν πρεσβύτερος καὶ ἀρ-
χημανδρίτης τοῦ μοναστηρί̣ου 
  ̣̣  ̣  ̣ηπεριτῶν καλουμένου 
5ἄνω ἐν τῷ Ἀπηλιωτικοῦ  
μέρος τῆς Ἀραβίας περὶ Φυλα-
κὴν Ἱππνος τοῦ Ἡρακλεω-
πολίτου νομοῦ Αὐρήλιος Πραοῦς̣ 
υἱὸς Ἰωάννου μητρὸς Ἄννας 
10ὁρμώμενος ἀπὸ κώμης Σε- ca.3 -  
τοῦ Ὀξυρυγχίτου νομοῦ χαίρε̣ιν. ὁμο-
λογ̣ῶ ἐσχηκέναι π̣α̣ρ̣ὰ̣ σοῦ ἐντεῦ-
θεν̣ τὴν πρὸς ἀλλήλους συμ-
π̣εφωνη̣μ̣ένην καὶ ἀρέσασάν 
15μοι τιμὴς πλήρης χρυσο̣ῦ̣ νομ̣ισ-
ματί̣ο̣υ τρίτον εἰς κεράτι  ̣  ̣α  ἓξ̣  
ἐπάνω τιμῆς οἴνου προσ  ̣  ̣  ̣  ̣ 
τοῦ αὑτοῦ πίθου ἐπὶ τῆς παρούσης 
τε̣σσαρεσκαιδεκάτης ἰν̣δικτίωνος 
20οἴ̣νου ῥύσεως καρπῶν τῆς 
σὺ̣ν θεῷ πεντηκαιδεκάτης  
ἐπινεμήσεως. ἀναδέχομαι δ̣ὲ̣ 
καλουνὺν καὶ παραμουνὺν καὶ τοῦ 
α̣ὐτ̣οῦ οἴνου μέχρι ὅλου τοῦ Τῦβι̣ μηνός· 
25{ωσει} καὶ εἰ εὑρη̣θε̣ίη ἐν αὐ̣τ̣ῷ ὄξ̣ος ἤ-
γουν φαῦλα, καί με ταῦτα ἀλλά̣ξ̣αι εὐθέ-
ως καὶ παρασχεῖν σοι τὰ ἴσα ἐ̣ν πρ̣ω-
τίου οἴνου. κύριον τὸ γραμμάτιον ἁπλοῦν γραφὲν κ̣αὶ ἐπ-
ερωτ̣ηθεὶς ὡμολόγησα. † ἐγράφη μηνὶ Τῦβι 
30κζ ἰνδικτίωνος ιδ. δι’ ἐμοῦ Ὀννωφρίου 
⁦ vac. ? ⁩ ἐτελιώθη. † ","28.649751,30.8668",28.649751,30.8668,31.876104,16.1109455,24
428,,,© Heidelberger Gesamtverzeichnis der griechischen Papyrusurkunden Ägyptens. This work is licensed under a Creative Commons Attribution 3.0 License.,,,,,Herakleopolites oder Oxyrhynchites,,,,,,,Holztafel,,"SB Kopt. 3 1415 (Hasitzka, Monika R. M. / ; 2006) = T. Varie 11 (Pintaudi, Rosario / Sijpesteijn, Pieter Johannes; 1989)",Vendita di vino con anticipazione di prezzo8,,,,Holztafel,other text(s) on the same object: 39258,,mentioned people,Vertrag; Kauf; Lieferung; Wein; Eid,,"Schultext? Koptisch - griechisch. Datierung: 1. Juni, 9. Indiktion. Rückseite: T.Varie 10. Zur Datierung vgl. APF 51, 2005, S. 76, Anm. 3; zum Ort vgl. ebenda, S. 77, Anm. 5. Zu Z. 7 und 8 vgl. BOEP 5.1 (7. Jan. 2016), S. 6.",,,"Rome, Vatican, Biblioteca del Vaticano Copt. 5 Ro; . formerly: Rome, Vatican, Biblioteca del Vaticano Copt. 112 Ro",,,,,,"Egypt, U20 - Herakleopolites[found & written]",,,,"AD 500 - 699 (year Indictio 09, (Jun 01))",,,,,,,,,,,,bilingual: Coptic (Sahidic) / Greek,Tav. XIII,,,,,,,,,,Tav. XIII,,VII - VIII,T.Varie 11,Vertrag; Kauf; Lieferung; Wein; Eid,,Herakleopolites oder Oxyrhynchites,,,,,,,,,,,© Heidelberger Gesamtverzeichnis der griechischen Papyrusurkunden Ägyptens. This work is licensed under a Creative Commons Attribution 3.0 License.,,,,,,,,"Schultext? Koptisch - griechisch. Datierung: 1. Juni, 9. Indiktion. Rückseite: T.Varie 10. Zur Datierung vgl. APF 51, 2005, S. 76, Anm. 3; zum Ort vgl. ebenda, S. 77, Anm. 5. Zu Z. 7 und 8 vgl. BOEP 5.1 (7. Jan. 2016), S. 6.",,,Holztafel,,,,,,,,Vendita di vino con anticipazione di prezzo8,Holztafel,,,,,,,,,"  † ⲁⲛⲟⲕ ⲉⲡⲓⲙⲁ̣ⲭⲉ ⲡⲉϭⲙⲉ ⲡϣⲉ ⲡⲙⲁⲕⲁⲣⲓⲟⲥ(*) ⲁⲗⲗ̣[ⲟ]ⲩⲥ ⲙⲡⲉⲡⲟⲓⲕⲉⲓⲟⲛ(*) ⲡⲙⲁ ⲙⲡⲓⲇ̣ⲉⲓⲏ ϩⲙ ⲡⲧⲟϣ ϩ̣ⲛ̣ⲉ̣ⲥ̣ 
ⲧⲡⲟⲗⲓⲥ(*)  ⲙⲡⲛⲟⲙⲟⲥ(*) ⲉⲓⲥϩⲁⲓ(*)  ⲛⲥⲉⲣⲛⲉ ⲡϣ ⲛⲡⲙⲁⲕⲁⲣⲓⲟⲥ(*) ⲡⲁⲩⲁⲛ ⲡⲣⲱⲙ ⲛ̣ⲉⲙⲟⲩⲉ ϩⲙ ⲡⲧⲟϣ ϩⲛⲉⲥ ⲧⲡⲟⲗⲓⲥ(*)  
ⲙⲡⲛⲟⲙⲟⲥ(*) ϯⲣⲁϣⲉ ⲁⲩⲱ ⲧⲓϩⲟⲙⲟⲗⲟⲅⲓ(*) ⲉⲓϫⲓ ⲉϫⲱⲓ(*)  ⲛⲧⲟⲟⲧⲕ ϩⲛ ⲧⲁⲭⲣⲓⲁ(*) ⲙⲛ ⲧⲁⲁⲛⲁⲅⲕⲉ(*) ⲛⲟⲩⲕⲁⲓⲫⲁⲗⲉⲟⲛ(*) ⲛⲟⲩϥ̣ 
ⲉⲧ̣ⲉ ⲛⲁⲓ ⲛⲉ ϩⲙⲉ ⲙⲛ ϣⲙⲟⲩⲛ  ⲛϩⲟⲗ(ⲟ)ⲕⲟⲧ(ⲧⲓⲛⲁ)(*) ⲛⲟⲩϥ γί(νεται) χρυ(σοῦ) νο(μίσματα) μη ἀπὸ̣ (κερατίων) κβ  𐅵· ⲧⲓⲧⲓⲙⲏ(*) ⲟⲩⲛ(*)  ⲛⲧⲁⲓ(*)ϫⲓⲧⲥ ⲉϫⲱⲓ(*)  ⲛⲧⲟⲟⲧⲕ ⲉϫⲛ ⲏⲣⲡ 
5ⲙⲡⲣⲟⲩⲕⲩⲣⲟⲩ ⲡⲣⲟⲥ(*)  ⲧⲁⲓ(*)ⲟⲩ  ⲛϫⲛⲟϥ ⲉⲫⲟⲗⲟⲕ(ⲟ)ⲧ(ⲧⲓⲛⲟⲛ)(*) ⲙⲛ ⲛⲉⲩⲕⲟⲩⲫⲟⲛ(*)  ⲛⲃⲩⲣⲉ ⲉⲧⲉ ⲛⲁⲓ ⲛⲉ ϫⲟⲩⲧⲁⲃⲇⲉ  ⲛϣⲉ ⲛⲗⲁϩⲉ̣ 
ⲛⲏⲣⲡ γί̣(νεται) οἴ(νου) κν(ί)δ(ια) Βυ ⲛⲁⲓ ⲟⲩⲛ(*) ϩⲙ ⲡⲟⲩⲱϣ ⲙⲡⲛⲟⲩⲧⲉ ϯϣⲟⲟⲡ ⲛϩⲉⲧⲟⲓⲙⲟⲥ(*) ⲧⲁⲧⲁⲁⲩ ⲛⲁⲕ ϩⲙ ⲙⲉⲥⲟⲣ(ⲏ) ⲡⲉⲃ̣ⲱ̣[ⲧ] 
ⲙⲡϫⲱⲱⲗⲉ ⲛⲧⲓⲣⲟⲙⲡⲉ ⲧⲁⲓ(*) ϩⲛⲛⲁⲧⲏⲥ ⲓⲛⲇ(ⲓⲕⲧⲓⲱⲛⲟⲥ)(*) ⲁⲩⲱ̣ ⲧⲁⲧⲱⲱⲃⲉ(*) ⲉⲣⲟⲟⲩ ⲛⲁⲕ ⲉⲫⲏⲙϭ ⲙⲛ ⲡⲕⲱ ϣⲁ ⲧⲱⲃⲉ 
ⲡⲉⲃⲟⲧ(*)  ⲛⲇⲉⲕⲁⲧⲏⲥ(*) ⲓⲛⲇ(ⲓⲕⲧⲓⲱⲛⲟⲥ)(*). ⲧⲁⲡⲗⲏⲣⲟⲩ(*)  ⲙⲙⲟⲕ ⲡⲓⲕⲁⲓⲫⲁⲗⲉⲟⲛ(*) ⲛⲁⲧϩⲁⲡ ⲛⲁⲧⲛⲟⲙⲟⲥ(*) ⲛⲁⲧⲗⲁⲁ̣ⲩ 
ⲛⲁⲙⲫⲓⲃⲟⲗⲓⲁ(*). ⲉⲓⲱⲣⲕ ⲙⲡⲛⲟⲩⲧⲉ ⲡⲡⲁⲛⲧ̣ⲟⲕⲣⲁⲧⲱⲣ(*) ⲙⲛ ⲡⲉⲩϫⲁⲓ ⲛⲛⲉⲧⲁⲣⲭⲉⲓ(*) ⲉϫⲱⲛ ⲕⲁⲧⲁ(*)  
10ⲕⲁⲓⲣⲟⲥ(*) ϫⲛⲛⲉⲓ(*)ⲡⲁⲣⲁⲃⲁ(*)  ⲙⲙⲟⲕ ⲟⲩⲱⲣϫ ⲛⲁⲕ ⲁⲓⲥⲙⲛ ⲡⲓ(*)ⲅⲣⲁⲙⲙ(ⲁ)ⲧ(ⲓⲟⲛ)(*) ⲛⲁⲕ ⲉⲩϣⲁⲛϫⲛⲟⲩⲓ(*) ϣⲁⲓ(*)ϩⲟⲙⲟⲗⲟⲅⲉⲓ(*). † 
† μ(ηνὶ) Π(α)ῦ(νι) ζ ἰνδ(ικτίονος) θ. ","  † ⲁⲛⲟⲕ ⲉⲡⲓⲙⲁ̣ⲭⲉ ⲡⲉϭⲙⲉ ⲡϣⲉ ⲡⲙⲁⲕⲁⲣⲓⲟⲥ ⲁⲗⲗ̣ⲟⲩⲥ ⲙⲡⲉⲡⲟⲓⲕⲉⲓⲟⲛ ⲡⲙⲁ ⲙⲡⲓⲇ̣ⲉⲓⲏ ϩⲙ ⲡⲧⲟϣ ϩ̣ⲛ̣ⲉ̣ⲥ̣ 
ⲧⲡⲟⲗⲓⲥ  ⲙⲡⲛⲟⲙⲟⲥ ⲉⲓⲥϩⲁⲓ  ⲛⲥⲉⲣⲛⲉ ⲡϣ ⲛⲡⲙⲁⲕⲁⲣⲓⲟⲥ ⲡⲁⲩⲁⲛ ⲡⲣⲱⲙ ⲛ̣ⲉⲙⲟⲩⲉ ϩⲙ ⲡⲧⲟϣ ϩⲛⲉⲥ ⲧⲡⲟⲗⲓⲥ  
ⲙⲡⲛⲟⲙⲟⲥ ϯⲣⲁϣⲉ ⲁⲩⲱ ⲧⲓϩⲟⲙⲟⲗⲟⲅⲓ ⲉⲓϫⲓ ⲉϫⲱⲓ  ⲛⲧⲟⲟⲧⲕ ϩⲛ ⲧⲁⲭⲣⲓⲁ ⲙⲛ ⲧⲁⲁⲛⲁⲅⲕⲉ ⲛⲟⲩⲕⲁⲓⲫⲁⲗⲉⲟⲛ ⲛⲟⲩϥ̣ 
ⲉⲧ̣ⲉ ⲛⲁⲓ ⲛⲉ ϩⲙⲉ ⲙⲛ ϣⲙⲟⲩⲛ  ⲛϩⲟⲗⲟⲕⲟⲧⲧⲓⲛⲁ ⲛⲟⲩϥ γίνεται χρυσοῦ νομίσματα μη ἀπὸ̣ κερατίων κβ  𐅵· ⲧⲓⲧⲓⲙⲏ ⲟⲩⲛ  ⲛⲧⲁⲓϫⲓⲧⲥ ⲉϫⲱⲓ  ⲛⲧⲟⲟⲧⲕ ⲉϫⲛ ⲏⲣⲡ 
5ⲙⲡⲣⲟⲩⲕⲩⲣⲟⲩ ⲡⲣⲟⲥ  ⲧⲁⲓⲟⲩ  ⲛϫⲛⲟϥ ⲉⲫⲟⲗⲟⲕⲟⲧⲧⲓⲛⲟⲛ ⲙⲛ ⲛⲉⲩⲕⲟⲩⲫⲟⲛ  ⲛⲃⲩⲣⲉ ⲉⲧⲉ ⲛⲁⲓ ⲛⲉ ϫⲟⲩⲧⲁⲃⲇⲉ  ⲛϣⲉ ⲛⲗⲁϩⲉ̣ 
ⲛⲏⲣⲡ γί̣νεται οἴνου κνίδια Βυ ⲛⲁⲓ ⲟⲩⲛ ϩⲙ ⲡⲟⲩⲱϣ ⲙⲡⲛⲟⲩⲧⲉ ϯϣⲟⲟⲡ ⲛϩⲉⲧⲟⲓⲙⲟⲥ ⲧⲁⲧⲁⲁⲩ ⲛⲁⲕ ϩⲙ ⲙⲉⲥⲟⲣⲏ ⲡⲉⲃ̣ⲱ̣ⲧ 
ⲙⲡϫⲱⲱⲗⲉ ⲛⲧⲓⲣⲟⲙⲡⲉ ⲧⲁⲓ ϩⲛⲛⲁⲧⲏⲥ ⲓⲛⲇⲓⲕⲧⲓⲱⲛⲟⲥ ⲁⲩⲱ̣ ⲧⲁⲧⲱⲱⲃⲉ ⲉⲣⲟⲟⲩ ⲛⲁⲕ ⲉⲫⲏⲙϭ ⲙⲛ ⲡⲕⲱ ϣⲁ ⲧⲱⲃⲉ 
ⲡⲉⲃⲟⲧ  ⲛⲇⲉⲕⲁⲧⲏⲥ ⲓⲛⲇⲓⲕⲧⲓⲱⲛⲟⲥ. ⲧⲁⲡⲗⲏⲣⲟⲩ  ⲙⲙⲟⲕ ⲡⲓⲕⲁⲓⲫⲁⲗⲉⲟⲛ ⲛⲁⲧϩⲁⲡ ⲛⲁⲧⲛⲟⲙⲟⲥ ⲛⲁⲧⲗⲁⲁ̣ⲩ 
ⲛⲁⲙⲫⲓⲃⲟⲗⲓⲁ. ⲉⲓⲱⲣⲕ ⲙⲡⲛⲟⲩⲧⲉ ⲡⲡⲁⲛⲧ̣ⲟⲕⲣⲁⲧⲱⲣ ⲙⲛ ⲡⲉⲩϫⲁⲓ ⲛⲛⲉⲧⲁⲣⲭⲉⲓ ⲉϫⲱⲛ ⲕⲁⲧⲁ  
10ⲕⲁⲓⲣⲟⲥ ϫⲛⲛⲉⲓⲡⲁⲣⲁⲃⲁ  ⲙⲙⲟⲕ ⲟⲩⲱⲣϫ ⲛⲁⲕ ⲁⲓⲥⲙⲛ ⲡⲓⲅⲣⲁⲙⲙⲁⲧⲓⲟⲛ ⲛⲁⲕ ⲉⲩϣⲁⲛϫⲛⲟⲩⲓ ϣⲁⲓϩⲟⲙⲟⲗⲟⲅⲉⲓ. † 
† μηνὶ Παῦνι ζ ἰνδικτίονος θ. ","28.75,30.75",28.75,30.75,31.785,16.017857142857142,24
