Unnamed: 0,Condition (HGV),Author (HGV),License (HGV),Culture (HGV),Script Type (HGV),Previous Edition (HGV),Preservation (HGV),Origin (HGV),Catalog(s) (HGV),Work (HGV),Summary (HGV),Recto/Verso (HGV),Post-Concordance BL Entries (HGV),Genre (HGV),Material (HGV),Support Dimensions (HGV),Publications (HGV),Title (HGV),Translations (HGV),Support Material (HGV),Note (general) (HGV),Support/Dimensions (HGV),Reuse Type (HGV),Images (HGV),People (HGV),Subjects (HGV),Hands (HGV),Commentary (HGV),General Notes (HGV),Place Stored (Ancient) (HGV),Inv. no. (HGV),Principal Edition (HGV),Lines (HGV),Citations (HGV),Availability (HGV),palaeo (HGV),Provenance (HGV),Religion (HGV),catalogue (HGV),Partial Edition (HGV),Date (HGV),translation (HGV),study (HGV),Reference Edition (HGV),Fragments (HGV),reference (HGV),Associated Names (HGV),Works (HGV),Inv. Id (HGV),Form and Layout (HGV),Places (HGV),illustration (HGV),Language (HGV),Print Illustrations (HGV),Note (local/note) (HGV),Note (related) (HGV),Content (HGV),Readings (HGV),Mentioned Dates (HGV),Archive (HGV),Fragments (Tris),General Notes (Tris),Genre (Tris),Print Illustrations (Tris),Reuse Type (Tris),Date (Tris),Publications (Tris),Subjects (Tris),illustration (Tris),Origin (Tris),Translations (Tris),Reference Edition (Tris),Partial Edition (Tris),Support Dimensions (Tris),Provenance (Tris),Availability (Tris),Work (Tris),Content (Tris),Form and Layout (Tris),catalogue (Tris),License (Tris),Previous Edition (Tris),Post-Concordance BL Entries (Tris),Support Material (Tris),Principal Edition (Tris),Citations (Tris),People (Tris),translation (Tris),Commentary (Tris),Inv. Id (Tris),Place Stored (Ancient) (Tris),Support/Dimensions (Tris),Script Type (Tris),Culture (Tris),Catalog(s) (Tris),Mentioned Dates (Tris),study (Tris),palaeo (Tris),Readings (Tris),Title (Tris),Material (Tris),Images (Tris),Religion (Tris),Works (Tris),Language (Tris),Inv. no. (Tris),Places (Tris),Archive (Tris),reference (Tris),text,cleanText,Coordinates,Latitude,Longitude,relLat,relLong,Cluster
104,,,© Heidelberger Gesamtverzeichnis der griechischen Papyrusurkunden Ägyptens. This work is licensed under a Creative Commons Attribution 3.0 License.,,,,,Theadelphia,,,,,,,Papyrus,,P.Bas. I 16V,Letter to Lucretius,,,,Papyrus,,https://papyri.uni-leipzig.de/receive/BslPapyri_schrift_0000...,,Brief (privat); NN an Lucretius; Pacht; Kamele; Wein; Esel,,Rückseite: P.Bas. II 43.,,,,,,,,,,,,,ca. 235 - 269,,,,,,,,P.Bas. inv. 16 verso,,,,,S. 190,,,,,,,,,,S. 190,,ca. 235 - 269,P.Bas. I 16V,Brief (privat); NN an Lucretius; Pacht; Kamele; Wein; Esel,,Theadelphia (Arsinoites),,,,,,,,,,,© Heidelberger Gesamtverzeichnis der griechischen Papyrusurkunden Ägyptens. This work is licensed under a Creative Commons Attribution 3.0 License.,,,,,,,,Rückseite: P.Bas. II 43.,P.Bas. inv. 16 verso,,Papyrus,,,,,,,,Letter to Lucretius,Papyrus,https://papyri.uni-leipzig.de/receive/BslPapyri_schrift_0000...,,,,,,,,"  -- -- -- -- -- -- -- -- -- --  
1[  ̣  ̣  ̣]  ̣  ̣[  ̣  ̣]  ̣κ  ̣  ̣[  ̣] 
  ̣υ̣  ̣  ̣  ̣[  ̣  ̣]  ̣[  ̣]  ̣  ̣λ̣λ̣  ̣  
μην̣. κα̣ὶ̣ ν̣ῦν σοι 
τὰ αὐτὰ ἐντέλλομαι 
5κ̣αὶ τὸ ἐκ̣φόριον 
μ̣ο̣ι̣ π̣α̣ροῦ ὁλό̣κλη- 
(added at left: (δραχμ- ) π  ̣) ρ̣ον οὐ{κ} λημματί- 
(added at left: (δραχμ- )   ̣) σ̣ας καὶ π̣ό̣λλα 
ἄλλα. (hand 2?) σεσημ(είωμαι). 
10Λουκρητίωι̣ 
(ἔτους) β̣// Χο(ιὰκ) κη̣̅  
ἔπεμψα τ̣ὰ̣ κα̣μ̣ή̣λ̣(ια) 
ὑπὸ οἶνον̣. 
ἐὰν θέλῃ Ἥρ̣ων̣ ὁ μυλ(ωνικὸς) 
15τὴν ὄνον ἣν ἔχ̣ε̣ι̣   ̣  ̣  ̣  ̣σ̣ 
π[  ̣]πιρα  ̣  ̣ν καὶ τὴ̣ν μι-
κροτέ̣ρ̣αν πωλ̣άδα τὴ̣ν 
ἄλ̣λη̣ν̣ ἣν (δραχμῶν) χ πώλησ̣ον̣. ","  -- -- -- -- -- -- -- -- -- --  
1  ̣  ̣  ̣  ̣  ̣  ̣  ̣  ̣κ  ̣  ̣  ̣ 
  ̣υ̣  ̣  ̣  ̣  ̣  ̣  ̣  ̣  ̣  ̣λ̣λ̣  ̣  
μην̣. κα̣ὶ̣ ν̣ῦν σοι 
τὰ αὐτὰ ἐντέλλομαι 
5κ̣αὶ τὸ ἐκ̣φόριον 
μ̣ο̣ι̣ π̣α̣ροῦ ὁλό̣κλη- 
added at left: δραχμ-  π  ̣ ρ̣ον οὐ{κ} λημματί- 
added at left: δραχμ-    ̣ σ̣ας καὶ π̣ό̣λλα 
ἄλλα. hand 2? σεσημείωμαι. 
10Λουκρητίωι̣ 
ἔτους β̣// Χοιὰκ κη̣̅  
ἔπεμψα τ̣ὰ̣ κα̣μ̣ή̣λ̣ια 
ὑπὸ οἶνον̣. 
ἐὰν θέλῃ Ἥρ̣ων̣ ὁ μυλωνικὸς 
15τὴν ὄνον ἣν ἔχ̣ε̣ι̣   ̣  ̣  ̣  ̣σ̣ 
π  ̣πιρα  ̣  ̣ν καὶ τὴ̣ν μι-
κροτέ̣ρ̣αν πωλ̣άδα τὴ̣ν 
ἄλ̣λη̣ν̣ ἣν δραχμῶν χ πώλησ̣ον̣. ","29.348065,30.49696",29.348065,30.49696,31.587628800000005,15.462511071428573,17
148,,,© Heidelberger Gesamtverzeichnis der griechischen Papyrusurkunden Ägyptens. This work is licensed under a Creative Commons Attribution 3.0 License.,,,,,Theadelphia,,,,,XII 71,,Papyrus,,"P. Flor. 2 196 (Comparetti, Domenico; 1908-1911)",Corrispondenza heroniniana - Ischyrion,,,,Papyrus,other text(s) on the same object: 315020,http://www.psi-online.it/documents/pflor;2;196...,mentioned people,Brief (privat); Ischyrion an Heroninos; Wein; Händler (Wein),,"Gehört zum Heroninos - Archiv. Zur Datierung vgl. Rathbone, Economic Rationalism, S. 245, Anm. S. 47 und 466. Datierung: 27. Dez., 1. Regierungsjahr. Rückseite: P.Laur. I 14.",,,"Florence, Biblioteca Medicea Laurenziana P. Flor. 196 Vo",,,,,,"Egypt, 00b - Theadelpheia (Batn el-Harit)[found & written]",,,,"AD 249 - 260 (year 01, (Dec 27))",,,,,,,,,,mentioned places,,Greek,,,,,,,"Heroninos, estate manager",,,,,,249 - 260,P.Flor. 2 196,Brief (privat); Ischyrion an Heroninos; Wein; Händler (Wein),,Theadelphia (Arsinoites),,,,,,,,,,,© Heidelberger Gesamtverzeichnis der griechischen Papyrusurkunden Ägyptens. This work is licensed under a Creative Commons Attribution 3.0 License.,,XII 71,,,,,,"Gehört zum Heroninos - Archiv. Zur Datierung vgl. Rathbone, Economic Rationalism, S. 245, Anm. S. 47 und 466. Datierung: 27. Dez., 1. Regierungsjahr. Rückseite: P.Laur. I 14.",,,Papyrus,,,,,,,,Corrispondenza heroniniana - Ischyrion,Papyrus,http://www.psi-online.it/documents/pflor;2;196...,,,,,,,,"  π(αρὰ) Ἰσχυρίωνος. 
παράδος Ὡρίωνι φροντιστῇ 
διʼ Ἐπαγάθου οἰνοπώλου ο[ἴ]νου 
μονόχω(ρα) ἑκατὸν καὶ Α  ̣α  ̣  ̣  
5ὁμοίως οἰνοπώλῃ ἄλλα οἴνου 
μονόχω(ρα) ἑκατὸν ἀπὸ κτημά[των] 
Λε̣υκοῦ καὶ Κολοκύνθων 
γίν(εται) ο(ἴνου) ἀριθ(μῷ) μονόχ(ωρα) διακόσ[ια] 
τῆς τιμῆς αὐτῶν χωρούσ[ης] 
10ε̣ἰ̣ς τιναγμὸν κώμης Διον[υσιάδ]ος 
ὡς τοῦ μονοχώρου (δραχμῶν) δεκατ̣ε̣σ̣σ̣ά̣(ρων) . 
(hand 2) σεσημ(είωμαι) οἴνου μονόχ(ωρα) δι̣α̣κ̣ό̣σια 
ὡς πρόκ(ειται). 
Ἡρωνεί[ν]ῳ φρ(οντιστῇ) Θεαδελφ(είας). 
15α (ἔτους) Τῦβι α  ","  παρὰ Ἰσχυρίωνος. 
παράδος Ὡρίωνι φροντιστῇ 
διʼ Ἐπαγάθου οἰνοπώλου οἴνου 
μονόχωρα ἑκατὸν καὶ Α  ̣α  ̣  ̣  
5ὁμοίως οἰνοπώλῃ ἄλλα οἴνου 
μονόχωρα ἑκατὸν ἀπὸ κτημάτων 
Λε̣υκοῦ καὶ Κολοκύνθων 
γίνεται οἴνου ἀριθμῷ μονόχωρα διακόσια 
τῆς τιμῆς αὐτῶν χωρούσης 
10ε̣ἰ̣ς τιναγμὸν κώμης Διονυσιάδος 
ὡς τοῦ μονοχώρου δραχμῶν δεκατ̣ε̣σ̣σ̣ά̣ρων . 
hand 2 σεσημείωμαι οἴνου μονόχωρα δι̣α̣κ̣ό̣σια 
ὡς πρόκειται. 
Ἡρωνείνῳ φροντιστῇ Θεαδελφείας. 
15α ἔτους Τῦβι α  ","29.348065,30.49696",29.348065,30.49696,31.587628800000005,15.462511071428573,17
149,,,© Heidelberger Gesamtverzeichnis der griechischen Papyrusurkunden Ägyptens. This work is licensed under a Creative Commons Attribution 3.0 License.,,,,,Theadelphia,,,,,VIII 127; IX 85; XII 71,,Papyrus,,"P. Flor. 2 243 (Comparetti, Domenico; 1908-1911)",Corrispondenza heroniniana - Syros,,,,Papyrus,other text(s) on the same object: 971780,http://www.psi-online.it/documents/pflor;2;243...,mentioned people,Brief (privat); Syros an Heroninos; Lieferung; Wein,,"Gehört zum Heroninos - Archiv. Alternativdatierung: 4. Okt. 255. Zur Datierung vgl. Rathbone, Economic Rationalism, S. 283, Anm. S. 23. Rückseite: SB XXVI 16480.",,,"Florence, Biblioteca Medicea Laurenziana P. Flor. 243 Vo",,,,,,"Egypt, 00b - Theadelpheia (Batn el-Harit)[found & written]",,,,AD 255 Oct 4? or AD 252 Oct 3?,,,,,,,,,,mentioned places,,Greek,"keine; Recto: AnalPap 12, 2000, S. 215",,,,,,"Heroninos, estate manager",,,,"keine; Recto: AnalPap 12, 2000, S. 215",,4. Okt. 255 (Jahr unsicher),P.Flor. 2 243,Brief (privat); Syros an Heroninos; Lieferung; Wein,,Theadelphia (Arsinoites),,,,,,,,,,,© Heidelberger Gesamtverzeichnis der griechischen Papyrusurkunden Ägyptens. This work is licensed under a Creative Commons Attribution 3.0 License.,,VIII 127; IX 85; XII 71,,,,,,"Gehört zum Heroninos - Archiv. Alternativdatierung: 4. Okt. 255. Zur Datierung vgl. Rathbone, Economic Rationalism, S. 283, Anm. S. 23. Rückseite: SB XXVI 16480.",,,Papyrus,,,,,,,,Corrispondenza heroniniana - Syros,Papyrus,http://www.psi-online.it/documents/pflor;2;243...,,,,,,,,"  Σύρος Ἡρωνείνῳ τῷ 
φιλ(τάτῳ) χαίρειν. 
ἐὰν ἔχῃς ἐκ τῶν [μ]ετε-
νεχθέντων σοι ἀπὸ Ἰ(*)βι-
5ῶνος οἰναρίων παράδος 
Εἰρηναίῳ φρ(οντιστῇ) Ε̣ὐημερίας 
ἄλλα μονόχω(ρα) ἑκατὸν (γίνεται) ρ. 
εἰ μὴ παράδος ἐκ τῶν 
παρά σοι ἑτοιμοτέρων 
10τὰ ἴ(*)σα ρ τῆς τιμῆς αὐ-
τῶν χω[ρ]ούση̣ς εἰς τὰ παρʼ 
αὐτῷ ἀναλώματα ὅγον(*)  
δως(*) κ̣α̣ὶ [δέξαι(*) παρʼ αὐτοῦ] γράμ-
ματ[α] τ[ῆς παρ]α[λ]ήμψεως. 
15[ἐρρῶ]σθαί σε 
εὔχομαι φίλτατε 
γ (ἔτους) Φφι(*)  ϛ  ","  Σύρος Ἡρωνείνῳ τῷ 
φιλτάτῳ χαίρειν. 
ἐὰν ἔχῃς ἐκ τῶν μετε-
νεχθέντων σοι ἀπὸ Ἰβι-
5ῶνος οἰναρίων παράδος 
Εἰρηναίῳ φροντιστῇ Ε̣ὐημερίας 
ἄλλα μονόχωρα ἑκατὸν γίνεται ρ. 
εἰ μὴ παράδος ἐκ τῶν 
παρά σοι ἑτοιμοτέρων 
10τὰ ἴσα ρ τῆς τιμῆς αὐ-
τῶν χωρούση̣ς εἰς τὰ παρʼ 
αὐτῷ ἀναλώματα ὅγον  
δως κ̣α̣ὶ δέξαι παρʼ αὐτοῦ γράμ-
ματα τῆς παραλήμψεως. 
15ἐρρῶσθαί σε 
εὔχομαι φίλτατε 
γ ἔτους Φφι  ϛ  ","29.348065,30.49696",29.348065,30.49696,31.587628800000005,15.462511071428573,17
150,,,© Heidelberger Gesamtverzeichnis der griechischen Papyrusurkunden Ägyptens. This work is licensed under a Creative Commons Attribution 3.0 License.,,,,,Theadelphia,,,,,VIII 127; IX 85; XII 71,,Papyrus,,"P. Flor. 2 253 (Comparetti, Domenico; 1908-1911)",Corrispondenza heroniniana - Syros,,,,Papyrus,other text(s) on the same object: 443250,http://www.psi-online.it/documents/pflor;2;253...,mentioned people,Brief (privat); Syros an Heroninos; Lieferung; Wein,,"Gehört zum Heroninos - Archiv. Zu Z. 6 vgl. Rathbone, Economic Rationalism, S. 253 - 254. Rückseite: SB XXVI 16481.",,,"Florence, Biblioteca Medicea Laurenziana P. Flor. 253 Vo",,,,,,"Egypt, 00b - Theadelpheia (Batn el-Harit)[found & written]",,,,"AD 257 Dec 20 (year 05, Choiak 24)",,,,,,,,,,mentioned places,,Greek,"keine; Recto: AnalPap 12, 2000, S. 218",,,,,,"Heroninos, estate manager",,,,"keine; Recto: AnalPap 12, 2000, S. 218",,20. Dez. 257,P.Flor. 2 253,Brief (privat); Syros an Heroninos; Lieferung; Wein,,Theadelphia (Arsinoites),,,,,,,,,,,© Heidelberger Gesamtverzeichnis der griechischen Papyrusurkunden Ägyptens. This work is licensed under a Creative Commons Attribution 3.0 License.,,VIII 127; IX 85; XII 71,,,,,,"Gehört zum Heroninos - Archiv. Zu Z. 6 vgl. Rathbone, Economic Rationalism, S. 253 - 254. Rückseite: SB XXVI 16481.",,,Papyrus,,,,,,,,Corrispondenza heroniniana - Syros,Papyrus,http://www.psi-online.it/documents/pflor;2;253...,,,,,,,,"  Σύρος Ἡρωνείνῳ 
τῷ φιλ(τάτῳ) χαίρειν. 
παράδος(*) Ὡρί-
ωνι φρ(οντιστῇ) Διονυσιάδος 
5ἀφʼ ὧν ἔχεις παρά σοι 
ἀπὸ γ λην[οῦ ο]ἴν[ου] 
μονόχ(ωρα) πεντή[κο]ντ[α] 
γ(ίνονται) μο(νόχωρα) ν τῆς τιμῆς αὐτῶν 
χωρούσης εἰς τὰ παρʼ αὐ-
10τῷ ἀναλ(ώματα) ὧ̣ν λόγ(ον) δ̣ώσι(*)  
καὶ δέξαι παρʼ αὐτοῦ 
γρ(άμματα) τῆς παραλήμ̣ψεως. 
ἐρρῶσθαί 
σε εὔχομαι φί(λτατε) 
ε (ἔτους) 
15Χοιὰκ κδ  ","  Σύρος Ἡρωνείνῳ 
τῷ φιλτάτῳ χαίρειν. 
παράδος Ὡρί-
ωνι φροντιστῇ Διονυσιάδος 
5ἀφʼ ὧν ἔχεις παρά σοι 
ἀπὸ γ ληνοῦ οἴνου 
μονόχωρα πεντήκοντα 
γίνονται μονόχωρα ν τῆς τιμῆς αὐτῶν 
χωρούσης εἰς τὰ παρʼ αὐ-
10τῷ ἀναλώματα ὧ̣ν λόγον δ̣ώσι  
καὶ δέξαι παρʼ αὐτοῦ 
γράμματα τῆς παραλήμ̣ψεως. 
ἐρρῶσθαί 
σε εὔχομαι φίλτατε 
ε ἔτους 
15Χοιὰκ κδ  ","29.348065,30.49696",29.348065,30.49696,31.587628800000005,15.462511071428573,17
151,,,© Heidelberger Gesamtverzeichnis der griechischen Papyrusurkunden Ägyptens. This work is licensed under a Creative Commons Attribution 3.0 License.,,,,,Theadelphia,,,,,VIII 128; IX 85,,Papyrus,,"P. Flor. 2 254 (Comparetti, Domenico; 1908-1911)",Corrispondenza heroniniana - Syros,,,,Papyrus,other text(s) on the same object: 109640,http://www.psi-online.it/documents/pflor;2;254...,mentioned people,Brief (privat); Syros an Heroninos; Lieferung; Wein; Bank,,"Gehört zum Heroninos - Archiv. Zur Datierung vgl. Rathbone, Economic Rationalism, S. 12, Anm. 12. Zu Z. 7 und 14 vgl. ebenda S. 324. Rückseite: P.Flor. I 88.",,,"Florence, Biblioteca Medicea Laurenziana P. Flor. 254",,,,,,"Egypt, 00b - Theadelpheia (Batn el-Harit)[found & written]",,,,AD 259 Sep 7,,,,,,,,,,mentioned places,,Greek,S. 222,,,,,,"Heroninos, estate manager",,,,S. 222,,7. Sept. 259,P.Flor. 2 254,Brief (privat); Syros an Heroninos; Lieferung; Wein; Bank,,Theadelphia (Arsinoites),,,,,,,,,,,© Heidelberger Gesamtverzeichnis der griechischen Papyrusurkunden Ägyptens. This work is licensed under a Creative Commons Attribution 3.0 License.,,VIII 128; IX 85,,,,,,"Gehört zum Heroninos - Archiv. Zur Datierung vgl. Rathbone, Economic Rationalism, S. 12, Anm. 12. Zu Z. 7 und 14 vgl. ebenda S. 324. Rückseite: P.Flor. I 88.",,,Papyrus,,,,,,,,Corrispondenza heroniniana - Syros,Papyrus,http://www.psi-online.it/documents/pflor;2;254...,,,,,,,,"  Σύρος Ἡρωνείνῳ τῷ φιλ(τάτῳ) 
χαίρειν. 
παράδος Ἡρωνᾷ καρπώ-
νῃ κτήματος Σπαρτιανοῦ 
5τῆς τιμῆς ὑπὸ αὐτοῦ δια-
γραφομένης ἐπὶ τράπε̣ζαν(*)  
Σιλβαν\ῷ/(*) χι(*) οἴνου ἐκ τῶν 
ἑτοιμοτέρων ἁπλᾶ μονό-
χωρα δεκαέξ ὡς τοῦ 
10μονοχ(ώρου) λογιζομένου 
αὐτῷ πρὸς τὴν γινομένην 
τιμὴν τοῦ κτήματος· ἐντεῦ-
θεν δὲ διέγραψεν(*) Σ[ι]λβανῷ 
χι(*) δραχμὰς ἑκατὸν γ(ίνονται) (δραχμαὶ) ρ  
15καὶ δήλωσόν μοι ἀπὸ ποίου 
κτήματος αὐτῷ παρέ-
δωκες(*). ἐρρῶσθαί 
σε εὔχομαι(*)  
φί(λτατε). 
ζ (ἔτους) 
Θὼθ θ  
20(hand 2) ἔδιξεν(*) δὲ ἀπὸ κτή(ματος) Χρυσο-
χόου αὐτῷ δοθῆναι ","  Σύρος Ἡρωνείνῳ τῷ φιλτάτῳ 
χαίρειν. 
παράδος Ἡρωνᾷ καρπώ-
νῃ κτήματος Σπαρτιανοῦ 
5τῆς τιμῆς ὑπὸ αὐτοῦ δια-
γραφομένης ἐπὶ τράπε̣ζαν  
Σιλβαν\ῷ/ χι οἴνου ἐκ τῶν 
ἑτοιμοτέρων ἁπλᾶ μονό-
χωρα δεκαέξ ὡς τοῦ 
10μονοχώρου λογιζομένου 
αὐτῷ πρὸς τὴν γινομένην 
τιμὴν τοῦ κτήματος· ἐντεῦ-
θεν δὲ διέγραψεν Σιλβανῷ 
χι δραχμὰς ἑκατὸν γίνονται δραχμαὶ ρ  
15καὶ δήλωσόν μοι ἀπὸ ποίου 
κτήματος αὐτῷ παρέ-
δωκες. ἐρρῶσθαί 
σε εὔχομαι  
φίλτατε. 
ζ ἔτους 
Θὼθ θ  
20hand 2 ἔδιξεν δὲ ἀπὸ κτήματος Χρυσο-
χόου αὐτῷ δοθῆναι ","29.348065,30.49696",29.348065,30.49696,31.587628800000005,15.462511071428573,17
152,,,© Heidelberger Gesamtverzeichnis der griechischen Papyrusurkunden Ägyptens. This work is licensed under a Creative Commons Attribution 3.0 License.,,,,,Theadelphia,,,,,; VIII 128; XI 81; XIII 95,,Papyrus,,"P. Flor. 2 274 (Comparetti, Domenico; 1908-1911)",Corrispondenza heroniniana - Heroneinos,,,,Papyrus,,http://www.psi-online.it/documents/pflor;2;274...,mentioned people,Brief (privat); Heroninos an Heronas; Lieferung; Wein,,"Gehört zum Heroninos - Archiv. Zur Datierung vgl. ZPE 161, 2007, S. 194.",,,"Florence, Biblioteca Medicea Laurenziana P. Flor. 274",,,,,,"Egypt, 00b - Theadelpheia (Batn el-Harit)[found & written]",,,,"AD 265 Sep 16 (cf. ZPE 161 (2007), p. 194)",,,,,,,,,,mentioned places,,Greek,S. 241,,,,,,"Heroninos, estate manager",,,,S. 241,,16. Sept. 265,P.Flor. 2 274,Brief (privat); Heroninos an Heronas; Lieferung; Wein,,Theadelphia (Arsinoites),,,,,,,,,,,© Heidelberger Gesamtverzeichnis der griechischen Papyrusurkunden Ägyptens. This work is licensed under a Creative Commons Attribution 3.0 License.,,; VIII 128; XI 81; XIII 95,,,,,,"Gehört zum Heroninos - Archiv. Zur Datierung vgl. ZPE 161, 2007, S. 194.",,,Papyrus,,,,,,,,Corrispondenza heroniniana - Heroneinos,Papyrus,http://www.psi-online.it/documents/pflor;2;274...,,,,,,,,"  Ἡρωνεῖνος Ἡρων(ᾷ) τῷ υἱῷ 
χαίριν(*). 
καλῶς ποιήσις(*) δοὺς τῷ ἀναδιδόν-
τι σοι ταῦτά μου τά γράμματα 
5οἴνου γομάρια δύο ἅ ἐστιν 
δίχωρα ὀκτὼ ἐκ τοῦ 
Χρυσοχόο̣υ̣ λαβὼν παρʼ 
αὐτοῦ ὃ <ἐ>ὰν δωσῃ(*) σοι 
κέρμα. ἐρρῶσθαί σευχ(*). 
10(ἔτους) ιγ Θὼθ ιθ. 
ἐὰν δὲ ἀλω(*) γομάριν θέλωσιν 
δὸς αὐτοῖς λαβὼν τὴν τειμ̣ήν̣(*). ","  Ἡρωνεῖνος Ἡρωνᾷ τῷ υἱῷ 
χαίριν. 
καλῶς ποιήσις δοὺς τῷ ἀναδιδόν-
τι σοι ταῦτά μου τά γράμματα 
5οἴνου γομάρια δύο ἅ ἐστιν 
δίχωρα ὀκτὼ ἐκ τοῦ 
Χρυσοχόο̣υ̣ λαβὼν παρʼ 
αὐτοῦ ὃ ἐὰν δωσῃ σοι 
κέρμα. ἐρρῶσθαί σευχ. 
10ἔτους ιγ Θὼθ ιθ. 
ἐὰν δὲ ἀλω γομάριν θέλωσιν 
δὸς αὐτοῖς λαβὼν τὴν τειμ̣ήν̣. ","29.348065,30.49696",29.348065,30.49696,31.587628800000005,15.462511071428573,17
191,,,© Heidelberger Gesamtverzeichnis der griechischen Papyrusurkunden Ägyptens. This work is licensed under a Creative Commons Attribution 3.0 License.,,,,,Theadelphia,,,,,VIII 181; IX 136; XII 102,,Papyrus,,"P. Lond. 3 p. 219-220 no. 948 Ro (Kenyon, Frederic G. / Bell, Harold Idris; 1907) = Chrest. Mitt. 341 (Mitteis, Ludwig / ; 1912) = Fontes iuris Romani antejustiniani (FIRA) (2nd ed.) 3 155 (Arangio-Ruiz, Vincenzo / ; 1943)",keiner,"Johnson, Roman Egypt (1936), S. 423, Nr. 271",,,Papyrus,other text(s) on the same object: 11050,,mentioned people,Vertrag; Transport; Getreide; Schiff; Fracht auch auf der Rückfahrt,,"Gehört zum Heroninos - Archiv. Zum Ort vgl. Pestman, New Primer, S. 230. Rückseite: P.Flor. II 185**.",,,"London, British Library Pap 948 Ro",,,,,,"Egypt, 00b - Theadelpheia (Batn el-Harit)[found & written]",,,,AD 236 Oct 19,,,,,,,,,,mentioned places,,Greek,,,,,,,"Heroninos, estate manager",,,,,,19. Okt. 236,Jur. Pap. 43,Vertrag; Transport; Getreide; Schiff; Fracht auch auf der Rückfahrt,,Theadelphia (Arsinoites),"Johnson, Roman Egypt (1936), S. 423, Nr. 271",,,,,,,,,,© Heidelberger Gesamtverzeichnis der griechischen Papyrusurkunden Ägyptens. This work is licensed under a Creative Commons Attribution 3.0 License.,,VIII 181; IX 136; XII 102,,,,,,"Gehört zum Heroninos - Archiv. Zum Ort vgl. Pestman, New Primer, S. 230. Rückseite: P.Flor. II 185**.",,,Papyrus,,,,,,,,keiner,Papyrus,,,,,,,,,"  ἐναύλωσεν Αὐρήλιος Ἡρακλῆς Διοσκόρου ἀπὸ Ἀνταίου πόλεως κυβερνήτης̣ 
ἰδίου πλοίου ἀγωγῆς ἀρταβῶν διακοσίων πεντήκοντα ἀσήμ̣ο̣υ̣ Αὐρηλίῳ Ἀρείῳ 
Ἡρακλείδου βουλευτῇ τῆς Ἀρσινοειτῶν πόλεως πρὸς ἐμβολὴν λαχανοσπέρμου ἀρτα-
βῶν διακοσίων πεντήκοντα ἐπὶ τῷ ἐμβαλέσθαι ἀπὸ ὅρμου Ἄλ̣σους μητροπόλεως 
5μέχρι ὅρμου τοῦ Ὀξυρυγ’χείτου ναύλου τοῦ συμφωνηθέντος ἀργυρίου δραχ[μῶν] 
ἑκατὸν καθαρῶν ἀπὸ πάντων ἀφʼ ὧν ἐντεῦθεν ἔσχεν ἀργ(υρίου) δραχμὰς τεσσεράκοντα, 
τὰς δὲ λοιπὰς δραχμὰς ἑξήκοντα ἀπολήμψεται ἅμα τῇ παραδόσει, ἅπερ φορτία παρα-
δώσει σῶα καὶ ἀκακούργητα ἀπὸ ναυτικ[ῆς] κ̣α̣κ̣ου̣[ρ]γ̣ίας λαμβάν[οντος αὐτ]οῦ πρὸς
                              ἐμ-
βολὴν ἡμέρας δύο ἀπὸ τῆς κε καὶ ὁμοίω̣[ς] π̣ρ̣ὸσ̣ ἀνάπ̣[λο]υν αὐτ[οῦ](*)ἐν τῷ Ὀξυρυγ’χείτῃ(*)  
10ἡμέρας τέσσαρας, μεθʼ ἃς ἐὰν παρακατασχεθῇ λήμψετ̣α̣ι̣ ὁ κυβερνήτης ἡ[με]ρησίως 
[δ]ραχμὰς δεκαὲξ ἑαυτῷ παρεχόμενος ὁ κυβερνήτης τοὺς αὐτάρκεις ναύτας καὶ 
τ̣ὴ̣ν τοῦ πλοίου πᾶσην(*) ἐπιχρείαν, λήμψεται δὲ ὁμοίως ὑπὲρ σπονδῆς ἐν τῷ Ὀξυρυγ’χεί-
τῃ οἴνου κεράμιον. ἡ ναυλωτικὴ κυρία. (hand 2) Αὐρήλιος Ἡρακλῆς νεναύλω̣κα καὶ 
[ἔ]σχων(*) ἐπὶ λόγου τὰς δραχμὰς τεσσαράκοντα ὡς πρόγκειται(*). 
15(hand 1) (ἔτους) γ Αὐτοκράτορος Καίσαρος Γαίου Ἰουλίου Οὐήρου Μαξιμείνου Εὐσ[εβοῦς] Εὐτυχοῦς Σεβαστοῦ 
καὶ Γαίου Ἰουλίου Οὐήρου Μαξίμου τοῦ ἱερωτάτου Κ̣α̣ίσα̣ρ̣ος Σεβαστοῦ υἱοῦ τοῦ Σεβαστοῦ
                              Φαῶφι κβ. ","  ἐναύλωσεν Αὐρήλιος Ἡρακλῆς Διοσκόρου ἀπὸ Ἀνταίου πόλεως κυβερνήτης̣ 
ἰδίου πλοίου ἀγωγῆς ἀρταβῶν διακοσίων πεντήκοντα ἀσήμ̣ο̣υ̣ Αὐρηλίῳ Ἀρείῳ 
Ἡρακλείδου βουλευτῇ τῆς Ἀρσινοειτῶν πόλεως πρὸς ἐμβολὴν λαχανοσπέρμου ἀρτα-
βῶν διακοσίων πεντήκοντα ἐπὶ τῷ ἐμβαλέσθαι ἀπὸ ὅρμου Ἄλ̣σους μητροπόλεως 
5μέχρι ὅρμου τοῦ Ὀξυρυγ’χείτου ναύλου τοῦ συμφωνηθέντος ἀργυρίου δραχμῶν 
ἑκατὸν καθαρῶν ἀπὸ πάντων ἀφʼ ὧν ἐντεῦθεν ἔσχεν ἀργυρίου δραχμὰς τεσσεράκοντα, 
τὰς δὲ λοιπὰς δραχμὰς ἑξήκοντα ἀπολήμψεται ἅμα τῇ παραδόσει, ἅπερ φορτία παρα-
δώσει σῶα καὶ ἀκακούργητα ἀπὸ ναυτικῆς κ̣α̣κ̣ου̣ργ̣ίας λαμβάνοντος αὐτοῦ πρὸς
                              ἐμ-
βολὴν ἡμέρας δύο ἀπὸ τῆς κε καὶ ὁμοίω̣ς π̣ρ̣ὸσ̣ ἀνάπ̣λουν αὐτοῦἐν τῷ Ὀξυρυγ’χείτῃ  
10ἡμέρας τέσσαρας, μεθʼ ἃς ἐὰν παρακατασχεθῇ λήμψετ̣α̣ι̣ ὁ κυβερνήτης ἡμερησίως 
δραχμὰς δεκαὲξ ἑαυτῷ παρεχόμενος ὁ κυβερνήτης τοὺς αὐτάρκεις ναύτας καὶ 
τ̣ὴ̣ν τοῦ πλοίου πᾶσην ἐπιχρείαν, λήμψεται δὲ ὁμοίως ὑπὲρ σπονδῆς ἐν τῷ Ὀξυρυγ’χεί-
τῃ οἴνου κεράμιον. ἡ ναυλωτικὴ κυρία. hand 2 Αὐρήλιος Ἡρακλῆς νεναύλω̣κα καὶ 
ἔσχων ἐπὶ λόγου τὰς δραχμὰς τεσσαράκοντα ὡς πρόγκειται. 
15hand 1 ἔτους γ Αὐτοκράτορος Καίσαρος Γαίου Ἰουλίου Οὐήρου Μαξιμείνου Εὐσεβοῦς Εὐτυχοῦς Σεβαστοῦ 
καὶ Γαίου Ἰουλίου Οὐήρου Μαξίμου τοῦ ἱερωτάτου Κ̣α̣ίσα̣ρ̣ος Σεβαστοῦ υἱοῦ τοῦ Σεβαστοῦ
                              Φαῶφι κβ. ","29.348065,30.49696",29.348065,30.49696,31.587628800000005,15.462511071428573,17
291,,,© Heidelberger Gesamtverzeichnis der griechischen Papyrusurkunden Ägyptens. This work is licensed under a Creative Commons Attribution 3.0 License.,,,,,Theadelphia,,,,,IX 216; XII 162,,Papyrus,,"P. Prag 1 104 (Pintaudi, Rosario; 1988)",Lettera di Herapion a Tryphon,,,,Papyrus,,http://www.psi-online.it/documents/pprag;1;104...,mentioned people,Brief; Herapion an Tryphon; Wein,,Gehört zum Heroninos - Archiv.,,,"Prague, National Library P. Wessely Prag. Gr. III 30",,,,,,"Egypt, 00b - Theadelpheia (Batn el-Harit)[found & written]",,,,"AD 250 Aug 28 (Decius?, year 01, Epagomenai 05)",,,,,,,,,,mentioned places,,Greek,Tav. LXXXIII,,,,,,"Heroninos, estate manager",,,,Tav. LXXXIII,,28. Aug. 250,P.Prag. 1 104,Brief; Herapion an Tryphon; Wein,,Theadelphia (Arsinoites),,,,,,,,,,,© Heidelberger Gesamtverzeichnis der griechischen Papyrusurkunden Ägyptens. This work is licensed under a Creative Commons Attribution 3.0 License.,,IX 216; XII 162,,,,,,Gehört zum Heroninos - Archiv.,,,Papyrus,,,,,,,,Lettera di Herapion a Tryphon,Papyrus,http://www.psi-online.it/documents/pprag;1;104...,,,,,,,,"  Ἡρ[απίων Τρύ]φωνι τῷ 
φ̣[ιλτάτῳ] χ(αίρειν). 
ἀπέλυσά σοι ἀπὸ Σαθρὼ οἴ-
νου μονόχωρα πεντήκον-
5τα ὑ(*)ποσχομένῳ πιπρά-
σκειν ἐν τῇ φροντίδι σου 
τὸ κεράμιον δραχμῶν δέκα 
ὀβολῶν ἕξ · οὕτως οὖν αὐτὰ 
λημμάτιζε. ἐρρῶσθαί σε 
10εὔχομ(αι) ἄδελ(φε). 
(ἔτους) α Μεσορὴ ἐπαγομ(ένων) ε  ","  Ἡραπίων Τρύφωνι τῷ 
φ̣ιλτάτῳ χαίρειν. 
ἀπέλυσά σοι ἀπὸ Σαθρὼ οἴ-
νου μονόχωρα πεντήκον-
5τα ὑποσχομένῳ πιπρά-
σκειν ἐν τῇ φροντίδι σου 
τὸ κεράμιον δραχμῶν δέκα 
ὀβολῶν ἕξ · οὕτως οὖν αὐτὰ 
λημμάτιζε. ἐρρῶσθαί σε 
10εὔχομαι ἄδελφε. 
ἔτους α Μεσορὴ ἐπαγομένων ε  ","29.348065,30.49696",29.348065,30.49696,31.587628800000005,15.462511071428573,17
292,,,© Heidelberger Gesamtverzeichnis der griechischen Papyrusurkunden Ägyptens. This work is licensed under a Creative Commons Attribution 3.0 License.,,,,,Theadelphia,,,,,IX 216/217; X 164,,Papyrus,,"P. Prag 1 114 (Pintaudi, Rosario; 1988)",Lettera di Syros (?) ad Heroneinos,"Burnet, L'Égypte ancienne (2003), Nr. 136",,,Papyrus,other text(s) on the same object: 14919,http://www.psi-online.it/documents/pprag;1;114...,mentioned people,Brief; Syros (?) an Heroninos; Weinhändler; Wein; Quittung; Phrontistes (Heroninos),,"Gehört zum Heroninos - Archiv. Zur Datierung vgl. Rathbone, Economic Rationalism, S. 422. Rückseite: SB XX 15009.",,,"Prague, National Library P. Wessely Prag. Gr. II 240 Vo",,,,,,"Egypt, 00b - Theadelpheia (Batn el-Harit)[found & written]",,,,AD 249 - 268,,,,,,,,,,mentioned places,,Greek,Tav. XC,,,,,,"Heroninos, estate manager",,,,Tav. XC,,249 - 268,P.Prag. 1 114,Brief; Syros (?) an Heroninos; Weinhändler; Wein; Quittung; Phrontistes (Heroninos),,Theadelphia (Arsinoites),"Burnet, L'Égypte ancienne (2003), Nr. 136",,,,,,,,,,© Heidelberger Gesamtverzeichnis der griechischen Papyrusurkunden Ägyptens. This work is licensed under a Creative Commons Attribution 3.0 License.,,IX 216/217; X 164,,,,,,"Gehört zum Heroninos - Archiv. Zur Datierung vgl. Rathbone, Economic Rationalism, S. 422. Rückseite: SB XX 15009.",,,Papyrus,,,,,,,,Lettera di Syros (?) ad Heroneinos,Papyrus,http://www.psi-online.it/documents/pprag;1;114...,,,,,,,,"  [Σύρ]ος Ἡρωνείνῳ 
[τῷ φι]λ(τάτῳ) χαίρειν. 
[ἔπεμψ]ά σοι τὰ γράμμα-
[τα (δραχμῶν)] τ̣μ, ὧν δέδωκ-
5[ας λόγ(ον), ἵ]ν̣α ἀλλάξῃς αὐτὰ 
[καὶ ποι]ήσῃς ἐπʼ ὀνόμα̣-
[τος Φι]λοκυρίου καὶ Χα[ι-]
ρήμωνος οἰνοπώ-
λων Ναρμούθεως. 
10τῷ αὐτῷ τύπῳ προσ-
ποιησάμενος ἐκεῖ 
καλὴν τιμὴν 
τ[ο]ῦ̣ διχώρου οὗ ἔσχες 
ὡς εἶναι τὰ ἐκδιδό-
15μενα γράμματα (δραχμὰς) τ. 
ἐπιτελεῖς δὲ μοί τινι 
βούλει τὰς ⟦(δραχμὰς) κ⟧ 
λοιπὰς (δραχμὰς) κ δοθῆ-
ναι̣. τῇ κ διέρ-
20χομαι τὰ παρʼ ὑμᾶς 
ἀνερχόμενο̣ς εἰς 
τὴν πόλιν. περί-
μεινον(*) οὖν με 
ἐν τῇ κώμῃ. 
25ἐρρῶσθαί σε 
εὔχομαι φίλ(τατε). ","  Σύρος Ἡρωνείνῳ 
τῷ φιλτάτῳ χαίρειν. 
ἔπεμψά σοι τὰ γράμμα-
τα δραχμῶν τ̣μ, ὧν δέδωκ-
5ας λόγον, ἵν̣α ἀλλάξῃς αὐτὰ 
καὶ ποιήσῃς ἐπʼ ὀνόμα̣-
τος Φιλοκυρίου καὶ Χαι-
ρήμωνος οἰνοπώ-
λων Ναρμούθεως. 
10τῷ αὐτῷ τύπῳ προσ-
ποιησάμενος ἐκεῖ 
καλὴν τιμὴν 
τοῦ̣ διχώρου οὗ ἔσχες 
ὡς εἶναι τὰ ἐκδιδό-
15μενα γράμματα δραχμὰς τ. 
ἐπιτελεῖς δὲ μοί τινι 
βούλει τὰς ⟦δραχμὰς κ⟧ 
λοιπὰς δραχμὰς κ δοθῆ-
ναι̣. τῇ κ διέρ-
20χομαι τὰ παρʼ ὑμᾶς 
ἀνερχόμενο̣ς εἰς 
τὴν πόλιν. περί-
μεινον οὖν με 
ἐν τῇ κώμῃ. 
25ἐρρῶσθαί σε 
εὔχομαι φίλτατε. ","29.348065,30.49696",29.348065,30.49696,31.587628800000005,15.462511071428573,17
360,,,© Heidelberger Gesamtverzeichnis der griechischen Papyrusurkunden Ägyptens. This work is licensed under a Creative Commons Attribution 3.0 License.,,,,,Theadelphia,,,,,IX 272,,Papyrus,,"SB 12 11152 (Rupprecht, Hans-Albert; 1977) = Studi italiani di filologia classica N.S. 43 (1971), p. 159-160 no. 7 (Naldini, Mario; 1971)",Kaufvertrag über ein Rind,"M. Naldini, SIFC 43, 1971, S. 160",,,Papyrus,,,mentioned people,Vertrag; Kauf; Rind,,,,,"Florence, Istituto Papirologico ’G. Vitelli’ PSI inv. 1410",,,,,,"Egypt, 00b - Theadelpheia (Batn el-Harit)[found & written]",,,,"AD 225 Jan 3 (Alexander Severus, year 04)",,,,,,,,,,mentioned places,,Greek,"SIFC 43, 1971, 7 nach S. 172",,,,,,,,,,"SIFC 43, 1971, 7 nach S. 172",,3. Jan. 225,SB 12 11152,Vertrag; Kauf; Rind,,Theadelphia (?) (Arsinoites),"M. Naldini, SIFC 43, 1971, S. 160",,,,,,,,,,© Heidelberger Gesamtverzeichnis der griechischen Papyrusurkunden Ägyptens. This work is licensed under a Creative Commons Attribution 3.0 License.,,IX 272,,,,,,,,,Papyrus,,,,,,,,Kaufvertrag über ein Rind,Papyrus,,,,,,,,,"  ἔτους δ Αὐτοκράτορος Καίσαρος 
Μά̣ρ̣κου Αὐρηλίου Σευήρου(*)  
Ἀλ̣ε̣ξάνδρου Εὐσεβοῦς Εὐτυχοῦς 
Σ̣ε̣β̣αστ̣οῦ Τῦβι η ἐν ἀγορᾷ Ἀλεξ(άνδρου) 
5Ν̣ή̣σ̣ο̣υ̣. πέπρακ(εν) Αὐρήλιος Παῶμι[ς] 
Σ̣αρ̣απ̣ᾶτος ἀπὸ κ(ώμης) Φιλαγρίδος (ἐτῶν) λη  
ο̣ὐ̣λ(ὴ) μετώ̣πῳ Αὐρ̣ηλίῳ Διοσκορίδῃ 
κα̣ὶ̣ ὡς̣ χρηματίζει βοῦ̣ν σι̣τό̣χρο(υν) 
  ̣  ̣  ̣  ̣μ̣α̣τειτα ἐπισ(ήμου) ἀ̣ργυρίου 
10(δραχμῶν) [τ]ρ̣[ι]α̣κ̣ο̣σίων γί(νονται) (δραχμαὶ) τ  ","  ἔτους δ Αὐτοκράτορος Καίσαρος 
Μά̣ρ̣κου Αὐρηλίου Σευήρου  
Ἀλ̣ε̣ξάνδρου Εὐσεβοῦς Εὐτυχοῦς 
Σ̣ε̣β̣αστ̣οῦ Τῦβι η ἐν ἀγορᾷ Ἀλεξάνδρου 
5Ν̣ή̣σ̣ο̣υ̣. πέπρακεν Αὐρήλιος Παῶμις 
Σ̣αρ̣απ̣ᾶτος ἀπὸ κώμης Φιλαγρίδος ἐτῶν λη  
ο̣ὐ̣λὴ μετώ̣πῳ Αὐρ̣ηλίῳ Διοσκορίδῃ 
κα̣ὶ̣ ὡς̣ χρηματίζει βοῦ̣ν σι̣τό̣χρουν 
  ̣  ̣  ̣  ̣μ̣α̣τειτα ἐπισήμου ἀ̣ργυρίου 
10δραχμῶν τρ̣ια̣κ̣ο̣σίων γίνονται δραχμαὶ τ  ","29.348065,30.49696",29.348065,30.49696,31.587628800000005,15.462511071428573,17
394,,,© Heidelberger Gesamtverzeichnis der griechischen Papyrusurkunden Ägyptens. This work is licensed under a Creative Commons Attribution 3.0 License.,,,,,Theadelphia,,,,,X 232; XII 228,,Papyrus,,"SB 20 14981 (Rupprecht, Hans-Albert / Hengstl, Joachim; 1997) = P. Flor. 2 246 * p. 216 (Comparetti, Domenico / ; 1908-1911) = ZPE 75 (1988), p. 160 (Rathbone, Dominic W. / ; 1988)",Brief aus dem Heroninus - Archiv,,,,Papyrus,,,mentioned people,Brief (privat); Syros an Heroninos; Lieferung; Wein,,"Gehört zum Heroninos - Archiv. Zur Datierung vgl. Rathbone, Economic Rationalism, S. 245, Anm. 47.",,,"Leipzig, Universität 12",,,,,,"Egypt, 00b - Theadelpheia (Batn el-Harit)[found & written]",,,,AD 258 Jan 7,,,,,,,,,,,,Greek,"P.Flor. II, S. 215; ZPE 75, 1988, Tafel V b",,,,,,"Heroninos, estate manager",,,,"P.Flor. II, S. 215; ZPE 75, 1988, Tafel V b",,7. Jan. 258,P.Flor. II 246 *,Brief (privat); Syros an Heroninos; Lieferung; Wein,,Theadelphia (Arsinoites),,,,,,,,,,,© Heidelberger Gesamtverzeichnis der griechischen Papyrusurkunden Ägyptens. This work is licensed under a Creative Commons Attribution 3.0 License.,,X 232; XII 228,,,,,,"Gehört zum Heroninos - Archiv. Zur Datierung vgl. Rathbone, Economic Rationalism, S. 245, Anm. 47.",,,Papyrus,,,,,,,,Brief aus dem Heroninus - Archiv,Papyrus,,,,,,,,,"  Σῦρος Ἡρωνείνῳ τῷ φιλ(τάτῳ) 
χαίρειν. 
παράδος καὶ νῦν Μονίμῳ 
ποτὲ ἐπικτηνε̣ί̣τ̣ῃ 
5ἀφʼ ὧν ἔχε[ι]ς̣ παρὰ [σ]ο̣ὶ οἴνου 
μονόχωρα̣ [ἐ]κ τῶ[ν] ἑτοιμο-
τέρων ἄλ̣λα̣   ̣  ̣ι̣ν μονόχωρα 
ἑκατὸν π[ε]ντήκοντα , 
ὧν̣ ἐ̣ν̣ά̣τ̣η̣[ς λην]ο̣ῦ μονόχωρα 
10[ἑκατὸν καὶ] τετάρτης μονόχω-
ρα πεντήκ̣οντα , τῆς τιμῆς 
αὐτῶν χωρ[ο]ύσης εἰς τιναγ-
μὸν ἐλαικῶ̣[ν] κτημάτων· 
ἀλλὰ πάντω[ς] δοθήτ̣ω αὐτῷ 
15ἵνα μὴ διὰ τοῦτο ὁ τιναγμὸς ","  Σῦρος Ἡρωνείνῳ τῷ φιλτάτῳ 
χαίρειν. 
παράδος καὶ νῦν Μονίμῳ 
ποτὲ ἐπικτηνε̣ί̣τ̣ῃ 
5ἀφʼ ὧν ἔχεις̣ παρὰ σο̣ὶ οἴνου 
μονόχωρα̣ ἐκ τῶν ἑτοιμο-
τέρων ἄλ̣λα̣   ̣  ̣ι̣ν μονόχωρα 
ἑκατὸν πεντήκοντα , 
ὧν̣ ἐ̣ν̣ά̣τ̣η̣ς ληνο̣ῦ μονόχωρα 
10ἑκατὸν καὶ τετάρτης μονόχω-
ρα πεντήκ̣οντα , τῆς τιμῆς 
αὐτῶν χωρούσης εἰς τιναγ-
μὸν ἐλαικῶ̣ν κτημάτων· 
ἀλλὰ πάντως δοθήτ̣ω αὐτῷ 
15ἵνα μὴ διὰ τοῦτο ὁ τιναγμὸς ","29.348065,30.49696",29.348065,30.49696,31.587628800000005,15.462511071428573,17
395,,,© Heidelberger Gesamtverzeichnis der griechischen Papyrusurkunden Ägyptens. This work is licensed under a Creative Commons Attribution 3.0 License.,,,,,Euhemeria,,,,,XI 234,,Papyrus,,"SB 20 15032 (Rupprecht, Hans-Albert / Hengstl, Joachim; 1997) = P. Lond. 3 p. XLIII no. 894 descr. (Kenyon, Frederic G. / Bell, Harold Idris; 1907) = ZPE 79 (1989), p. 195 (Sijpesteijn, Pieter Johannes / ; 1989)",Eingabe wegen Diebstahls,,,,Papyrus,,https://www.bl.uk/manuscripts/FullDisplay.aspx?ref=Papyrus_8...,mentioned people,Eingabe; Menches an den Polizeichef Gaius Iulius Pholus; Diebstahl eines Schweines,,"Alternativdatierungen: 25. Jan. 40, 24. Jan. 41.",,,"London, British Library Pap 894",,,,,,"Egypt, 00b - Euhemeria (Qasr el-Banat)[written]; Egypt, 00b - Euhemeria (Qasr el-Banat)[found]",,,,AD 41 Jan 24?; or AD 39 Jan 24?; or AD 40 Jan 25?,,,,,,,,,,mentioned places,,Greek,,,,,,,Petitions from Euhemeria,,,,,,24. Jan. 41 (Jahr unsicher),P.Lond. III 894 descr.,Eingabe; Menches an den Polizeichef Gaius Iulius Pholus; Diebstahl eines Schweines,,Euhemeria (Arsinoites),,,,,,,,,,,© Heidelberger Gesamtverzeichnis der griechischen Papyrusurkunden Ägyptens. This work is licensed under a Creative Commons Attribution 3.0 License.,,XI 234,,,,,,"Alternativdatierungen: 25. Jan. 40, 24. Jan. 41.",,,Papyrus,,,,,,,,Eingabe wegen Diebstahls,Papyrus,https://www.bl.uk/manuscripts/FullDisplay.aspx?ref=Papyrus_8...,,,,,,,,"  Γ̣α̣ίωι Ἰου[λίωι Φόλωι] 
ἐπιστάτη[ι φυλακιτῶν] 
παρὰ Μεγχή̣[ους τοῦ  ̣  ̣  ̣]-
[ε]ως τῶν ἀ[πὸ Εὐημερείας] 
5[γ]εωργοῦ οὐσία[ς Δεκίμου] 
Οὐαλερίου Ἀσια̣[τικοῦ.] 
τῆι κθ τοῦ Τῦ[βι τοῦ ἐνεσ-]
τῶτος   ̣[ (ἔτους)] Γαίου Κ[αίσαρος] 
Γερμανικοῦ ἐκ̣[λάπη μου] 
10χοιρίδιον ἄξιο[ν ἀργυρίου] 
(δραχμῶν) ιϛ. διὸ̣ ἀξ[ιῶ γράψαι] 
τῶι τῆς κώ[μης ἀρχε-]
φόδωι ὅπως [τὴν ὑπὲρ] 
τοῦ μέρους ἐπι[ζήτησιν] 
15πο<ι>ήσεται. [εὐτύχει.] 
Μεγχῆ(ς) (ἐτῶν) μ οὐλ(ὴ) [⁦ -ca.?- ⁩] ","  Γ̣α̣ίωι Ἰουλίωι Φόλωι 
ἐπιστάτηι φυλακιτῶν 
παρὰ Μεγχή̣ους τοῦ  ̣  ̣  ̣-
εως τῶν ἀπὸ Εὐημερείας 
5γεωργοῦ οὐσίας Δεκίμου 
Οὐαλερίου Ἀσια̣τικοῦ. 
τῆι κθ τοῦ Τῦβι τοῦ ἐνεσ-
τῶτος   ̣ ἔτους Γαίου Καίσαρος 
Γερμανικοῦ ἐκ̣λάπη μου 
10χοιρίδιον ἄξιον ἀργυρίου 
δραχμῶν ιϛ. διὸ̣ ἀξιῶ γράψαι 
τῶι τῆς κώμης ἀρχε-
φόδωι ὅπως τὴν ὑπὲρ 
τοῦ μέρους ἐπιζήτησιν 
15ποιήσεται. εὐτύχει. 
Μεγχῆς ἐτῶν μ οὐλὴ ⁦ -ca.?- ⁩ ","29.383296,30.533289",29.383296,30.533289,31.615965419999995,15.42979657142857,17
