Unnamed: 0,Condition (HGV),Author (HGV),License (HGV),Culture (HGV),Script Type (HGV),Previous Edition (HGV),Preservation (HGV),Origin (HGV),Catalog(s) (HGV),Work (HGV),Summary (HGV),Recto/Verso (HGV),Post-Concordance BL Entries (HGV),Genre (HGV),Material (HGV),Support Dimensions (HGV),Publications (HGV),Title (HGV),Translations (HGV),Support Material (HGV),Note (general) (HGV),Support/Dimensions (HGV),Reuse Type (HGV),Images (HGV),People (HGV),Subjects (HGV),Hands (HGV),Commentary (HGV),General Notes (HGV),Place Stored (Ancient) (HGV),Inv. no. (HGV),Principal Edition (HGV),Lines (HGV),Citations (HGV),Availability (HGV),palaeo (HGV),Provenance (HGV),Religion (HGV),catalogue (HGV),Partial Edition (HGV),Date (HGV),translation (HGV),study (HGV),Reference Edition (HGV),Fragments (HGV),reference (HGV),Associated Names (HGV),Works (HGV),Inv. Id (HGV),Form and Layout (HGV),Places (HGV),illustration (HGV),Language (HGV),Print Illustrations (HGV),Note (local/note) (HGV),Note (related) (HGV),Content (HGV),Readings (HGV),Mentioned Dates (HGV),Archive (HGV),Fragments (Tris),General Notes (Tris),Genre (Tris),Print Illustrations (Tris),Reuse Type (Tris),Date (Tris),Publications (Tris),Subjects (Tris),illustration (Tris),Origin (Tris),Translations (Tris),Reference Edition (Tris),Partial Edition (Tris),Support Dimensions (Tris),Provenance (Tris),Availability (Tris),Work (Tris),Content (Tris),Form and Layout (Tris),catalogue (Tris),License (Tris),Previous Edition (Tris),Post-Concordance BL Entries (Tris),Support Material (Tris),Principal Edition (Tris),Citations (Tris),People (Tris),translation (Tris),Commentary (Tris),Inv. Id (Tris),Place Stored (Ancient) (Tris),Support/Dimensions (Tris),Script Type (Tris),Culture (Tris),Catalog(s) (Tris),Mentioned Dates (Tris),study (Tris),palaeo (Tris),Readings (Tris),Title (Tris),Material (Tris),Images (Tris),Religion (Tris),Works (Tris),Language (Tris),Inv. no. (Tris),Places (Tris),Archive (Tris),reference (Tris),text,cleanText,Coordinates,Latitude,Longitude,relLat,relLong,Cluster
359,,,© Heidelberger Gesamtverzeichnis der griechischen Papyrusurkunden Ägyptens. This work is licensed under a Creative Commons Attribution 3.0 License.,,,,,Antiochia  bzw. Oxyrhynchos,,,,,,,Papyrus,,"SB 12 10772 (Rupprecht, Hans-Albert; 1976) = PSI 14 1412 (Bartoletti, Vittorio; 1957) = SB 6 9451 (Kiessling, Emil; 1962) = Aegyptus 33 (1953), p. 322-323 (Koskenniemi, Heikki; 1953) = Arctos 5 (1967), p. 83 (Koskenniemi, Heikki; 1967)",Brief des Sarapammon an seine Familie,"H. Koskenniemi, Aegyptus 33, 1953, S. 323.; Luijendijk, Greetings in the Lord (2008), S. 138",,,Papyrus,,http://www.psi-online.it/documents/psi;14;1412...,mentioned people,Brief (privat); Sarapammon (Olympionike ?) an N.N. (seine Mutter) und Didyme; baldige Ankunft; Geldsendung; Teilnahme an Wettspielen (?); Weizen; Wein,,"Gehört zum Dossier des Bischofs Sotas. Vgl. Luijendijk, Greetings in the Lord, S. 81-151, bes. 136-144; zur Datierung vgl. ebenda, S. 94.",,,"Florence, Istituto Papirologico ’G. Vitelli’ PSI inv. 2522; . other inv.: Florence, Istituto Papirologico ’G. Vitelli’ PSI 1412",,,,,,"Egypt, U19 - Oxyrynchos (Bahnasa)[found & written]",,,,"AD 250 - 299 (cf. Luijendijk, Greetings in the lord, p. 136-144 (identification with the bishop is risky!))",,,,,,,,,,mentioned places,,Greek,"Arctos 5, 1967, S. 82; Luijendijk, Greetings in the Lord, S. 242, Plate 6",,,,,,,,,,"Arctos 5, 1967, S. 82; Luijendijk, Greetings in the Lord, S. 242, Plate 6",,Mitte - 2. Hälfte III (?),PSI XIV 1412 teilweise,Brief (privat); Sarapammon (Olympionike ?) an N.N. (seine Mutter) und Didyme; baldige Ankunft; Geldsendung; Teilnahme an Wettspielen (?); Weizen; Wein,,Antiochia (Syrien) bzw. Oxyrhynchos,"H. Koskenniemi, Aegyptus 33, 1953, S. 323.; Luijendijk, Greetings in the Lord (2008), S. 138",,,,,,,,,,© Heidelberger Gesamtverzeichnis der griechischen Papyrusurkunden Ägyptens. This work is licensed under a Creative Commons Attribution 3.0 License.,,,,,,,,"Gehört zum Dossier des Bischofs Sotas. Vgl. Luijendijk, Greetings in the Lord, S. 81-151, bes. 136-144; zur Datierung vgl. ebenda, S. 94.",,,Papyrus,,,,,,,,Brief des Sarapammon an seine Familie,Papyrus,http://www.psi-online.it/documents/psi;14;1412...,,,,,,,,"  [Σαρα]πάμμ̣ων Ὀλυμπιά̣[δι τῇ ἰ]δίᾳ 
[μου μ]ητρὶ καὶ Διδύμῃ καλ̣[  ̣  ̣  ̣  ̣  ̣  ̣  ̣]  ̣ πλῖ-
σ̣τ̣α̣(*) χαίρειν. γινωσκιν(*) ὑμ̣[ᾶς θέλω] ὅτι 
μέχρι τούτου ὁλόκληρό[ς εἰμι. ἔ]λα-
5βον δὲ ἀπὸ Ἴωνος τοῦ ἀδελφ̣[οῦ γ]ράμ-
ματα καὶ ἔγνων τὰ περὶ ὑμ̣[ῶν. μ]ὴ οὖν 
ἀγωνιᾶτε. μέχρι γὰρ τούτ[ου οὔπ]ω ἤλ-
θαμεν διὰ τὸν ἀγῶνα τὸν [ἐν Ἀ]ν̣τι-
οχείᾳ, μεθʼ ὃν ἐλευσόμεθα. [διεπ]εμψά-
10μην σοι δι(*) Σώτου τοῦ χρησια[  ̣  ̣  ̣  ̣] τ̣άλαν-
τα δύο καὶ διὰ Ἴωνος πεντήκ[οντα] χρυσᾶ. 
ἐὰν̣ ο̣ὖν̣ θέλῃς {ἐὰν οὖν θέλῃς} [ἔστ]ιν παρʼ 
α̣ὐτοῦ ἢ ἐν σίτῳ ἢ ἐν οἴνῳ λα[βεῖν· π]αρὰ γὰρ 
τ̣ὴ̣ν̣ παρά συ(*) τιμήν συ(*) διδῖ(*)· κα̣[ὶ γὰ]ρ οὕτως 
15αὐτῷ συνεθέμην. διεπεμψάμην δέ σοι 
[διὰ   ̣  ̣  ̣  ̣]υ δέκα χρ̣υ̣σ̣ᾶ. ταῦτα γὰρ 
[ἔδωκα α]ὐτῷ. εἰ γὰρ ἔτι εἶχον ἐπεμ̣-
[ψάμην   ̣  ̣  ̣]  ̣ε. ὁ πατήρ μου ἔγνω περὶ 
[  ̣  ̣  ̣  ̣  ̣ διὰ τῶν πεμ]φ̣θ̣έ̣ν̣των γραμ-
20[μάτων   ̣  ̣  ̣  ̣  ̣  ̣  ̣]  ̣ περὶ τῆς Σύρας καὶ 
[πρότερον ἔγρα]ψα καὶ νῦν δὲ γράφω̣[⁦ -ca.?- ⁩] 
[ὅτι - ca.10 - αὐ]τ̣ῆ̣ς̣ ἀ̣νέξασθ̣  ̣[⁦ -ca.?- ⁩] 
[⁦ -ca.?- ⁩]σ̣ε̣η̣π̣[⁦ -ca.?- ⁩] 
-- -- -- -- -- -- -- -- -- --  ","  Σαραπάμμ̣ων Ὀλυμπιά̣δι τῇ ἰδίᾳ 
μου μητρὶ καὶ Διδύμῃ καλ̣  ̣  ̣  ̣  ̣  ̣  ̣  ̣  ̣ πλῖ-
σ̣τ̣α̣ χαίρειν. γινωσκιν ὑμ̣ᾶς θέλω ὅτι 
μέχρι τούτου ὁλόκληρός εἰμι. ἔλα-
5βον δὲ ἀπὸ Ἴωνος τοῦ ἀδελφ̣οῦ γράμ-
ματα καὶ ἔγνων τὰ περὶ ὑμ̣ῶν. μὴ οὖν 
ἀγωνιᾶτε. μέχρι γὰρ τούτου οὔπω ἤλ-
θαμεν διὰ τὸν ἀγῶνα τὸν ἐν Ἀν̣τι-
οχείᾳ, μεθʼ ὃν ἐλευσόμεθα. διεπεμψά-
10μην σοι δι Σώτου τοῦ χρησια  ̣  ̣  ̣  ̣ τ̣άλαν-
τα δύο καὶ διὰ Ἴωνος πεντήκοντα χρυσᾶ. 
ἐὰν̣ ο̣ὖν̣ θέλῃς {ἐὰν οὖν θέλῃς} ἔστιν παρʼ 
α̣ὐτοῦ ἢ ἐν σίτῳ ἢ ἐν οἴνῳ λαβεῖν· παρὰ γὰρ 
τ̣ὴ̣ν̣ παρά συ τιμήν συ διδῖ· κα̣ὶ γὰρ οὕτως 
15αὐτῷ συνεθέμην. διεπεμψάμην δέ σοι 
διὰ   ̣  ̣  ̣  ̣υ δέκα χρ̣υ̣σ̣ᾶ. ταῦτα γὰρ 
ἔδωκα αὐτῷ. εἰ γὰρ ἔτι εἶχον ἐπεμ̣-
ψάμην   ̣  ̣  ̣  ̣ε. ὁ πατήρ μου ἔγνω περὶ 
  ̣  ̣  ̣  ̣  ̣ διὰ τῶν πεμφ̣θ̣έ̣ν̣των γραμ-
20μάτων   ̣  ̣  ̣  ̣  ̣  ̣  ̣  ̣ περὶ τῆς Σύρας καὶ 
πρότερον ἔγραψα καὶ νῦν δὲ γράφω̣⁦ -ca.?- ⁩ 
ὅτι - ca.10 - αὐτ̣ῆ̣ς̣ ἀ̣νέξασθ̣  ̣⁦ -ca.?- ⁩ 
⁦ -ca.?- ⁩σ̣ε̣η̣π̣⁦ -ca.?- ⁩ 
-- -- -- -- -- -- -- -- -- --  ","36.200663,36.165318",36.200663,36.165318,36.00894804,9.099384357142858,13
