Unnamed: 0,Condition (HGV),Author (HGV),License (HGV),Culture (HGV),Script Type (HGV),Previous Edition (HGV),Preservation (HGV),Origin (HGV),Catalog(s) (HGV),Work (HGV),Summary (HGV),Recto/Verso (HGV),Post-Concordance BL Entries (HGV),Genre (HGV),Material (HGV),Support Dimensions (HGV),Publications (HGV),Title (HGV),Translations (HGV),Support Material (HGV),Note (general) (HGV),Support/Dimensions (HGV),Reuse Type (HGV),Images (HGV),People (HGV),Subjects (HGV),Hands (HGV),Commentary (HGV),General Notes (HGV),Place Stored (Ancient) (HGV),Inv. no. (HGV),Principal Edition (HGV),Lines (HGV),Citations (HGV),Availability (HGV),palaeo (HGV),Provenance (HGV),Religion (HGV),catalogue (HGV),Partial Edition (HGV),Date (HGV),translation (HGV),study (HGV),Reference Edition (HGV),Fragments (HGV),reference (HGV),Associated Names (HGV),Works (HGV),Inv. Id (HGV),Form and Layout (HGV),Places (HGV),illustration (HGV),Language (HGV),Print Illustrations (HGV),Note (local/note) (HGV),Note (related) (HGV),Content (HGV),Readings (HGV),Mentioned Dates (HGV),Archive (HGV),Fragments (Tris),General Notes (Tris),Genre (Tris),Print Illustrations (Tris),Reuse Type (Tris),Date (Tris),Publications (Tris),Subjects (Tris),illustration (Tris),Origin (Tris),Translations (Tris),Reference Edition (Tris),Partial Edition (Tris),Support Dimensions (Tris),Provenance (Tris),Availability (Tris),Work (Tris),Content (Tris),Form and Layout (Tris),catalogue (Tris),License (Tris),Previous Edition (Tris),Post-Concordance BL Entries (Tris),Support Material (Tris),Principal Edition (Tris),Citations (Tris),People (Tris),translation (Tris),Commentary (Tris),Inv. Id (Tris),Place Stored (Ancient) (Tris),Support/Dimensions (Tris),Script Type (Tris),Culture (Tris),Catalog(s) (Tris),Mentioned Dates (Tris),study (Tris),palaeo (Tris),Readings (Tris),Title (Tris),Material (Tris),Images (Tris),Religion (Tris),Works (Tris),Language (Tris),Inv. no. (Tris),Places (Tris),Archive (Tris),reference (Tris),text,cleanText,Coordinates,Latitude,Longitude,relLat,relLong,Cluster
42,,,© Heidelberger Gesamtverzeichnis der griechischen Papyrusurkunden Ägyptens. This work is licensed under a Creative Commons Attribution 3.0 License.,,,,,Pesla  oder Hermopolis,,,,,,,Papyrus,,"CPR 6 12 (Harrauer, Hermann / van Lith, S. M. E.; 1978) = Harrauer, Handbuch der griechischen Paläographie 188 (Harrauer, Hermann / ; 2010)",keiner,,,,Papyrus,,http://data.onb.ac.at/rec/RZ00002691...,mentioned people,"Zahlungsauftrag (Hyperechios i.V. von Ailianos und Olympiodoros, seine Söhne, an Apollonios, παραλημπτής); Wein; Essig",,"Gehört zum Archiv des Apollonios paralemptes. Vgl. Harrauer, Paläographie, Textband, S. 380f., Nr. 188.",,,"Vienna, Nationalbibliothek G 25901",,,,,,"Egypt, U15 - Pesla[written]; Egypt, U15 - Hermopolis (El-Ashmunein)[found]",,,,"AD 300 Aug 29 - 301 Aug 28 ((Diocletianus), year (17))",,,,,,,,,,mentioned places,,Greek,"Tafel 9; Harrauer, Paläographie, Tafelband, Abb. 173",,,,,,Apollonios paralemptes in Pesla,,,,"Tafel 9; Harrauer, Paläographie, Tafelband, Abb. 173",,300 - 301,CPR 6 12,"Zahlungsauftrag (Hyperechios i.V. von Ailianos und Olympiodoros, seine Söhne, an Apollonios, παραλημπτής); Wein; Essig",,Pesla (Hermopolites) oder Hermopolis,,,,,,,,,,,© Heidelberger Gesamtverzeichnis der griechischen Papyrusurkunden Ägyptens. This work is licensed under a Creative Commons Attribution 3.0 License.,,,,,,,,"Gehört zum Archiv des Apollonios paralemptes. Vgl. Harrauer, Paläographie, Textband, S. 380f., Nr. 188.",,,Papyrus,,,,,,,,keiner,Papyrus,http://data.onb.ac.at/rec/RZ00002691...,,,,,,,,"  π(αρὰ) Αἰλι̣ανοῦ κ̣αὶ Ὀλυμ[πιοδώρου] 
ἀδελφοῦ ἀπολυθέντ[ω]ν̣ τῆ[ς] 
[π]ατρικῆς ἐξουσία̣[ς διʼ ἐ]μ̣οῦ τοῦ 
πατρὸς Ὑ(*)περεχί̣ο̣[υ] ⁦ vac. ? ⁩  
5Ἀ̣πολλω̣νίῳ̣ [π]α̣ρα̣λ̣η̣[μπτῇ] Π̣έσλα. 
δὸ̣ς̣ Νῆνι νε̣ω̣τέ̣ρῳ [ο]ἰκοδόμῳ 
εἰς [λόγο]ν̣ μισθῶν αὐτο[ῦ ἄ]χ̣ρ̣ι συνάρ-
σεω̣[ς οἴν]ου κερ(άμια) τέσσαρα̣ καὶ ὄξους 
κερ(άμιον) ἕν . γ(ίνεται) τοῦ ἐπιστάλμ(ατος) οἴ(νου) κερ(άμια) δ  
10ἐλλογ(ούμενα) (αὐτὰ) ἐκ (δραχμῶν) τ [κ]αὶ ὄξους κερ(άμιον) α (δραχμῶν) 
σ̣μ̣  
(hand 2) [ἐσημ(ειωσάμην) ο]ἴ(νου) κεράμια τέσσαρα ἐκ δραχμ(ῶν) 
[τρια]κοσίων κα[ὶ] ὄξους κεράμιον 
[ἓν δ]ραχμ(ῶν) διακοσίων τεσσεράκοντα . 
15(hand 1) (ἔτους) ιζ καὶ ιϛ καὶ θ [  ̣  ̣  ̣]  ̣  ","  παρὰ Αἰλι̣ανοῦ κ̣αὶ Ὀλυμπιοδώρου 
ἀδελφοῦ ἀπολυθέντων̣ τῆς 
πατρικῆς ἐξουσία̣ς διʼ ἐμ̣οῦ τοῦ 
πατρὸς Ὑπερεχί̣ο̣υ ⁦ vac. ? ⁩  
5Ἀ̣πολλω̣νίῳ̣ πα̣ρα̣λ̣η̣μπτῇ Π̣έσλα. 
δὸ̣ς̣ Νῆνι νε̣ω̣τέ̣ρῳ οἰκοδόμῳ 
εἰς λόγον̣ μισθῶν αὐτοῦ ἄχ̣ρ̣ι συνάρ-
σεω̣ς οἴνου κεράμια τέσσαρα̣ καὶ ὄξους 
κεράμιον ἕν . γίνεται τοῦ ἐπιστάλματος οἴνου κεράμια δ  
10ἐλλογούμενα αὐτὰ ἐκ δραχμῶν τ καὶ ὄξους κεράμιον α δραχμῶν 
σ̣μ̣  
hand 2 ἐσημειωσάμην οἴνου κεράμια τέσσαρα ἐκ δραχμῶν 
τριακοσίων καὶ ὄξους κεράμιον 
ἓν δραχμῶν διακοσίων τεσσεράκοντα . 
15hand 1 ἔτους ιζ καὶ ιϛ καὶ θ   ̣  ̣  ̣  ̣  ","31.614254,34.8910485",31.614254,34.8910485,35.01501783,13.358192714285714,5
43,,,© Heidelberger Gesamtverzeichnis der griechischen Papyrusurkunden Ägyptens. This work is licensed under a Creative Commons Attribution 3.0 License.,,,,,Pesla  oder Hermopolis,,,,,VIII 105,,Papyrus,,"CPR 6 14 (Harrauer, Hermann / van Lith, S. M. E.; 1978)",keiner,,,,Papyrus,other text(s) on the same object: 157770,http://data.onb.ac.at/rec/RZ00002694...,mentioned people,"Zahlungsauftrag (Hyperechios i.V. seiner Söhne Ailianos und Olympiodoros an Apollonios, παραλημπτής); Wein",,Gehört zum Archiv des Apollonios paralemptes.,,,"Vienna, Nationalbibliothek G 13025 Vo; Vienna, Nationalbibliothek G 13769 a Vo; Vienna, Nationalbibliothek G 13856 Vo;",,,,,,"Egypt, U15 - Pesla[written]; Egypt, U15 - Hermopolis (El-Ashmunein)[found]",,,,"AD 300 Aug 29 - 301 Aug 28 ((Diocletianus), year (17))",,,,,,,,,,mentioned places,,Greek,Tafel 10,,,,,,Apollonios paralemptes in Pesla,,,,Tafel 10,,300 - 301,CPR 6 14,"Zahlungsauftrag (Hyperechios i.V. seiner Söhne Ailianos und Olympiodoros an Apollonios, παραλημπτής); Wein",,Pesla (Hermopolites) oder Hermopolis,,,,,,,,,,,© Heidelberger Gesamtverzeichnis der griechischen Papyrusurkunden Ägyptens. This work is licensed under a Creative Commons Attribution 3.0 License.,,VIII 105,,,,,,Gehört zum Archiv des Apollonios paralemptes.,,,Papyrus,,,,,,,,keiner,Papyrus,http://data.onb.ac.at/rec/RZ00002694...,,,,,,,,"  [⁦ -ca.?- ⁩]  ̣  ̣  ̣[⁦ -ca.?- ⁩]  ̣[⁦ -ca.?- ⁩]  ̣  ̣[⁦ -ca.?- ⁩] 
π̣(αρὰ) Α̣ἰ̣λιανοῦ καὶ Ὀλυμπιοδώρου 
[ἀ]δελ̣φο̣ῦ̣ ἀ̣πολυθ̣έντων τῆς πατρι-
[κ]ῆς ἐξο̣υ̣σ̣ί̣α̣ς διʼ ἐμοῦ τοῦ πατρὸς 
5[Ὑ]π̣ερ̣ε̣χίου. ⁦ vac. ? ⁩  
[Ἀπολ]λωνίῳ πα̣ρ̣αλημ[πτῇ Πέσλα. δὸ]ς̣ 
[  ̣  ̣  ̣  ̣]τίωνι φροντιστῇ [- ca.10 -] 
[  ̣  ̣  ̣ ἀ]πὸ Μεχεὶρ ἕως το[ῦ - ca.9 -] 
[  ̣  ̣  ̣  ̣] καὶ αὐτοῦ [ο]ἴνου κερ̣[(άμια) δ   ̣  ̣  ̣  ̣  ̣  ̣  ̣] 
10[γ(ίνεται) το]ῦ ἐπιστάλμ(ατος) οἴ(νου) κε̣ρ̣[(άμια)   ̣ ἐκ (δραχμῶν)   ̣] 
(hand 2) ἐ̣σ̣ημ(ειωσάμην) οἴ(νου) κ̣ε̣ράμ̣ια δ̣[⁦ -ca.?- ⁩] 
τιμῆ̣ς̣ ἐ̣κ̣ δραχμ̣(ῶν)[⁦ -ca.?- ⁩] 
(hand 1) (ἔτους) ιζ καὶ ιϛ κα[ὶ θ ⁦ -ca.?- ⁩] ","  ⁦ -ca.?- ⁩  ̣  ̣  ̣⁦ -ca.?- ⁩  ̣⁦ -ca.?- ⁩  ̣  ̣⁦ -ca.?- ⁩ 
π̣αρὰ Α̣ἰ̣λιανοῦ καὶ Ὀλυμπιοδώρου 
ἀδελ̣φο̣ῦ̣ ἀ̣πολυθ̣έντων τῆς πατρι-
κῆς ἐξο̣υ̣σ̣ί̣α̣ς διʼ ἐμοῦ τοῦ πατρὸς 
5Ὑπ̣ερ̣ε̣χίου. ⁦ vac. ? ⁩  
Ἀπολλωνίῳ πα̣ρ̣αλημπτῇ Πέσλα. δὸς̣ 
  ̣  ̣  ̣  ̣τίωνι φροντιστῇ - ca.10 - 
  ̣  ̣  ̣ ἀπὸ Μεχεὶρ ἕως τοῦ - ca.9 - 
  ̣  ̣  ̣  ̣ καὶ αὐτοῦ οἴνου κερ̣άμια δ   ̣  ̣  ̣  ̣  ̣  ̣  ̣ 
10γίνεται τοῦ ἐπιστάλματος οἴνου κε̣ρ̣άμια   ̣ ἐκ δραχμῶν   ̣ 
hand 2 ἐ̣σ̣ημειωσάμην οἴνου κ̣ε̣ράμ̣ια δ̣⁦ -ca.?- ⁩ 
τιμῆ̣ς̣ ἐ̣κ̣ δραχμ̣ῶν⁦ -ca.?- ⁩ 
hand 1 ἔτους ιζ καὶ ιϛ καὶ θ ⁦ -ca.?- ⁩ ","31.614254,34.8910485",31.614254,34.8910485,35.01501783,13.358192714285714,5
44,,,© Heidelberger Gesamtverzeichnis der griechischen Papyrusurkunden Ägyptens. This work is licensed under a Creative Commons Attribution 3.0 License.,,,,,Pesla  oder Hermopolis,,,,,VIII 105,,Papyrus,,"CPR 6 23 (Harrauer, Hermann / van Lith, S. M. E.; 1978)",keiner,,,,Papyrus,,http://data.onb.ac.at/rec/RZ00002702...,mentioned people,"Zahlungsauftrag (Wein, Getreide)",,Gehört zum Archiv des Apollonios paralemptes. Alternativdatierung: 21. März 304.,,,"Vienna, Nationalbibliothek G 13045; Vienna, Nationalbibliothek G 13015; Vienna, Nationalbibliothek G 13773",,,,,,"Egypt, U15 - Pesla[written]; Egypt, U15 - Hermopolis (El-Ashmunein)[found]",,,,"AD 304 Mar 21? (Diocletianus, year 20 and 19, Thoth 25) or AD 303 Sep 23? (Diocletianus, year 20 and 19, Thoth 25)",,,,,,,,,,,,Greek,Tafel 12,,,,,Z. 3:301 - 302 Z. 5:302 - 303,Apollonios paralemptes in Pesla,,,,Tafel 12,,21. März 304 (?),CPR 6 23,"Zahlungsauftrag (Wein, Getreide)",,Pesla (Hermopolites) oder Hermopolis,,,,,,,,,,,© Heidelberger Gesamtverzeichnis der griechischen Papyrusurkunden Ägyptens. This work is licensed under a Creative Commons Attribution 3.0 License.,,VIII 105,,,,,,Gehört zum Archiv des Apollonios paralemptes. Alternativdatierung: 21. März 304.,,,Papyrus,,,,Z. 3:301 - 302 Z. 5:302 - 303,,,,keiner,Papyrus,http://data.onb.ac.at/rec/RZ00002702...,,,,,,,,"  -- -- -- -- -- -- -- -- -- --  
2[⁦ -ca.?- ⁩ δ]ὸ̣ς Σιλβανῷ̣ 
[⁦ -ca.?- ⁩ ἀπὸ Πα]χ̣ὼν ἕως 
 [⁦ -ca.?- ⁩ ἀπὸ γενήμ(ατος) ιη καὶ ιζ καὶ ι οἴνο]υ̣ κερ(άμια) β  
5[καὶ ἀπὸ γενήμ(ατος) τοῦ (αὐτοῦ) σίτου ἀρτάβη]ν̣ α̣  𐅵 καὶ 
[κερ(άμιον(?)) α καὶ (δεύτερον) ἀπὸ ῥύσ(εως) ιθ] καὶ ιη και ια κερ(άμια) γ  
[γ(ίνεται) τοῦ ἐπιστάλμ(ατος) σίτου ἀπὸ] γ̣ε̣νήμ(ατος) ιη καὶ ιζ καὶ ι  
[ἀρτάβη α  𐅵 ἐκ (δραχμῶν)   ̣ καὶ ο]ἴ̣(νου) ἀ̣[πὸ] γενήμ(ατος) τοῦ (αὐτοῦ) κερ(άμια) β  
[ἐκ (δραχμῶν) χ καὶ κερ(άμιον) α (δραχμῶν)] φ καὶ (δεύτερον) ἀπὸ ῥύσ(εως(?)) 
10[ιθ καὶ ιη καὶ ια κερ(άμια)] γ ἐκ (δραχμῶν) τ. 
(hand 2) [ἐσημ(ειωσάμην) ἀπὸ γενήμ(ατος) ιη καὶ ιζ] καὶ ι σίτου ἀρτά̣βην̣ μίαν ἥμισυ(*)  
[ἐκ δραχμ(ῶν) ⁦ -ca.?- ⁩ κοσίων καὶ ο]ἴ(νου) ἀπὸ γενήμ(ατος) τοῦ (αὐτοῦ) κεράμ(ια) δύο 
ἐκ δραχμ(ῶν) ἑ[ξακοσίων καὶ(?)] κεράμ(ιον) ἓν δραχμ(ῶν) πεντακοσίων 
καὶ (δεύτερον) ἀπὸ ῥ[ύσ(εως) ιθ καὶ ιη καὶ ια κεράμ(ια) τρία ἐκ δραχμ(ῶν)] 
15τριακοσίω̣[ν] 
(hand 3) ἄλ(λου) ὄ̣ν̣τ(ος) κ(εράμια) ο οἴ(νου) καὶ ὄξ(ους). 
(hand 1) (ἔτους) κ [καὶ ⁦ -ca.?- ⁩]ωθ κε  ","  -- -- -- -- -- -- -- -- -- --  
2⁦ -ca.?- ⁩ δὸ̣ς Σιλβανῷ̣ 
⁦ -ca.?- ⁩ ἀπὸ Παχ̣ὼν ἕως 
 ⁦ -ca.?- ⁩ ἀπὸ γενήματος ιη καὶ ιζ καὶ ι οἴνου̣ κεράμια β  
5καὶ ἀπὸ γενήματος τοῦ αὐτοῦ σίτου ἀρτάβην̣ α̣  𐅵 καὶ 
κεράμιον? α καὶ δεύτερον ἀπὸ ῥύσεως ιθ καὶ ιη και ια κεράμια γ  
γίνεται τοῦ ἐπιστάλματος σίτου ἀπὸ γ̣ε̣νήματος ιη καὶ ιζ καὶ ι  
ἀρτάβη α  𐅵 ἐκ δραχμῶν   ̣ καὶ οἴ̣νου ἀ̣πὸ γενήματος τοῦ αὐτοῦ κεράμια β  
ἐκ δραχμῶν χ καὶ κεράμιον α δραχμῶν φ καὶ δεύτερον ἀπὸ ῥύσεως? 
10ιθ καὶ ιη καὶ ια κεράμια γ ἐκ δραχμῶν τ. 
hand 2 ἐσημειωσάμην ἀπὸ γενήματος ιη καὶ ιζ καὶ ι σίτου ἀρτά̣βην̣ μίαν ἥμισυ  
ἐκ δραχμῶν ⁦ -ca.?- ⁩ κοσίων καὶ οἴνου ἀπὸ γενήματος τοῦ αὐτοῦ κεράμια δύο 
ἐκ δραχμῶν ἑξακοσίων καὶ? κεράμιον ἓν δραχμῶν πεντακοσίων 
καὶ δεύτερον ἀπὸ ῥύσεως ιθ καὶ ιη καὶ ια κεράμια τρία ἐκ δραχμῶν 
15τριακοσίω̣ν 
hand 3 ἄλλου ὄ̣ν̣τος κεράμια ο οἴνου καὶ ὄξους. 
hand 1 ἔτους κ καὶ ⁦ -ca.?- ⁩ωθ κε  ","31.614254,34.8910485",31.614254,34.8910485,35.01501783,13.358192714285714,5
45,,,© Heidelberger Gesamtverzeichnis der griechischen Papyrusurkunden Ägyptens. This work is licensed under a Creative Commons Attribution 3.0 License.,,,,,Pesla  oder Hermopolis,,,,,,,Papyrus,,"CPR 6 38 (Harrauer, Hermann / van Lith, S. M. E.; 1978) = P. L. Bat. 11 21 (Sijpesteijn, Pieter Johannes / ; 1963) = Harrauer, Handbuch der griechischen Paläographie 195 (Harrauer, Hermann / ; 2010)",keiner,,,,Papyrus,,http://data.onb.ac.at/rec/RZ00002713...,mentioned people,Zahlungsauftrag (Wein); Weber,,"Gehört zum Archiv des Apollonios paralemptes. Vgl. Harrauer, Paläographie, Textband, S. 387, Nr. 195.",,,"Vienna, Nationalbibliothek G 25833; Vienna, Nationalbibliothek G 13897",,,,,,"Egypt, U15 - Pesla[written]; Egypt, U15 - Hermopolis (El-Ashmunein)[found]",,,,"AD 321 Apr 10 (year Indictio 09, Pharmouthi 15)",,,,,,,,,,,,Greek,"Tafel 16; Harrauer, Paläographie, Tafelband, Abb. 180",,,,,Z. 4:1. Apr. 321,Apollonios paralemptes in Pesla,,,,"Tafel 16; Harrauer, Paläographie, Tafelband, Abb. 180",,10. Apr. 321,P.Vindob. Sijp. 21,Zahlungsauftrag (Wein); Weber,,Pesla (Hermopolites) oder Hermopolis,,,,,,,,,,,© Heidelberger Gesamtverzeichnis der griechischen Papyrusurkunden Ägyptens. This work is licensed under a Creative Commons Attribution 3.0 License.,,,,,,,,"Gehört zum Archiv des Apollonios paralemptes. Vgl. Harrauer, Paläographie, Textband, S. 387, Nr. 195.",,,Papyrus,,,,Z. 4:1. Apr. 321,,,,keiner,Papyrus,http://data.onb.ac.at/rec/RZ00002713...,,,,,,,,"  π(αρὰ) Αἰλια̣[νοῦ] 
Ἀπολλωνίῳ παραλημπτῇ. δὸς Ἰ(*)σιδώρῳ βοηθῷ(*) ὥστε ταρσικαρίοις καὶ ἄλλοις, ὧν λόγον δώ̣[σει] 
οἴνου κνίδια δώδεκα. γ(ίνεται) οἴ(νου) κν(ίδια) ιβ ἐ̣κ (δραχμῶν) Β̣φ. μὴ προσχρήσῃ̣ [- ca.24 -] 
ἐπιστάλματι κεχρονισμενον(*) εἰς ϛ Φαρμοῦθι (hand 2) δώδεκα κνίδι[α οἴνου ἐκ (δραχμῶν) Βφ ἐσημειωσάμην] 
5(hand 1) θ ἰ(*)νδικ(τίονος) Φαρμοῦθι ιε  ","  παρὰ Αἰλια̣νοῦ 
Ἀπολλωνίῳ παραλημπτῇ. δὸς Ἰσιδώρῳ βοηθῷ ὥστε ταρσικαρίοις καὶ ἄλλοις, ὧν λόγον δώ̣σει 
οἴνου κνίδια δώδεκα. γίνεται οἴνου κνίδια ιβ ἐ̣κ δραχμῶν Β̣φ. μὴ προσχρήσῃ̣ - ca.24 - 
ἐπιστάλματι κεχρονισμενον εἰς ϛ Φαρμοῦθι hand 2 δώδεκα κνίδια οἴνου ἐκ δραχμῶν Βφ ἐσημειωσάμην 
5hand 1 θ ἰνδικτίονος Φαρμοῦθι ιε  ","31.614254,34.8910485",31.614254,34.8910485,35.01501783,13.358192714285714,5
46,,,© Heidelberger Gesamtverzeichnis der griechischen Papyrusurkunden Ägyptens. This work is licensed under a Creative Commons Attribution 3.0 License.,,,,,Pesla  oder Hermopolis,,,,,VIII 106,,Papyrus,,"CPR 6 45 (Harrauer, Hermann / van Lith, S. M. E.; 1978)",keiner,,,,Papyrus,,http://data.onb.ac.at/rec/RZ00002720...,mentioned people,Zahlungsauftrag (Wein); κατασπορεύς,,Gehört zum Archiv des Apollonios paralemptes.,,,"Vienna, Nationalbibliothek G 13840; Vienna, Nationalbibliothek G 14004",,,,,,"Egypt, U15 - Pesla[written]; Egypt, U15 - Hermopolis (El-Ashmunein)[found]",,,,"AD 322 Jun 16? (year Indictio 10, Pauni 22)",,,,,,,,,,,,Greek,Tafel 18,,,,,,Apollonios paralemptes in Pesla,,,,Tafel 18,,16. Juni 322 (?),CPR 6 45,Zahlungsauftrag (Wein); κατασπορεύς,,Pesla (Hermopolites) oder Hermopolis,,,,,,,,,,,© Heidelberger Gesamtverzeichnis der griechischen Papyrusurkunden Ägyptens. This work is licensed under a Creative Commons Attribution 3.0 License.,,VIII 106,,,,,,Gehört zum Archiv des Apollonios paralemptes.,,,Papyrus,,,,,,,,keiner,Papyrus,http://data.onb.ac.at/rec/RZ00002720...,,,,,,,,"  π(αρὰ) Αἰλιανοῦ 
[δ]ὸς Καμῆτι(*) κατασπορεῖ εἰς τὰ διʼ αὐτοῦ ἀναλώ(ματα(?)), ὧν λό̣γον δώσ̣[ει] 
[οἴνου κνίδια εἴκοσι] ⁦ vac. ? ⁩ (γίνεται) οἴν(ου) κνίδ(ια) κ ἐ̣κ̣ (δραχμῶν(?)) Γυ  ι <ἰνδικτίονος> Παῦνι κβ / [⁦ -ca.?- ⁩] 
Traces  ","  παρὰ Αἰλιανοῦ 
δὸς Καμῆτι κατασπορεῖ εἰς τὰ διʼ αὐτοῦ ἀναλώματα?, ὧν λό̣γον δώσ̣ει 
οἴνου κνίδια εἴκοσι ⁦ vac. ? ⁩ γίνεται οἴνου κνίδια κ ἐ̣κ̣ δραχμῶν? Γυ  ι ἰνδικτίονος Παῦνι κβ / ⁦ -ca.?- ⁩ 
Traces  ","31.614254,34.8910485",31.614254,34.8910485,35.01501783,13.358192714285714,5
259,,,© Heidelberger Gesamtverzeichnis der griechischen Papyrusurkunden Ägyptens. This work is licensed under a Creative Commons Attribution 3.0 License.,,,,,Eleutheropolis,,,,,VIII 272; IX 203,,Papyrus,,"P. Oxy. 50 3574 (Rea, John R. R.; 1983)",Petition to a Praeses Herculiae,,,,Papyrus,,https://doi.org/10.25446/oxford.21174121...,mentioned people,Eingabe; Bürgschaft für Wein; der Bürge wollte zahlen und seine Waren bekommen; es wurde nicht zugelassen,,"Zum Ort vgl. BL VIII, S. 272 und IX, S. 203. Vgl. BCH 108, 1984, S. 558 - 563, 579.",,,"Oxford, Sackler Library, Papyrology Rooms 29 4B.48/G(6-7)a",,,,,,"Israel, Palestina - Eleutheropolis (Beit Djibrin)[written]; Egypt, U19 - Oxyrynchos (Bahnasa)[found]",,,,AD 314 - 318 about,,,,,,,,,,mentioned places,,Greek,Plate XVI,,,,,,,,,,Plate XVI,,ca. 314 - 318,P.Oxy. 50 3574,Eingabe; Bürgschaft für Wein; der Bürge wollte zahlen und seine Waren bekommen; es wurde nicht zugelassen,,Eleutheropolis (Nea Arabia),,,,,,,,,,,© Heidelberger Gesamtverzeichnis der griechischen Papyrusurkunden Ägyptens. This work is licensed under a Creative Commons Attribution 3.0 License.,,VIII 272; IX 203,,,,,,"Zum Ort vgl. BL VIII, S. 272 und IX, S. 203. Vgl. BCH 108, 1984, S. 558 - 563, 579.",,,Papyrus,,,,,,,,Petition to a Praeses Herculiae,Papyrus,https://doi.org/10.25446/oxford.21174121...,,,,,,,,"  Αὐρηλίῳ Ἀντωνίῳ τῷ διασημ̣οτάτῳ ἡγουμέ̣[νῳ] 
Αἰγύπτου Ἡρκουλ̣ε̣ίας 
παρὰ Αὐρηλίου Μάλχου Ἐιωνάθου ἀπὸ ὁρίων Ἐλευθεροπό̣λεως τῆς 
Νέας Ἀραβείας. ἐνεγυησάμην(*), κύριε, Σαειβᾶν ἀπὸ [Σ]κηνῶν τῶν 
5ἐκτὸς Γέρρους παρὰ Διδύμῳ Περδίκα ἀπὸ Βουβάσθου ἀργύρια, 
ἀλλά, ὡς τὴν ἀπόδοσιν οὐκ ἐποιεῖτο ἐκεῖνος, ἐπεσχέθη ὑπὸ τοῦ 
Διδύμου οἰνικός μου κέραμος, ὃς καὶ παραμείνας ἐπεὶ(*) πολὺν 
χρόνον ἐν τῇ ἐποχῇ εἰς φαυλότητα μετὰ ταῦτα ἐτραπην(*) καὶ 
ζημείας(*) αἴτι[ό]ς μοι γέγονεν. ὑ(*)πὸ γὰρ σφραγεῖδας(*) αὐτοῦ ἐτύγχα-
10νεν καὶ τὴν κλεῖν εἶχεν παρʼ ἑαυτῷ καί μοι τότε ἐπειγομένῳ 
ἀποδοῦναι τὰ ἀργύρια καὶ δέξασθαι τὰ ἐμαυτοῦ, τοῦτο ποιεῖν οὐ 
συνεχώρει. ἐπεὶ τοίνυν δίκαιόν ἐστιν περισωθῆναί μοι τὸν 
οἶνον τὸν ἀπολωλότα, ἀξιῶ δοῦναί μοι δικαστὴν κατʼ αὐ-
τοῦ ὃν ἐὰν τὸ μεγαλεῖόν σου δοκειμάσῃ(*). ⁦ vac. ? ⁩ διευτύχει(*). 
—— 
15(hand 2) Αὐρ(ήλιος) Μάλχος ἐπιδέδωκα. Αὐρ(ήλιος)   ̣  ̣[  ̣]  ̣  ̣  ̣ο̣ς̣ ἔγρ(αψα) ὑπὲρ αὐτο̣ῦ̣ γρ(άμματα) μ(ὴ) εἰδότ(ος). 
⁦ vac. ? ⁩  
⁦ vac. ? ⁩ (hand 3) α̣  ̣  ̣  ̣  ̣[  ̣  ̣  ̣]  ̣  ","  Αὐρηλίῳ Ἀντωνίῳ τῷ διασημ̣οτάτῳ ἡγουμέ̣νῳ 
Αἰγύπτου Ἡρκουλ̣ε̣ίας 
παρὰ Αὐρηλίου Μάλχου Ἐιωνάθου ἀπὸ ὁρίων Ἐλευθεροπό̣λεως τῆς 
Νέας Ἀραβείας. ἐνεγυησάμην, κύριε, Σαειβᾶν ἀπὸ Σκηνῶν τῶν 
5ἐκτὸς Γέρρους παρὰ Διδύμῳ Περδίκα ἀπὸ Βουβάσθου ἀργύρια, 
ἀλλά, ὡς τὴν ἀπόδοσιν οὐκ ἐποιεῖτο ἐκεῖνος, ἐπεσχέθη ὑπὸ τοῦ 
Διδύμου οἰνικός μου κέραμος, ὃς καὶ παραμείνας ἐπεὶ πολὺν 
χρόνον ἐν τῇ ἐποχῇ εἰς φαυλότητα μετὰ ταῦτα ἐτραπην καὶ 
ζημείας αἴτιός μοι γέγονεν. ὑπὸ γὰρ σφραγεῖδας αὐτοῦ ἐτύγχα-
10νεν καὶ τὴν κλεῖν εἶχεν παρʼ ἑαυτῷ καί μοι τότε ἐπειγομένῳ 
ἀποδοῦναι τὰ ἀργύρια καὶ δέξασθαι τὰ ἐμαυτοῦ, τοῦτο ποιεῖν οὐ 
συνεχώρει. ἐπεὶ τοίνυν δίκαιόν ἐστιν περισωθῆναί μοι τὸν 
οἶνον τὸν ἀπολωλότα, ἀξιῶ δοῦναί μοι δικαστὴν κατʼ αὐ-
τοῦ ὃν ἐὰν τὸ μεγαλεῖόν σου δοκειμάσῃ. ⁦ vac. ? ⁩ διευτύχει. 
—— 
15hand 2 Αὐρήλιος Μάλχος ἐπιδέδωκα. Αὐρήλιος   ̣  ̣  ̣  ̣  ̣  ̣ο̣ς̣ ἔγραψα ὑπὲρ αὐτο̣ῦ̣ γράμματα μὴ εἰδότος. 
⁦ vac. ? ⁩  
⁦ vac. ? ⁩ hand 3 α̣  ̣  ̣  ̣  ̣  ̣  ̣  ̣  ̣  ","31.614254,34.8910485",31.614254,34.8910485,35.01501783,13.358192714285714,5
