Unnamed: 0,Condition (HGV),Author (HGV),License (HGV),Culture (HGV),Script Type (HGV),Previous Edition (HGV),Preservation (HGV),Origin (HGV),Catalog(s) (HGV),Work (HGV),Summary (HGV),Recto/Verso (HGV),Post-Concordance BL Entries (HGV),Genre (HGV),Material (HGV),Support Dimensions (HGV),Publications (HGV),Title (HGV),Translations (HGV),Support Material (HGV),Note (general) (HGV),Support/Dimensions (HGV),Reuse Type (HGV),Images (HGV),People (HGV),Subjects (HGV),Hands (HGV),Commentary (HGV),General Notes (HGV),Place Stored (Ancient) (HGV),Inv. no. (HGV),Principal Edition (HGV),Lines (HGV),Citations (HGV),Availability (HGV),palaeo (HGV),Provenance (HGV),Religion (HGV),catalogue (HGV),Partial Edition (HGV),Date (HGV),translation (HGV),study (HGV),Reference Edition (HGV),Fragments (HGV),reference (HGV),Associated Names (HGV),Works (HGV),Inv. Id (HGV),Form and Layout (HGV),Places (HGV),illustration (HGV),Language (HGV),Print Illustrations (HGV),Note (local/note) (HGV),Note (related) (HGV),Content (HGV),Readings (HGV),Mentioned Dates (HGV),Archive (HGV),Fragments (Tris),General Notes (Tris),Genre (Tris),Print Illustrations (Tris),Reuse Type (Tris),Date (Tris),Publications (Tris),Subjects (Tris),illustration (Tris),Origin (Tris),Translations (Tris),Reference Edition (Tris),Partial Edition (Tris),Support Dimensions (Tris),Provenance (Tris),Availability (Tris),Work (Tris),Content (Tris),Form and Layout (Tris),catalogue (Tris),License (Tris),Previous Edition (Tris),Post-Concordance BL Entries (Tris),Support Material (Tris),Principal Edition (Tris),Citations (Tris),People (Tris),translation (Tris),Commentary (Tris),Inv. Id (Tris),Place Stored (Ancient) (Tris),Support/Dimensions (Tris),Script Type (Tris),Culture (Tris),Catalog(s) (Tris),Mentioned Dates (Tris),study (Tris),palaeo (Tris),Readings (Tris),Title (Tris),Material (Tris),Images (Tris),Religion (Tris),Works (Tris),Language (Tris),Inv. no. (Tris),Places (Tris),Archive (Tris),reference (Tris),text,cleanText,Coordinates,Latitude,Longitude,relLat,relLong,Cluster
10,,,© Heidelberger Gesamtverzeichnis der griechischen Papyrusurkunden Ägyptens. This work is licensed under a Creative Commons Attribution 3.0 License.,,,,,Philadelphia,,,,,XI 28,,Ostrakon,,"BGU 7 1516 (Viereck, Paul / Zucker, Friedrich; 1926)",Abrechnung über Weinlieferungen,,,,Ostrakon,,http://berlpap.smb.museum/03464/...,mentioned people,Abrechnung; Lieferung; Wein,,"Zur Datierung vgl. BL III, S. 21 und BL XI, S. 28; P.Lugd. Bat. XXI A, S. 74. Alternativdatierung: 193 - 187 v. Chr.",,,"Berlin, Staatliche Museen P. 12323",,,,,,"Egypt, 00a - Philadelpheia (Gharabet el-Gerza)[found & written]",,,,BC 193 - 187? ((P05)) or BC 210 - 204?,,,,,,,,,,,,Greek,,,,,,,Ostraca from a cellar in Philadelpheia,,,,,,193 - 187 v.Chr. (?),BGU 7 1516,Abrechnung; Lieferung; Wein,,Philadelphia (Arsinoites),,,,,,,,,,,© Heidelberger Gesamtverzeichnis der griechischen Papyrusurkunden Ägyptens. This work is licensed under a Creative Commons Attribution 3.0 License.,,XI 28,,,,,,"Zur Datierung vgl. BL III, S. 21 und BL XI, S. 28; P.Lugd. Bat. XXI A, S. 74. Alternativdatierung: 193 - 187 v. Chr.",,,Ostrakon,,,,,,,,Abrechnung über Weinlieferungen,Ostrakon,http://berlpap.smb.museum/03464/...,,,,,,,,"  ἔχει Διονυσόδωρος 
ἔσωθεν κερ(άμια) κ ἀ(νὰ) (δραχμὰς) ϡ  
(γίνεται) (τάλαντα) γ, 
καὶ ἐκ τῶν Εἴκω-
5νος ἔχει κερ(άμια) ι καὶ ἔσω-
θεν παλαιὰ κερ(άμια) β, 
(γίνεται) κερ(άμια) ιβ, 
ἄλλα ἔχει παλαιὰ 
κερ(άμια) β, (γίνεται) κερ(άμια) ιδ ἀν(ὰ) (δραχμὰς) ϡ, 
10(γίνεται) (τάλαντα) β  Α̣χ, (γίνεται) (τάλαντα) ε  Α̣χ. 
ἔχω (τάλαντα) γ  Δ, 
(λοι)πὸ(ν) (τάλαντον) α  Γχ, ἔχω 
παρὰ Ἀρτέμωνος Θαῦτ 
(δραχμὰς) Β. ","  ἔχει Διονυσόδωρος 
ἔσωθεν κεράμια κ ἀνὰ δραχμὰς ϡ  
γίνεται τάλαντα γ, 
καὶ ἐκ τῶν Εἴκω-
5νος ἔχει κεράμια ι καὶ ἔσω-
θεν παλαιὰ κεράμια β, 
γίνεται κεράμια ιβ, 
ἄλλα ἔχει παλαιὰ 
κεράμια β, γίνεται κεράμια ιδ ἀνὰ δραχμὰς ϡ, 
10γίνεται τάλαντα β  Α̣χ, γίνεται τάλαντα ε  Α̣χ. 
ἔχω τάλαντα γ  Δ, 
λοιπὸν τάλαντον α  Γχ, ἔχω 
παρὰ Ἀρτέμωνος Θαῦτ 
δραχμὰς Β. ","36.622766,33.0250915",36.622766,33.0250915,33.55957137,8.707431571428572,2
11,,,© Heidelberger Gesamtverzeichnis der griechischen Papyrusurkunden Ägyptens. This work is licensed under a Creative Commons Attribution 3.0 License.,,,,,Philadelphia,,,,,,,Papyrus,,"BGU 7 1588 (Viereck, Paul / Zucker, Friedrich; 1926)",Quittung über eine Zahlung für das τελος γνωστείας der Katöken,,,,Papyrus,,http://berlpap.smb.museum/02996/...,mentioned people,Quittung (Steuer); Geld,,"Zu Z. 2, 6 und 7 vgl. BOEP 5.1 (7. Jan. 2016), S. 1.",,,"Berlin, Staatliche Museen P. 11462",,,,,,"Egypt, 00a - Philadelpheia (Gharabet el-Gerza)[found & written]",,,,AD 222 Oct 27,,,,,,,,,,mentioned places,,Greek,,,,,,,,,,,,,27. Okt. 222,BGU 7 1588,Quittung (Steuer); Geld,,Philadelphia (Arsinoites),,,,,,,,,,,© Heidelberger Gesamtverzeichnis der griechischen Papyrusurkunden Ägyptens. This work is licensed under a Creative Commons Attribution 3.0 License.,,,,,,,,"Zu Z. 2, 6 und 7 vgl. BOEP 5.1 (7. Jan. 2016), S. 1.",,,Papyrus,,,,,,,,Quittung über eine Zahlung für das τελος γνωστείας der Katöken,Papyrus,http://berlpap.smb.museum/02996/...,,,,,,,,"  Πτολεμαιέων Ἀρσινοειτῶν [πόλεως] ἄρχοντ[ες] βουλὴ δι[ὰ] Αὐρηλίων 
Ἀγαθοῦ Δα[ί]μονος τοῦ καὶ Νε[ί]λο[υ   ̣  ̣]- ca.9 - γυμ(νασιαρχήσαντος) καὶ Πασίωνος ἐξ̣η̣γ(ητεύσαντος)(*) βο[υ]λ(ευτῶν) 
αἱρεθέντων ἐπὶ τῆς τῶν κα[τ]αλοχ[ισ]μῶν εἰ[σ]πράξεως, τούτων δὲ διὰ 
Αὐρηλίου [Τρ]ύφωνος βοηθ[ο]ῦ Οὐαλ̣[ερ]ίᾳ   ̣[  ̣  ̣] δ[ι]ὰ Μάρκου Ἀντωνίου 
5Διογένο[υ]ς χαίρειν. διέγρα(ψας) ἡμεῖν(*) τέλος γνωστε̣ί̣[ας] ὧν πρ[ο]ήνεγκ(ας) κεκλη-
ρονο(μηκέναι) [τ]οῦ π̣ατρὸς Οὐαλερίου Λον̣γ̣ε̣ί̣ν[ο]υ(*) Ἀντινοέως ἀκολούθως ᾗ πεποίησαι 
χειρογρ(αφίᾳ) περὶ κώ(μην) Φιλαδέλφιαν σιτικ(ῶν)(*) (ἀρουρῶν) τεσσάρων φοινικῶ̣ν̣ο̣ς̣ (ἀρούρας) μιᾶς 
τέλος δραχ(μῶν) ἐνενήκοντα [  ̣  ̣  ̣  ̣]  ̣[  ̣]  ̣  ̣  ̣ . (ἔτους) β Μάρκου Αὐρηλίου Σεουήρου 
Ἀλε[ξάνδρο]υ Εὐσεβοῦς Εὐτυχοῦς Σεβαστοῦ Φαῶφι λ. ","  Πτολεμαιέων Ἀρσινοειτῶν πόλεως ἄρχοντες βουλὴ διὰ Αὐρηλίων 
Ἀγαθοῦ Δαίμονος τοῦ καὶ Νείλου   ̣  ̣- ca.9 - γυμνασιαρχήσαντος καὶ Πασίωνος ἐξ̣η̣γητεύσαντος βουλευτῶν 
αἱρεθέντων ἐπὶ τῆς τῶν καταλοχισμῶν εἰσπράξεως, τούτων δὲ διὰ 
Αὐρηλίου Τρύφωνος βοηθοῦ Οὐαλ̣ερίᾳ   ̣  ̣  ̣ διὰ Μάρκου Ἀντωνίου 
5Διογένους χαίρειν. διέγραψας ἡμεῖν τέλος γνωστε̣ί̣ας ὧν προήνεγκας κεκλη-
ρονομηκέναι τοῦ π̣ατρὸς Οὐαλερίου Λον̣γ̣ε̣ί̣νου Ἀντινοέως ἀκολούθως ᾗ πεποίησαι 
χειρογραφίᾳ περὶ κώμην Φιλαδέλφιαν σιτικῶν ἀρουρῶν τεσσάρων φοινικῶ̣ν̣ο̣ς̣ ἀρούρας μιᾶς 
τέλος δραχμῶν ἐνενήκοντα   ̣  ̣  ̣  ̣  ̣  ̣  ̣  ̣  ̣ . ἔτους β Μάρκου Αὐρηλίου Σεουήρου 
Ἀλεξάνδρου Εὐσεβοῦς Εὐτυχοῦς Σεβαστοῦ Φαῶφι λ. ","36.622766,33.0250915",36.622766,33.0250915,33.55957137,8.707431571428572,2
12,,,© Heidelberger Gesamtverzeichnis der griechischen Papyrusurkunden Ägyptens. This work is licensed under a Creative Commons Attribution 3.0 License.,,,,,Philadelphia,,,,,,,Papyrus,,"BGU 7 1657 (Viereck, Paul / Zucker, Friedrich; 1926)",Quittung über Teilrückzahlung eines gemischten Darlehens,,,,Papyrus,,http://berlpap.smb.museum/02997/...,mentioned people,Quittung; Rückzahlung (Teil); Darlehen (Geld und Getreide),,,,,"Berlin, Staatliche Museen P. 11463",,,,,,"Egypt, 00a - Philadelpheia (Gharabet el-Gerza)[found & written]",,,,AD 231 Sep 11,,,,,,,,,,mentioned places,,Greek,,,,,,Z. 7-8:23. Aug. 225,,,,,,,11. Sept. 231,BGU 7 1657,Quittung; Rückzahlung (Teil); Darlehen (Geld und Getreide),,Philadelphia (Arsinoites),,,,,,,,,,,© Heidelberger Gesamtverzeichnis der griechischen Papyrusurkunden Ägyptens. This work is licensed under a Creative Commons Attribution 3.0 License.,,,,,,,,,,,Papyrus,,,,Z. 7-8:23. Aug. 225,,,,Quittung über Teilrückzahlung eines gemischten Darlehens,Papyrus,http://berlpap.smb.museum/02997/...,,,,,,,,"  Αὐ[ρήλ]ιος Ἰούλιος Λυκαρίων οὐετρα-
νὸς καὶ ὡς χρηματίζω Λογγεινίᾳ Νε-
μεσίλλῃ μετὰ κυρίου τοῦ ἀδελφοῦ Οὐαλερίου 
Τούρβωνος χαίρειν. ἀπέσχον παρὰ σοῦ 
5ἀμφʼ ὧν ὀφείλε[ι]ς μοι σὺν τῷ ἀδελφῷ σου 
Τούρβωνι κατὰ χειρόγραφον τελιωθὲν(*)  
διὰ τοῦ ἐντα[ῦθ]α ἀρχείου τῷ τετάρτῳ ἔτι(*)  
Μεσορὴ λ ἐξ [ἀλ]ληλεγγύης ἀργυρίου μὲν 
δραχμῶν δ̣[ι]ακοσίων τεσσαράκοντα 
10καὶ πυροῦ ἀρτά[βα]ς(*) τεσσαρες(*) καὶ κριθῆς ἀρτα-
βῶν(*) τεσσερ[άκ]οντα(*) πέντε καὶ λαχανοσ-
πέρμου μέ[τ(ρων) ἕ]νδεκα ἐπὶ ὑποθήκῃ ταῖς 
ὑ̣π̣αρχούσ[αις ὑμῖ]ν περὶ κώμην Φιλαδέλφι-
αν τῆς Ἡρακ̣λ̣[εί]δ̣ου μερίδ[ο]ς τοῦ Ἀρσινοείτου 
15νομοῦ ἀρού[ραις] πέντε ἐν δυσὶ σφραγεῖσι(*), 
τὸ ἐπιβά̣[λλ]ο̣ν̣ μ̣[έ]ρος τῶ̣ν τε τοῦ ἀργυρί[ου] 
δραχμῶν διακοσίων τεσσαράκοντα καὶ τ̣ο̣ῦ̣ 
πυροῦ ἀρταβῶν τεσσάρων καὶ λαχανοσ-
πέρμου μ̣[έτ]ρων ἕνδ[ε]κα , μένοντός 
20μοι τοῦ λόγου περὶ τῶν τῆς κριθῆς ἀρτα-
βῶν τεσεράκοντα(*) πέντε καὶ ὧν ἑτέρω̣[ν] 
ἔχω ἐκ τούτου τοῦ χειρογράφου πρὸς 
τὸν Τούρβωνα. (hand 2) Ἰούλιος Λυκαρί-
ων ἀπέ[σ]χ̣ον παρὰ τῆς Ν̣ε̣μεσί-
25λλης τὸ ἐπιβάλλον μέρος τῶν 
τοῦ ἀργ̣υ̣ρίου δραχμῶν διακο-
σίων τεσσεράκοντα καὶ πυροῦ 
ἀρταβῶν τεσσάρων καὶ λαχα-
νοσπέρμ[ο]υ μετρα(*) ἕνδεκα καὶ 
30ὡμολόγησα, ὡς πρόκιται. 
(hand 3) (ἔτους) ια Αὐτοκράτορος Καίσαρος Μάρκου Αὐρηλίου Σεουήρου 
Ἀ̣λ̣ε̣ξάνδρου Εὐσεβοῦς Εὐτυχοῦς Σεβαστοῦ Θῶθ ιγ. ","  Αὐρήλιος Ἰούλιος Λυκαρίων οὐετρα-
νὸς καὶ ὡς χρηματίζω Λογγεινίᾳ Νε-
μεσίλλῃ μετὰ κυρίου τοῦ ἀδελφοῦ Οὐαλερίου 
Τούρβωνος χαίρειν. ἀπέσχον παρὰ σοῦ 
5ἀμφʼ ὧν ὀφείλεις μοι σὺν τῷ ἀδελφῷ σου 
Τούρβωνι κατὰ χειρόγραφον τελιωθὲν  
διὰ τοῦ ἐνταῦθα ἀρχείου τῷ τετάρτῳ ἔτι  
Μεσορὴ λ ἐξ ἀλληλεγγύης ἀργυρίου μὲν 
δραχμῶν δ̣ιακοσίων τεσσαράκοντα 
10καὶ πυροῦ ἀρτάβας τεσσαρες καὶ κριθῆς ἀρτα-
βῶν τεσσεράκοντα πέντε καὶ λαχανοσ-
πέρμου μέτρων ἕνδεκα ἐπὶ ὑποθήκῃ ταῖς 
ὑ̣π̣αρχούσαις ὑμῖν περὶ κώμην Φιλαδέλφι-
αν τῆς Ἡρακ̣λ̣είδ̣ου μερίδος τοῦ Ἀρσινοείτου 
15νομοῦ ἀρούραις πέντε ἐν δυσὶ σφραγεῖσι, 
τὸ ἐπιβά̣λλο̣ν̣ μ̣έρος τῶ̣ν τε τοῦ ἀργυρίου 
δραχμῶν διακοσίων τεσσαράκοντα καὶ τ̣ο̣ῦ̣ 
πυροῦ ἀρταβῶν τεσσάρων καὶ λαχανοσ-
πέρμου μ̣έτρων ἕνδεκα , μένοντός 
20μοι τοῦ λόγου περὶ τῶν τῆς κριθῆς ἀρτα-
βῶν τεσεράκοντα πέντε καὶ ὧν ἑτέρω̣ν 
ἔχω ἐκ τούτου τοῦ χειρογράφου πρὸς 
τὸν Τούρβωνα. hand 2 Ἰούλιος Λυκαρί-
ων ἀπέσχ̣ον παρὰ τῆς Ν̣ε̣μεσί-
25λλης τὸ ἐπιβάλλον μέρος τῶν 
τοῦ ἀργ̣υ̣ρίου δραχμῶν διακο-
σίων τεσσεράκοντα καὶ πυροῦ 
ἀρταβῶν τεσσάρων καὶ λαχα-
νοσπέρμου μετρα ἕνδεκα καὶ 
30ὡμολόγησα, ὡς πρόκιται. 
hand 3 ἔτους ια Αὐτοκράτορος Καίσαρος Μάρκου Αὐρηλίου Σεουήρου 
Ἀ̣λ̣ε̣ξάνδρου Εὐσεβοῦς Εὐτυχοῦς Σεβαστοῦ Θῶθ ιγ. ","36.622766,33.0250915",36.622766,33.0250915,33.55957137,8.707431571428572,2
121,,,This work is licensed under a Creative Commons Attribution-NonCommercial 3.0 License.,,,,,Philadelphia,,,,,X 38,,Papyrus,,"P. Cairo Zen. 5 59851 (Edgar, Campbell Cowan; 1940) = PSI 6 630 (Edgar, Campbell Cowan; 1920) = Kloppenborg, The tenants in the vineyard p. 439-442 no. 30 (Kloppenborg Verbin, John S.; 2006)",Account of iron and account of wine,"Kloppenborg, Tenants in the Vineyard (2006), S. 440-441",,Special Register: SR0445,1 papyrus,,http://www.psi-online.it/documents/psi;6;630...,mentioned people,Documentary; Papyri,,Datierung nach dem Rahmen des Zenon - Archivs.,,,"Cairo, Egyptian Museum CG 59851; Florence, Biblioteca Medicea Laurenziana 18101; . other inv.: Florence, Biblioteca Medicea Laurenziana PSI 630",,,P.Cair.Zen.:5:59851,,,"Egypt, 00a - Philadelpheia (Gharabet el-Gerza)[found]; Egypt, 00 - Arsinoites (Fayum)[written]",,,,3rd century BC,,,,,,,,SR0445,,,,Greek,"Pap. Flor. XXIV, Tav. XCI",CG59851,,,,,Zenon son of Agreophon,,,,"Pap. Flor. XXIV, Tav. XCI",,Mitte III v.Chr.,"PSI VI 630 a) Z. 1 - 14, b) Z. 14 - 16",Abrechnung; Liste; Eisen; Wein; Geräte,,Philadelphia? (Arsinoites),"Kloppenborg, Tenants in the Vineyard (2006), S. 440-441",,,,,,,,,,© Heidelberger Gesamtverzeichnis der griechischen Papyrusurkunden Ägyptens. This work is licensed under a Creative Commons Attribution 3.0 License.,,X 38,,,,,,Datierung nach dem Rahmen des Zenon - Archivs.,,,Papyrus,,,,,,,,Account of iron and account of wine,Papyrus,http://www.psi-online.it/documents/psi;6;630...,,,,,,,,"  πρὸς Ἄλκιμον. 
ἔχεις τῆι λϛ στατήρωι 
μνᾶι σκαφεῖα θ ἀφʼ ὧν 
συνεκόπη γ καὶ ἐγενήθησαν β  
5ὥστʼ εἶναι σκαφεῖα η  
δικέλλας ια ἀφʼ ὧν συγκοπεῖσαι 
δ ἐγένοντο β ὥστʼ εἶναι 
δικέλλας θ  
ὁλκῆς τὰ η σκαφεῖα 
10καὶ τὰς θ δικέλλας 
ἀφαιρουμενου(*) \τῆς/ γενομενου(*)  
ἀπουσίας παρὰ τὰ συγκο-
πέντα σκαφεῖα καὶ δικέλλας 
ν̣β̣  ̣[⁦ -ca.?- ⁩] 
-- -- -- -- -- -- -- -- -- --  
15[⁦ -ca.?- ⁩]φερ  ̣  ̣[⁦ -ca.?- ⁩] 
δικέλλας γ ὁλκῆς τῆι 
λβ στατήρωι μνᾶι μν(ᾶς) ι  
στατῆρας γ  
αἳ (γίνονται) τῆι λϛ στατήρωι μ̣ν̣ᾶ̣ι̣ μ̣ν̣(αῖ) θ̣  
20λοιπὰ σκαφεῖα ζ  
δίκελλαι ϛ μν(ῶν) γ\θ/(*)  𐅵  η´  
καὶ στατῆρος α  
πελέκεις β μν(ᾶς) α  𐅵  
δρέπανα μοσχευτικὰ β  
25καὶ σκαλίδες β μν(ῶν) γ  𐅵  
δρέπανα χαρακοκόπα β μν(ᾶς) α  
πρασόκουρον α  η´ (γίνονται) ϛ  η´  
(γίνονται) μν(ᾶι) με  𐅵  δ´ στατὴρ α  ","  πρὸς Ἄλκιμον. 
ἔχεις τῆι λϛ στατήρωι 
μνᾶι σκαφεῖα θ ἀφʼ ὧν 
συνεκόπη γ καὶ ἐγενήθησαν β  
5ὥστʼ εἶναι σκαφεῖα η  
δικέλλας ια ἀφʼ ὧν συγκοπεῖσαι 
δ ἐγένοντο β ὥστʼ εἶναι 
δικέλλας θ  
ὁλκῆς τὰ η σκαφεῖα 
10καὶ τὰς θ δικέλλας 
ἀφαιρουμενου \τῆς/ γενομενου  
ἀπουσίας παρὰ τὰ συγκο-
πέντα σκαφεῖα καὶ δικέλλας 
ν̣β̣  ̣⁦ -ca.?- ⁩ 
-- -- -- -- -- -- -- -- -- --  
15⁦ -ca.?- ⁩φερ  ̣  ̣⁦ -ca.?- ⁩ 
δικέλλας γ ὁλκῆς τῆι 
λβ στατήρωι μνᾶι μνᾶς ι  
στατῆρας γ  
αἳ γίνονται τῆι λϛ στατήρωι μ̣ν̣ᾶ̣ι̣ μ̣ν̣αῖ θ̣  
20λοιπὰ σκαφεῖα ζ  
δίκελλαι ϛ μνῶν γ\θ/  𐅵  η´  
καὶ στατῆρος α  
πελέκεις β μνᾶς α  𐅵  
δρέπανα μοσχευτικὰ β  
25καὶ σκαλίδες β μνῶν γ  𐅵  
δρέπανα χαρακοκόπα β μνᾶς α  
πρασόκουρον α  η´ γίνονται ϛ  η´  
γίνονται μνᾶι με  𐅵  δ´ στατὴρ α  ","36.622766,33.0250915",36.622766,33.0250915,33.55957137,8.707431571428572,2
126,,,© Heidelberger Gesamtverzeichnis der griechischen Papyrusurkunden Ägyptens. This work is licensed under a Creative Commons Attribution 3.0 License.,,,,,Philadelphia,,,,,X 63; XI 74,,Papyrus,,"P. Diog. 28 (Schubert, Paul; 1990)",Vente d’une ânesse,"Migliardi, Vita privata e vita pubblica (1992), 29",,,Papyrus,,http://www.bl.uk/manuscripts/FullDisplay.aspx?ref=Papyrus_25...,mentioned people,Vertrag; Kauf; Eselin,,Zur Datierung vgl. J. Cowey .,,,"London, British Library Pap 2505",,,,,,"Egypt, 00a - Philadelpheia (Gharabet el-Gerza)[written]; Egypt, 00a - Philadelpheia (Gharabet el-Gerza)[found]",,,,"AD 223 Feb 19 (Alexander Severus, year 02, Mecheir 25)",,,,,,,,,,mentioned places,,Greek,,,,,,,"Lucretius Diogenes, Marcus",,,,,,19. Febr. 223,P.Diog. 28,Vertrag; Kauf; Eselin,,Philadelphia (?) (Arsinoites),"Migliardi, Vita privata e vita pubblica (1992), 29",,,,,,,,,,© Heidelberger Gesamtverzeichnis der griechischen Papyrusurkunden Ägyptens. This work is licensed under a Creative Commons Attribution 3.0 License.,,X 63; XI 74,,,,,,Zur Datierung vgl. J. Cowey .,,,Papyrus,,,,,,,,Vente d’une ânesse,Papyrus,http://www.bl.uk/manuscripts/FullDisplay.aspx?ref=Papyrus_25...,,,,,,,,"  Αὐρήλιος Δῖος Σομφθέως 
[ἀ]πὸ Νείλου πόλεως Αὐρηλίῳ Αἰώνι 
[Π]ό̣σει̣τ̣ος ἀπ̣ὸ̣ κ̣ώμ̣ης Φ̣ι̣λ̣α̣δ̣ε̣λ̣φ̣ί̣α̣ς̣ 
τ̣ο̣ῦ̣ Ἀ̣ρσενοείτου νο(μοῦ) χαίρειν̣. ὁ̣μο̣λ̣ο̣γῶ πεπ̣ρ̣α̣-
5κέναι σοι ὄν̣ο̣ν̣ μελένην(*) εγ̣χ  ̣  ̣  ̣  ̣  
τιμῆς δραχμῶν̣ ἑξακοσίων̣ ἅ̣σ̣π̣ε̣ρ̣ 
δ̣ρ̣α̣χμὰς καὶ ἔσχο̣ν̣ διὰ χειρὸς ἀρι̣θ̣μ̣ο̣ῦ̣ π̣λ̣ή̣(ρης) 
καὶ βεβαιώσω ἀπὸ παντὸς τοῦ ἐ̣π̣ε̣λ̣ε̣υ̣σ̣ο̣μ̣έ̣-
νου ἢ ἐμποιησ̣ομένου καὶ ἐπερωτηθεὶ̣ς ὡμ̣ο̣λ̣ό̣-
10γησα. 
(ἔτους) β̣ Αὐτοκράτορος Καίσαρος Μάρκου Αὐρηλίου Σ̣ε̣ο̣υ̣ή̣ρ̣ο̣υ̣ 
Ἀλεξάνδρου Εὐσεβοῦς Εὐτυχοῦς Σεβασ̣τ̣ο̣ῦ, 
Μεχεὶρ κε. Α̣ὐ̣ρ̣ή̣λιος Δῖος Σόμφθ̣ε̣ω̣ς̣ πέ̣π̣ρ̣α̣-
κ̣α̣ καὶ ἀ̣πέσχον τὴν τιμὴν ὡς (πρόκειται). Αὐρήλιος 
15  ̣  ̣  ̣  ̣ ὁ̣ κ̣α̣ὶ̣ τὸ σῶμα γράψας   ̣  ̣  ̣  ̣  
  ̣  ̣  ","  Αὐρήλιος Δῖος Σομφθέως 
ἀπὸ Νείλου πόλεως Αὐρηλίῳ Αἰώνι 
Πό̣σει̣τ̣ος ἀπ̣ὸ̣ κ̣ώμ̣ης Φ̣ι̣λ̣α̣δ̣ε̣λ̣φ̣ί̣α̣ς̣ 
τ̣ο̣ῦ̣ Ἀ̣ρσενοείτου νομοῦ χαίρειν̣. ὁ̣μο̣λ̣ο̣γῶ πεπ̣ρ̣α̣-
5κέναι σοι ὄν̣ο̣ν̣ μελένην εγ̣χ  ̣  ̣  ̣  ̣  
τιμῆς δραχμῶν̣ ἑξακοσίων̣ ἅ̣σ̣π̣ε̣ρ̣ 
δ̣ρ̣α̣χμὰς καὶ ἔσχο̣ν̣ διὰ χειρὸς ἀρι̣θ̣μ̣ο̣ῦ̣ π̣λ̣ή̣ρης 
καὶ βεβαιώσω ἀπὸ παντὸς τοῦ ἐ̣π̣ε̣λ̣ε̣υ̣σ̣ο̣μ̣έ̣-
νου ἢ ἐμποιησ̣ομένου καὶ ἐπερωτηθεὶ̣ς ὡμ̣ο̣λ̣ό̣-
10γησα. 
ἔτους β̣ Αὐτοκράτορος Καίσαρος Μάρκου Αὐρηλίου Σ̣ε̣ο̣υ̣ή̣ρ̣ο̣υ̣ 
Ἀλεξάνδρου Εὐσεβοῦς Εὐτυχοῦς Σεβασ̣τ̣ο̣ῦ, 
Μεχεὶρ κε. Α̣ὐ̣ρ̣ή̣λιος Δῖος Σόμφθ̣ε̣ω̣ς̣ πέ̣π̣ρ̣α̣-
κ̣α̣ καὶ ἀ̣πέσχον τὴν τιμὴν ὡς πρόκειται. Αὐρήλιος 
15  ̣  ̣  ̣  ̣ ὁ̣ κ̣α̣ὶ̣ τὸ σῶμα γράψας   ̣  ̣  ̣  ̣  
  ̣  ̣  ","36.622766,33.0250915",36.622766,33.0250915,33.55957137,8.707431571428572,2
156,,,© Heidelberger Gesamtverzeichnis der griechischen Papyrusurkunden Ägyptens. This work is licensed under a Creative Commons Attribution 3.0 License.,,,,,Philadelphia,,,,,,,Papyrus,,"P. Gen.(2) 1 42 (Schubert, Paul; 2002) = P. Gen. 1 42 (Nicole, Jules; 1906)",Convention des paysans de Philadelphie pour le financement du collège des anciens,,,,Papyrus,,https://archives.bge-geneve.ch/ark:/17786/vta2cef9bef787b2fd...,mentioned people,Vertrag zwischen δημόσιοι γεωργοί; Teilung von Geld,,"Zu Z. 35 vgl. AnalPap 14-15, 2002-2003, S. 386.",,,"Geneva, Bibliothèque Nicole 50",,,,,,"Egypt, 00a - Philadelpheia (Gharabet el-Gerza)[found & written]",,,,"AD 224 Jul 25 (Alexander Severus, year 03, Mesore 01)",,,,,,,,,,mentioned places,,Greek,pl. XLIII,,,,,,,,,,pl. XLIII,,25. Juli 224,P.Gen. 1 (2e éd.) 42,Vertrag zwischen δημόσιοι γεωργοί; Teilung von Geld,,Philadelphia (Arsinoites),,,,,,,,,,,© Heidelberger Gesamtverzeichnis der griechischen Papyrusurkunden Ägyptens. This work is licensed under a Creative Commons Attribution 3.0 License.,,,,,,,,"Zu Z. 35 vgl. AnalPap 14-15, 2002-2003, S. 386.",,,Papyrus,,,,,,,,Convention des paysans de Philadelphie pour le financement du collège des anciens,Papyrus,https://archives.bge-geneve.ch/ark:/17786/vta2cef9bef787b2fd...,,,,,,,,"  [ἔτο]υς τρείτου(*) Αὐτ̣ο̣κ̣ρά[το]ρ̣ος Καίσαρος 
Μ̣άρκου Αὐρηλ[ί]ου Σεουήρου Ἀλεξάνδρου 
[Ε]ὐσεβοῦς Εὐ̣[τ]υχοῦς Σε̣βαστοῦ, Μεσορὴ α. 
Α̣ὐρήλιοι Δι̣[όσ]κορος Πρ̣ε̣ίσκου(*) καὶ Ὧρος 
5[Γ]εμέ̣λλου [καὶ Πε]κῦσις Μούϊτος καὶ Σαρα-
[πί]ω̣ν [  ̣  ̣  ̣  ̣  ̣  ̣] καὶ Νεῖλος Πελπήϊτος κ̣αὶ 
[Π]αβετᾶ[ς] Ἡ̣ρᾶ [καὶ] Παποντῶς Θιᾶτος κ̣αὶ 
[Ἀ]μμών̣ι̣ο̣ς̣ Φ̣α̣ί̣δ̣ρ̣ου καὶ Παιηοῦς̣ Ἀννᾶ 
[κα]ὶ̣ Γεμε̣[λ]λᾶς Ἀντ̣ιφίλου καὶ Παούβεστις 
10[Ἀ]πύγ[χε]ω̣ς καὶ Μυσθῆς Ἀπύγχεως καὶ 
[Ἀ]μμ[ω]νᾶς Πετεεῦτος καὶ Διογένης 
[Π]αν[ετ]βηούιος καὶ Σαραπίων Κρονίω-
ν̣ο[ς καὶ] Ἀ̣πο̣λλὼς Μαννηίου καὶ Στράτιπ-
[πος   ̣  ̣]μᾶς καὶ Κοπρῆς Πᾶσι καὶ Σισῶϊς 
15[  ̣  ̣  ̣  ̣  ̣]  ̣ καὶ Κοπρῆς Ἑρμᾶ καὶ τῶν λοιπῶν(*)  
[δημοσίω]ν(*) καὶ οὐσιακῶν(*) κ̣α̣ὶ̣ προσοδικῶν(*)  
[γεωργ]ῶ̣ν(*) κώμης Φιλαδελφείας· συνέ-
[θε]ν̣το πρ[ὸ]ς ἑαυτοὺς σὺν(*) ἀλλήλοις 
οἱ π̣ρ̣ο̣γεγρ[α]μμένοι δημόσιοι γεοργοὶ(*)  
20[τῆς] πρ[ο]κειμ̣[έν]η̣ς̣ κώμ̣ης, εἰς τὸ συνμέ-
[νει]ν̣ π̣ά̣ντ̣[ε]ς(*)[ καὶ] συνκατάθεσιν(*) πάντες 
π[ε]ποιῆσθα̣[ι ἐ]πὶ τοῦ πάντες διδόντος(*)  
ἕκαστος(*) ἐκ δραχμῶν εἴκοσι τοῖς 
[γ]εναμένοις πρε̣σβοιτεροι(*) τοῦ δ (ἔτους) 
25εἰς σ̣υνπλήρουσιν(*) τῶν γεναμένων 
πρεσβ̣οιτεροι(*) ἀνδρῶν τρειάκοντα(*), 
ἐπὶ τῷ αὐτοὺς μὴ λαμβάνειν πλίωνα(*)  
τῶν τρειάκοντα(*) καὶ μένιν(*) τὸ ἔτιμον(*)  
το̣ῦ φολέτρου(*) καὶ ἄλλων κατὰ τὸ ἔθος· 
30περὶ̣ [δ]ὲ τοῦ ταῦτα ὀρθῶς καὶ καλῶς γεγε-
νῆσθα̣[ι] ἐπερωτηθεὶς(*) ὁμολογοῦμεν. 
Διόσκ[ο]ρ̣ος νομο̣γράφος ἔγραψα τὸ σῶμα 
καὶ ὑπὲρ̣ [α]ὐ̣τῶν̣ γράμματα μὴ̣ εἰδότων. 
Παβετ̣[ᾶς Ἡ]ρᾶ (ἐτῶν) λε οὐλ(ὴ) ὑπὸ γόνατι ἀρισ(τερῷ). 
35(hand 2) [Αὐ]ρ̣ήλ̣[ι]ο̣[ς] Π̣αψόϊς Ἰ(*)γνατίου(*) συνεθέ[μ]ην 
ὡς πρόκιται(*). Αὐρήλιος Ἀμμώνιος σ̣υνεθέ-
μην ὡς πρόκιται(*). Ἁρποκρατίων Διοσ-
κώρου(*) συνεθέμην ὡς πρόκιται(*).","  ἔτους τρείτου Αὐτ̣ο̣κ̣ράτορ̣ος Καίσαρος 
Μ̣άρκου Αὐρηλίου Σεουήρου Ἀλεξάνδρου 
Εὐσεβοῦς Εὐ̣τυχοῦς Σε̣βαστοῦ, Μεσορὴ α. 
Α̣ὐρήλιοι Δι̣όσκορος Πρ̣ε̣ίσκου καὶ Ὧρος 
5Γεμέ̣λλου καὶ Πεκῦσις Μούϊτος καὶ Σαρα-
πίω̣ν   ̣  ̣  ̣  ̣  ̣  ̣ καὶ Νεῖλος Πελπήϊτος κ̣αὶ 
Παβετᾶς Ἡ̣ρᾶ καὶ Παποντῶς Θιᾶτος κ̣αὶ 
Ἀμμών̣ι̣ο̣ς̣ Φ̣α̣ί̣δ̣ρ̣ου καὶ Παιηοῦς̣ Ἀννᾶ 
καὶ̣ Γεμε̣λλᾶς Ἀντ̣ιφίλου καὶ Παούβεστις 
10Ἀπύγχεω̣ς καὶ Μυσθῆς Ἀπύγχεως καὶ 
Ἀμμωνᾶς Πετεεῦτος καὶ Διογένης 
Πανετβηούιος καὶ Σαραπίων Κρονίω-
ν̣ος καὶ Ἀ̣πο̣λλὼς Μαννηίου καὶ Στράτιπ-
πος   ̣  ̣μᾶς καὶ Κοπρῆς Πᾶσι καὶ Σισῶϊς 
15  ̣  ̣  ̣  ̣  ̣  ̣ καὶ Κοπρῆς Ἑρμᾶ καὶ τῶν λοιπῶν  
δημοσίων καὶ οὐσιακῶν κ̣α̣ὶ̣ προσοδικῶν  
γεωργῶ̣ν κώμης Φιλαδελφείας· συνέ-
θεν̣το πρὸς ἑαυτοὺς σὺν ἀλλήλοις 
οἱ π̣ρ̣ο̣γεγραμμένοι δημόσιοι γεοργοὶ  
20τῆς προκειμ̣ένη̣ς̣ κώμ̣ης, εἰς τὸ συνμέ-
νειν̣ π̣ά̣ντ̣ες καὶ συνκατάθεσιν πάντες 
πεποιῆσθα̣ι ἐπὶ τοῦ πάντες διδόντος  
ἕκαστος ἐκ δραχμῶν εἴκοσι τοῖς 
γεναμένοις πρε̣σβοιτεροι τοῦ δ ἔτους 
25εἰς σ̣υνπλήρουσιν τῶν γεναμένων 
πρεσβ̣οιτεροι ἀνδρῶν τρειάκοντα, 
ἐπὶ τῷ αὐτοὺς μὴ λαμβάνειν πλίωνα  
τῶν τρειάκοντα καὶ μένιν τὸ ἔτιμον  
το̣ῦ φολέτρου καὶ ἄλλων κατὰ τὸ ἔθος· 
30περὶ̣ δὲ τοῦ ταῦτα ὀρθῶς καὶ καλῶς γεγε-
νῆσθα̣ι ἐπερωτηθεὶς ὁμολογοῦμεν. 
Διόσκορ̣ος νομο̣γράφος ἔγραψα τὸ σῶμα 
καὶ ὑπὲρ̣ αὐ̣τῶν̣ γράμματα μὴ̣ εἰδότων. 
Παβετ̣ᾶς Ἡρᾶ ἐτῶν λε οὐλὴ ὑπὸ γόνατι ἀριστερῷ. 
35hand 2 Αὐρ̣ήλ̣ιο̣ς Π̣αψόϊς Ἰγνατίου συνεθέμην 
ὡς πρόκιται. Αὐρήλιος Ἀμμώνιος σ̣υνεθέ-
μην ὡς πρόκιται. Ἁρποκρατίων Διοσ-
κώρου συνεθέμην ὡς πρόκιται.","36.622766,33.0250915",36.622766,33.0250915,33.55957137,8.707431571428572,2
157,,,© Heidelberger Gesamtverzeichnis der griechischen Papyrusurkunden Ägyptens. This work is licensed under a Creative Commons Attribution 3.0 License.,,,,,Philadelphia,,,,,XII 75,,Papyrus,,"P. Gen.(2) 1 77 (Schubert, Paul; 2002) = P. Gen. 1 77 (Nicole, Jules; 1906)",Reçu pour le prix d’une production de vin,,,,Papyrus,,https://archives.bge-geneve.ch/ark:/17786/vtaff0db9d094b0e88...,mentioned people,Quittung; Kauf; Preis; Wein,,"Gehört zum Heroninos - Archiv. Gehört zum Dossier des Tesenuphis, S. des Nikon. Vgl. Kongr. XXIII, S. 657-659.",,,"Geneva, Bibliothèque Nicole 28",,,,,,"Egypt, 00a - Philadelpheia (Gharabet el-Gerza)[found & written]",,,,"AD 211 Jul 4 ((Caracalla), year 19, Epeiph 10)",,,,,,,,,,mentioned places,,Greek,pl. LVIII,,,,,,"Tesenouphis son of Nikon, wine merchant",,,,pl. LVIII,,4. Juli 211,P.Gen. 1 (2e éd.) 77,Quittung; Kauf; Preis; Wein,,Philadelphia (Arsinoites),,,,,,,,,,,© Heidelberger Gesamtverzeichnis der griechischen Papyrusurkunden Ägyptens. This work is licensed under a Creative Commons Attribution 3.0 License.,,XII 75,,,,,,"Gehört zum Heroninos - Archiv. Gehört zum Dossier des Tesenuphis, S. des Nikon. Vgl. Kongr. XXIII, S. 657-659.",,,Papyrus,,,,,,,,Reçu pour le prix d’une production de vin,Papyrus,https://archives.bge-geneve.ch/ark:/17786/vtaff0db9d094b0e88...,,,,,,,,"  κ̣α̣τέβα̣λ(εν) ιθ (ἔτους) Ἐπεὶφ ι, εἰς τὸν Οὐαλερίου Κελεαρίου 
τοῦ κ̣α̣ὶ Φιλοξένου λόγο(ν), διὰ Ἀπεῖ χειριστοῦ, 
Τεσενοῦφις οἰνοπώλ(ης) Φιλαδελφείας, ἀπὸ τειμ(*)  
οἴνου γενήματος ιη (ἔτους), ἀργυρίου δραχμὰς 
5τ̣ριακ̣ο̣σίας τεσσαράκοντα τέσσαρες(*) , κέρματο(ς) 
δραχ(μὰς) πεντήκοντα δύο , (γίνονται) ἐ(πὶ τὸ αὐτὸ) (δραχμαὶ) υ.","  κ̣α̣τέβα̣λεν ιθ ἔτους Ἐπεὶφ ι, εἰς τὸν Οὐαλερίου Κελεαρίου 
τοῦ κ̣α̣ὶ Φιλοξένου λόγον, διὰ Ἀπεῖ χειριστοῦ, 
Τεσενοῦφις οἰνοπώλης Φιλαδελφείας, ἀπὸ τειμ  
οἴνου γενήματος ιη ἔτους, ἀργυρίου δραχμὰς 
5τ̣ριακ̣ο̣σίας τεσσαράκοντα τέσσαρες , κέρματος 
δραχμὰς πεντήκοντα δύο , γίνονται ἐπὶ τὸ αὐτὸ δραχμαὶ υ.","36.622766,33.0250915",36.622766,33.0250915,33.55957137,8.707431571428572,2
177,,,© Heidelberger Gesamtverzeichnis der griechischen Papyrusurkunden Ägyptens. This work is licensed under a Creative Commons Attribution 3.0 License.,,,,,Philadelphia,,,,,,,Papyrus,,"P. Iand. Zen. 68 (Schmitz, Philip; 2007)",Abrechnung über Arbeiten in einem Weingarten,,,,Papyrus,,https://papyri.uni-leipzig.de/receive/GiePapyri_schrift_0000...,mentioned people,Abrechnung; Einnahmen und Ausgaben; Arbeiten in einem Weingarten; Löhne,,"Datierung nach dem Rahmen des Zenon - Archivs. Vgl. Bastianini - Casanova, 100 anni di istituzioni fiorentine, S. 41.",,,"Giessen, Universitätsbibliothek P. Iand. 376",,,,,,"Egypt, 00a - Philadelpheia (Gharabet el-Gerza)[found & written]",,,,BC 263 - 229 (cf. the range of the archive),,,,,,,,P.Iand. inv. 376,,mentioned places,,Greek,,,,,,,Zenon son of Agreophon,,,,,,Mitte III v.Chr.,P.Iand. Zen. 68,Abrechnung; Einnahmen und Ausgaben; Arbeiten in einem Weingarten; Löhne,,Philadelphia (Arsinoites),,,,,,,,,,,© Heidelberger Gesamtverzeichnis der griechischen Papyrusurkunden Ägyptens. This work is licensed under a Creative Commons Attribution 3.0 License.,,,,,,,,"Datierung nach dem Rahmen des Zenon - Archivs. Vgl. Bastianini - Casanova, 100 anni di istituzioni fiorentine, S. 41.",P.Iand. inv. 376,,Papyrus,,,,,,,,Abrechnung über Arbeiten in einem Weingarten,Papyrus,https://papyri.uni-leipzig.de/receive/GiePapyri_schrift_0000...,,,,,,,,"  0-- -- -- -- -- -- -- -- -- --  
1παρὰ τοῦ ζυτοποιοῦ (δραχμαὶ) ξ  
μισθὸν τῶν 
Ἑρμογένει εἰ̣[ς] χ̣ά̣ρακα̣ς τὰς̣ ι ἀ̣ν̣ὰ̣ (δραχμὰς)   ̣  ̣[⁦ -ca.?- ⁩] 
⟦ἀρου(ρ ) ι̣⟧ χωρὶς ὧν ἔ̣χ̣ε̣ι̣ πρότερον (δραχμῶν) κε [⁦ -ca.?- ⁩] 
5Εὐεμπόλωι εἰς τὸν βοτανισμὸν [⁦ -ca.?- ⁩] 
των   ̣  ̣  ̣  ̣  ̣  ̣  ̣ ἀμπέλο̣υ̣ τ̣ὰ̣ λ̣ο̣ι̣π̣[ὰ ⁦ -ca.?- ⁩] 
Εὐεμπόλωι [⁦ -ca.?- ⁩] 
ἔ̣χ̣εις τὴν {τ̣α̣} ταφ̣ρ̣είαν τοῦ Ἀνδρο[  ̣  ̣  ̣]  ̣[⁦ -ca.?- ⁩] 
(added at left: αν) [ἀ]μ̣πελῶνο̣ς̣   ̣  ̣ τ̣άφρω̣ν τῶν ἀπὸ βορρᾶ ε̣ἰ̣[ς νότον ⁦ -ca.?- ⁩] 
10ὡς τοῦ σχοινίου (διώβολον) (γίνεται) [⁦ -ca.?- ⁩] 
(added at left:   ̣  ̣) ἀνὰ σχοινία ε̣  ̣  ̣  ̣ καὶ ἀπὸ {ἀπὸ} ἀ̣πηλ̣ιώ[του ⁦ -ca.?- ⁩] 
π̣ρὸς λίβα̣ [- ca.10 -] σχοιν[ι ⁦ -ca.?- ⁩] 
(added at left: μισθοῦ) τ  ̣  ̣  ̣ν[- ca.10 -]   ̣λογησον 
(added at left: καὶ Ἀπολλώνιος) ⁦ vac. ? ⁩ [⁦ -ca.?- ⁩] Traces[⁦ -ca.?- ⁩] 
15(added at left: [  ̣]  ̣  ̣  ̣ ἀ̣φʼ [ὧν] ἔ̣χουσιν   ̣[⁦ -ca.?- ⁩]) 
(added at left:   ̣  ̣  ̣  ̣  ̣  ̣[⁦ -ca.?- ⁩]) 
-- -- -- -- -- -- -- -- -- --  ","  0-- -- -- -- -- -- -- -- -- --  
1παρὰ τοῦ ζυτοποιοῦ δραχμαὶ ξ  
μισθὸν τῶν 
Ἑρμογένει εἰ̣ς χ̣ά̣ρακα̣ς τὰς̣ ι ἀ̣ν̣ὰ̣ δραχμὰς   ̣  ̣⁦ -ca.?- ⁩ 
⟦ἀρουρ  ι̣⟧ χωρὶς ὧν ἔ̣χ̣ε̣ι̣ πρότερον δραχμῶν κε ⁦ -ca.?- ⁩ 
5Εὐεμπόλωι εἰς τὸν βοτανισμὸν ⁦ -ca.?- ⁩ 
των   ̣  ̣  ̣  ̣  ̣  ̣  ̣ ἀμπέλο̣υ̣ τ̣ὰ̣ λ̣ο̣ι̣π̣ὰ ⁦ -ca.?- ⁩ 
Εὐεμπόλωι ⁦ -ca.?- ⁩ 
ἔ̣χ̣εις τὴν {τ̣α̣} ταφ̣ρ̣είαν τοῦ Ἀνδρο  ̣  ̣  ̣  ̣⁦ -ca.?- ⁩ 
added at left: αν ἀμ̣πελῶνο̣ς̣   ̣  ̣ τ̣άφρω̣ν τῶν ἀπὸ βορρᾶ ε̣ἰ̣ς νότον ⁦ -ca.?- ⁩ 
10ὡς τοῦ σχοινίου διώβολον γίνεται ⁦ -ca.?- ⁩ 
added at left:   ̣  ̣ ἀνὰ σχοινία ε̣  ̣  ̣  ̣ καὶ ἀπὸ {ἀπὸ} ἀ̣πηλ̣ιώτου ⁦ -ca.?- ⁩ 
π̣ρὸς λίβα̣ - ca.10 - σχοινι ⁦ -ca.?- ⁩ 
added at left: μισθοῦ τ  ̣  ̣  ̣ν- ca.10 -   ̣λογησον 
added at left: καὶ Ἀπολλώνιος ⁦ vac. ? ⁩ ⁦ -ca.?- ⁩ Traces⁦ -ca.?- ⁩ 
15added at left:   ̣  ̣  ̣  ̣ ἀ̣φʼ ὧν ἔ̣χουσιν   ̣⁦ -ca.?- ⁩ 
added at left:   ̣  ̣  ̣  ̣  ̣  ̣⁦ -ca.?- ⁩ 
-- -- -- -- -- -- -- -- -- --  ","36.622766,33.0250915",36.622766,33.0250915,33.55957137,8.707431571428572,2
298,,,© Heidelberger Gesamtverzeichnis der griechischen Papyrusurkunden Ägyptens. This work is licensed under a Creative Commons Attribution 3.0 License.,,,,,Philadelphia,,,,,; XIII 185,,Papyrus,,"P. Ryl. Gr. 4 583 (Roberts, Colin Henderson / Turner, Eric Gardner; 1952)",Lease of a Vineyard,"Bagnall & Derow, The Hellenistic Period (2004), Nr. 113; Kloppenborg, Tenants in the Vineyard (2006), S. 471-472",,,Papyrus,,,mentioned people,Vertrag; Pacht; Land; Weinberg; Arbeiten,,,,,"Manchester, John Rylands Library Gr. 583",,,,,,"Egypt, 00a - Philadelpheia (Gharabet el-Gerza)[found & written]",,,,"BC 170 Nov 12 (P06 P08 K2 (EP), year 01, Xandikos 09 = Phaophi 09)",,,,,,,,,,mentioned places,,Greek,,,,,,,,,,,,,12. Nov. 170 v.Chr.,P.Ryl. 4 583,Vertrag; Pacht; Land; Weinberg; Arbeiten,,Philadelphia (Arsinoites),"Bagnall & Derow, The Hellenistic Period (2004), Nr. 113; Kloppenborg, Tenants in the Vineyard (2006), S. 471-472",,,,,,,,,,© Heidelberger Gesamtverzeichnis der griechischen Papyrusurkunden Ägyptens. This work is licensed under a Creative Commons Attribution 3.0 License.,,; XIII 185,,,,,,,,,Papyrus,,,,,,,,Lease of a Vineyard,Papyrus,,,,,,,,,"  [βασιλευόντων Πτολεμαίου καὶ Π]τολεμαίου τοῦ ἀδελφοῦ [καὶ] Κλεοπάτρας [τ]ῶν Πτολεμαίου
                              καὶ Κλεοπάτρας θεῶν Ἐπιφανῶν ἔτους πρώτου ἐφʼ ἱερέως τοῦ [ὄντος ἐν Ἀλεξα-]
[νδρείαι Ἀλεξάνδρου καὶ θεῶν Σω]τήρων κ̣α̣ὶ̣ θεῶν Ἀδ[ελ]φῶν καὶ θεῶν Εὐεργετῶν καὶ
                              θεῶν Φιλοπ[ατό]ρων καὶ θεῶν Ἐ̣π̣ι̣φανῶν καὶ θεῶν Φιλομητόρων, [ἀθλοφόρου] 
[Βερενίκης Εὐεργέτιδος κανηφόρο]υ̣ Ἀρσινόης Φιλαδέλφ̣ο̣υ [ἱερ]εί̣α̣ς Ἀρ̣σινό̣[ης]
                              Φιλο̣π̣ά̣τ̣ο̣ρ̣ο̣[ς τ]ῶ̣ν̣ [οὐσ]ῶ̣ν̣ ἐν Ἀ̣[λεξ]α[ν]δ̣ρ̣ε̣ίαι, μηνὸς Ξανδικοῦ ἐνάτηι,
                              Φαῶφι ἐνάτη[ι ἐν Φιλαδελ-]
[φείαι τοῦ Ἀρσινοείτου. ἐμίσθ]ω[σ]εν Νικ̣ό̣μαχ̣ο̣ς Φ[  ̣  ̣  ̣  ̣  ̣ αδου Ἁλικαρ]νασσεὺς διά̣δ̣ο̣χος τ[ο]ῦ π̣α̣τρ[ικο]ῦ κλήρου τὸν ὑπάρχοντα Κράτητι Φειδίμου
                              Ἀρσι[νοείτηι] \Ἀπολλωνίωι Ἀπολλωνίου Πέρσηι τῆς ἐπιγον[ῆς]/ 
5[ἀπὸ Λυκίας τῶν καθʼ(*) αὐτοὺς Παμ]φύλων τα̣κ̣το̣μ̣ί̣σ̣[θωι Ἀ[π]ολ[λωνί]ω̣ι̣ Ἀπολλωνίου̣ [Π]έρ̣ση̣ι τῆς ἐ̣π̣ι̣γονῆς
                              τὸν ὑπάρχοντα αὐτῶι⟧ ἀμπελῶνα ὕφαμμ[ον περὶ τὴν] 
[αὐτὴν Φιλαδέλφειαν ὅς ἐστιν ἀρο]υρῶν ἓ̣ξ̣ ἢ̣ ὅσ̣αι ἐ̣ὰν ὦ̣[σιν] ε̣ἰς τὸ πρῶ[τ]ον
                              ἔτος ἐπὶ μέρει τρίτωι τῶν ἐσομένων ἐν τῶι ἀμπελῶνι τούτωι καρπῶν̣ [πάντων καὶ] 
[γενημάτων ἐφʼ ὧι οἰνοποιηθέντω]ν̣ π̣[άντων τ]ῶ̣ν̣ καρπ̣ῶ̣ν καὶ ἀ̣φ̣α̣ι̣ρ̣εθ̣εί̣σης
                              τῆς καθηούσης(*) ἀπομοίρας εἰς τὸ βασιλικὸν καὶ πατηταῖς καὶ μισθοῦ λήν̣ο[υ καὶ κατὰ] 
[μῆνα τῆς ὀπώρας ἀποδιδομένου] εἰς τὸν γεωργικὸν θίασον ἡμικαδίου τὸ καταλειπόμενον
                              γλε̣ῦκος δ̣ιελ̣ό̣[μενοι] μέρ̣η̣ τρία λήψεται τὰ μὲν δύο μέρη Ν̣[ικόμαχος, τὸ] 
[δὲ τρίτον Ἀπολλώνιος, κέραμον δὲ] ἕκαστος ἑα̣υ̣τῶι χορηγείτω κ̣α̣ὶ̣ τ̣ὸν εἰς τὴν
                              ἀπόμοιραν καθήκοντα κατὰ̣ [τὸ ἐ]π̣ι̣β̣άλλον μέρος τῆς μισθώσεω[ς, τὸν δὲ κέραμον] 
10[ἕκαστος ἑαυτῶι καταφερέτω εἰ]ς̣ τὴν λῆνον καὶ τὸ γλεῦκος ἕκαστος ἑαυτῶι ἀναφερέτω,
                              τὴν δὲ ἀ̣πομο̣[ίρα]ν̣ α[  ̣  ̣  ̣]α̣ρ  ̣[  ̣  ̣  ̣  ̣]  ̣[  ̣]  ̣  ̣  ̣[  ̣]  ̣τ  ̣ωι[  ̣  ̣  ̣]  ̣  
[ -11-13- ] 
[ -24-28- ] κ̣ο̣μισάμ̣ε̣ν̣ο̣ς̣   ̣  ̣ν  ̣[  ̣]α̣[  ̣]ο παρ̣ὰ̣ λ̣ή̣ν̣ου αὐτὸ̣ς̣   ̣  ̣  ̣γραψάτ[ω], τὴν [  ̣  ̣  ̣]  ̣  ̣[  ̣  ̣]  ̣  ̣[  ̣  ̣] κ̣α̣ὶ̣ εἰς τὸ βασιλικὸν ἐκ τοῦ ἰδίο[υ  -11-13- ] 
[ -24-28- ]ν̣  ̣ν̣π̣ε̣[  ̣  ̣  ̣  ̣  ̣]  ̣  ̣[  ̣  ̣  ̣]  ̣τ̣ης κλ̣η̣[  ̣]  ̣  ̣ω̣ρ̣ι̣σ̣α  ̣ι̣την κ̣α̣ὶ̣ τ̣ο̣ὺ̣ς̣ κ̣α̣θ̣ή̣κ̣ο̣ν̣τας π̣ο̣τισμοὺς καὶ τὴν φυλακὴν τῶν κ̣α̣[ρπῶν
                               -7-9- ] 
[ -24-28- ]  ̣δ̣ο̣ς̣ ἐπιμ̣ήνιον ἐπ̣ι̣τ̣ελεί[τ]ω Ἀ[πολλώ]ν̣ι̣ος ἀ̣πὸ̣ τοῦ προγεγραμμένου χρόνου μέχρι
                              τοῦ [ἀ]π̣οκαταστήσασθαι τοῖς ἰδίοις ἀναλώμ[ασιν ὡς συμφέρει τῶι] 
15[τε ἐδάφει καὶ τῆι ἀμπέλωι, τὴν τομ]ὴν τῆς ἀ̣μ̣π̣έλου π̣ο̣[ι]ούμενος μέσην καὶ δικαίαν
                              καὶ τὰ ἀμπελικὰ τῶν νέων ἐργασάσθω ὡς καθήκει καὶ παρεχέ[σθω τὸ ἔδαφος τοῦ χω-]
[ρίου καθαρὸν ἀπὸ ἀνατολῶν καὶ θ]ρ̣ύου καὶ καλάμου καὶ ἀγρώστεως καὶ κ̣ι̣ναίου καλάμου
                              καὶ τῆς ἄλλης δίσης ἐκριζῶν πλὴν τῆς χέρσου τῆς ἐντὸς τ̣ῆ̣ς̣ ἀ̣π̣[οσκαφῆς(?) καὶ] 
[παρεχέσθω τὰς ἀποσκαφὰς διωρυγμ]ένας καὶ καθαρὰς καὶ περιπεφραγμένον τὸ χωρίον καὶ
                              ἀναψάτω τοὺς ὀμβριστῆρας καὶ τὴν ἄφεσιν φραξάτω πρὸς τὸν ς  ̣[- ca.11 -] 
[καὶ εἰσαγέτω αὐτὴν πρὸς τοὺς(?)] π̣οτισμοὺς τοῦ τε κατὰ τὴν συγγραφὴν χρόνου διελθόντος
                              παραδειξάτω τὸ ἔδαφος τοῦ χωρίου καθαρὸν καὶ ἀποσκαφ[ὰς καθαρὰς κα-]
[θὰ διασεσάφηται. ἐὰν δὲ μὴ παρ]αδείξηι ἢ μὴ ἐπιτε[λ]ῆι̣ ἕκαστα τ[ῶ]ν ἔρ[γων] κατ̣ὰ
                              καιρὸν ἢ λίπηι τὴν μίσθωσιν ἀποτεισάτω τῶν μὲν ἔργων ὧν ἂν [μ]ὴ̣ ἐ̣[πιτελῆι κατὰ] 
20[καιρὸν τὸν στοχασθησόμενο]ν ἔσεσ̣θ̣α̣ι̣ μισθὸν ἡμιόλιον καὶ τὸ βλάβος ὃ ἂν καταβλάψηι
                              κατὰ τὸν [χρόν]ον τοῦ λείπειν τὴν μίσθωσιν ἐπίτιμον ἀργυρί̣[ου τάλαντα δύο .] 
[μεταβαλεῖν δὲ Ἀπολλώνιος ἐ]ν τοῖς διαψίλοις με̣[τ]ό̣ρ̣χια πε̣ντή̣κο̣ντα τοῖς ἰδίοις
                              ἀναλώμασιν κ̣α̣ὶ̣ μ̣ε̣τ̣α̣φυτ̣[ε]υ̣σάτω ἐν τῶι αὐτ̣[ῶι] ἔ̣τ̣ε̣ι̣ ἐ̣[ν τῶι κα]θ̣ήκ̣[οντι
                               -11-13- ] 
[- ca.18 - ὅταν δυ]ν̣α̣ταὶ ὦσι̣ν̣ Νικομ[ά]χου ν̣  ̣  ̣α̣ν̣τ̣  ̣[  ̣] τὸν ὁ̣λ̣οκά̣λ̣α̣μον. ἐὰν δὲ μὴ μεταβάληι ἀπ̣ο̣τ̣ε[ισ]άτω ἑκ̣ά̣σ̣τ̣ο̣υ [μετορχίου]
                              ὅ̣τ̣α̣ν̣ [μὴς  -8-10- ] 
[- ca.18 - με]ταφυτ[εῦσ]α̣ι̣ δραχμὰς χιλ̣ί̣ας.   ̣ν̣ δ̣ὲ̣ Ἀ̣π̣ο̣λ̣λ̣ώ̣[νι]ος ω̣ν̣ \η̣ς̣/ ἐ̣ὰ̣ν μ̣ὴ στ[  ̣  ̣  ̣  ̣  ̣  ̣  ̣]λ̣[  ̣  ̣  ̣  ̣  ̣  ̣  ̣]π̣ο̣[⁦ -ca.?- ⁩] 
[- ca.18 - ταξάσθω Ἀπολλώνιο]ς ἐ[κ τοῦ ἰδίου.] ἐὰν δὲ μὴ τάξηται ἀποτε̣ι̣σ[άτω ἡμιόλιον ⁦ -ca.?- ⁩] 
25[- ca.33 - Νικομάχο]υ̣, τὸ δὲ τρίτον Ἀπολλωνίου ἑ[κάστου ⁦ -ca.?- ⁩] 
[- ca.40 - φύλ]α̣κα̣ ἐμβ̣αλεῖν εἰς τ̣ὴ̣ν̣ [  ̣  ̣  ̣  ̣]  ̣  ̣  ̣  ̣[⁦ -ca.?- ⁩] 
[- ca.40 - κ]αθήκοντα ἔργα καθότι καὶ οἱ λ̣οιπο̣ὶ κα[ταμήνιοι ⁦ -ca.?- ⁩] 
[- ca.35 - δόντος] Ν̣ικομάχου ἀμὴν εἰς τὰ ἔργα τοῦ χωρίου [⁦ -ca.?- ⁩] 
[- ca.35 - ἀποτει]σάτω αὐτῆς τιμὴν ἣν ἂν κ̣α̣τ̣ομόση̣ι̣ [Νικόμαχος ⁦ -ca.?- ⁩] 
30[⁦ -ca.?- ⁩] μ̣ηνὶ φαι̣ν̣[⁦ -ca.?- ⁩] 
-- -- -- -- -- -- -- -- -- --  ","  βασιλευόντων Πτολεμαίου καὶ Πτολεμαίου τοῦ ἀδελφοῦ καὶ Κλεοπάτρας τῶν Πτολεμαίου
                              καὶ Κλεοπάτρας θεῶν Ἐπιφανῶν ἔτους πρώτου ἐφʼ ἱερέως τοῦ ὄντος ἐν Ἀλεξα-
νδρείαι Ἀλεξάνδρου καὶ θεῶν Σωτήρων κ̣α̣ὶ̣ θεῶν Ἀδελφῶν καὶ θεῶν Εὐεργετῶν καὶ
                              θεῶν Φιλοπατόρων καὶ θεῶν Ἐ̣π̣ι̣φανῶν καὶ θεῶν Φιλομητόρων, ἀθλοφόρου 
Βερενίκης Εὐεργέτιδος κανηφόρου̣ Ἀρσινόης Φιλαδέλφ̣ο̣υ ἱερεί̣α̣ς Ἀρ̣σινό̣ης
                              Φιλο̣π̣ά̣τ̣ο̣ρ̣ο̣ς τῶ̣ν̣ οὐσῶ̣ν̣ ἐν Ἀ̣λεξανδ̣ρ̣ε̣ίαι, μηνὸς Ξανδικοῦ ἐνάτηι,
                              Φαῶφι ἐνάτηι ἐν Φιλαδελ-
φείαι τοῦ Ἀρσινοείτου. ἐμίσθωσεν Νικ̣ό̣μαχ̣ο̣ς Φ  ̣  ̣  ̣  ̣  ̣ αδου Ἁλικαρνασσεὺς διά̣δ̣ο̣χος τοῦ π̣α̣τρικοῦ κλήρου τὸν ὑπάρχοντα Κράτητι Φειδίμου
                              Ἀρσινοείτηι \Ἀπολλωνίωι Ἀπολλωνίου Πέρσηι τῆς ἐπιγονῆς/ 
5ἀπὸ Λυκίας τῶν καθʼ αὐτοὺς Παμφύλων τα̣κ̣το̣μ̣ί̣σ̣θωι Ἀπολλωνίω̣ι̣ Ἀπολλωνίου̣ Πέρ̣ση̣ι τῆς ἐ̣π̣ι̣γονῆς
                              τὸν ὑπάρχοντα αὐτῶι⟧ ἀμπελῶνα ὕφαμμον περὶ τὴν 
αὐτὴν Φιλαδέλφειαν ὅς ἐστιν ἀρουρῶν ἓ̣ξ̣ ἢ̣ ὅσ̣αι ἐ̣ὰν ὦ̣σιν ε̣ἰς τὸ πρῶτον
                              ἔτος ἐπὶ μέρει τρίτωι τῶν ἐσομένων ἐν τῶι ἀμπελῶνι τούτωι καρπῶν̣ πάντων καὶ 
γενημάτων ἐφʼ ὧι οἰνοποιηθέντων̣ π̣άντων τῶ̣ν̣ καρπ̣ῶ̣ν καὶ ἀ̣φ̣α̣ι̣ρ̣εθ̣εί̣σης
                              τῆς καθηούσης ἀπομοίρας εἰς τὸ βασιλικὸν καὶ πατηταῖς καὶ μισθοῦ λήν̣ου καὶ κατὰ 
μῆνα τῆς ὀπώρας ἀποδιδομένου εἰς τὸν γεωργικὸν θίασον ἡμικαδίου τὸ καταλειπόμενον
                              γλε̣ῦκος δ̣ιελ̣ό̣μενοι μέρ̣η̣ τρία λήψεται τὰ μὲν δύο μέρη Ν̣ικόμαχος, τὸ 
δὲ τρίτον Ἀπολλώνιος, κέραμον δὲ ἕκαστος ἑα̣υ̣τῶι χορηγείτω κ̣α̣ὶ̣ τ̣ὸν εἰς τὴν
                              ἀπόμοιραν καθήκοντα κατὰ̣ τὸ ἐπ̣ι̣β̣άλλον μέρος τῆς μισθώσεως, τὸν δὲ κέραμον 
10ἕκαστος ἑαυτῶι καταφερέτω εἰς̣ τὴν λῆνον καὶ τὸ γλεῦκος ἕκαστος ἑαυτῶι ἀναφερέτω,
                              τὴν δὲ ἀ̣πομο̣ίραν̣ α  ̣  ̣  ̣α̣ρ  ̣  ̣  ̣  ̣  ̣  ̣  ̣  ̣  ̣  ̣  ̣  ̣τ  ̣ωι  ̣  ̣  ̣  ̣  
 -11-13-  
 -24-28-  κ̣ο̣μισάμ̣ε̣ν̣ο̣ς̣   ̣  ̣ν  ̣  ̣α̣  ̣ο παρ̣ὰ̣ λ̣ή̣ν̣ου αὐτὸ̣ς̣   ̣  ̣  ̣γραψάτω, τὴν   ̣  ̣  ̣  ̣  ̣  ̣  ̣  ̣  ̣  ̣  ̣ κ̣α̣ὶ̣ εἰς τὸ βασιλικὸν ἐκ τοῦ ἰδίου  -11-13-  
 -24-28- ν̣  ̣ν̣π̣ε̣  ̣  ̣  ̣  ̣  ̣  ̣  ̣  ̣  ̣  ̣  ̣τ̣ης κλ̣η̣  ̣  ̣  ̣ω̣ρ̣ι̣σ̣α  ̣ι̣την κ̣α̣ὶ̣ τ̣ο̣ὺ̣ς̣ κ̣α̣θ̣ή̣κ̣ο̣ν̣τας π̣ο̣τισμοὺς καὶ τὴν φυλακὴν τῶν κ̣α̣ρπῶν
                               -7-9-  
 -24-28-   ̣δ̣ο̣ς̣ ἐπιμ̣ήνιον ἐπ̣ι̣τ̣ελείτω Ἀπολλών̣ι̣ος ἀ̣πὸ̣ τοῦ προγεγραμμένου χρόνου μέχρι
                              τοῦ ἀπ̣οκαταστήσασθαι τοῖς ἰδίοις ἀναλώμασιν ὡς συμφέρει τῶι 
15τε ἐδάφει καὶ τῆι ἀμπέλωι, τὴν τομὴν τῆς ἀ̣μ̣π̣έλου π̣ο̣ιούμενος μέσην καὶ δικαίαν
                              καὶ τὰ ἀμπελικὰ τῶν νέων ἐργασάσθω ὡς καθήκει καὶ παρεχέσθω τὸ ἔδαφος τοῦ χω-
ρίου καθαρὸν ἀπὸ ἀνατολῶν καὶ θρ̣ύου καὶ καλάμου καὶ ἀγρώστεως καὶ κ̣ι̣ναίου καλάμου
                              καὶ τῆς ἄλλης δίσης ἐκριζῶν πλὴν τῆς χέρσου τῆς ἐντὸς τ̣ῆ̣ς̣ ἀ̣π̣οσκαφῆς? καὶ 
παρεχέσθω τὰς ἀποσκαφὰς διωρυγμένας καὶ καθαρὰς καὶ περιπεφραγμένον τὸ χωρίον καὶ
                              ἀναψάτω τοὺς ὀμβριστῆρας καὶ τὴν ἄφεσιν φραξάτω πρὸς τὸν ς  ̣- ca.11 - 
καὶ εἰσαγέτω αὐτὴν πρὸς τοὺς? π̣οτισμοὺς τοῦ τε κατὰ τὴν συγγραφὴν χρόνου διελθόντος
                              παραδειξάτω τὸ ἔδαφος τοῦ χωρίου καθαρὸν καὶ ἀποσκαφὰς καθαρὰς κα-
θὰ διασεσάφηται. ἐὰν δὲ μὴ παραδείξηι ἢ μὴ ἐπιτελῆι̣ ἕκαστα τῶν ἔργων κατ̣ὰ
                              καιρὸν ἢ λίπηι τὴν μίσθωσιν ἀποτεισάτω τῶν μὲν ἔργων ὧν ἂν μὴ̣ ἐ̣πιτελῆι κατὰ 
20καιρὸν τὸν στοχασθησόμενον ἔσεσ̣θ̣α̣ι̣ μισθὸν ἡμιόλιον καὶ τὸ βλάβος ὃ ἂν καταβλάψηι
                              κατὰ τὸν χρόνον τοῦ λείπειν τὴν μίσθωσιν ἐπίτιμον ἀργυρί̣ου τάλαντα δύο . 
μεταβαλεῖν δὲ Ἀπολλώνιος ἐν τοῖς διαψίλοις με̣τό̣ρ̣χια πε̣ντή̣κο̣ντα τοῖς ἰδίοις
                              ἀναλώμασιν κ̣α̣ὶ̣ μ̣ε̣τ̣α̣φυτ̣ευ̣σάτω ἐν τῶι αὐτ̣ῶι ἔ̣τ̣ε̣ι̣ ἐ̣ν τῶι καθ̣ήκ̣οντι
                               -11-13-  
- ca.18 - ὅταν δυν̣α̣ταὶ ὦσι̣ν̣ Νικομάχου ν̣  ̣  ̣α̣ν̣τ̣  ̣  ̣ τὸν ὁ̣λ̣οκά̣λ̣α̣μον. ἐὰν δὲ μὴ μεταβάληι ἀπ̣ο̣τ̣εισάτω ἑκ̣ά̣σ̣τ̣ο̣υ μετορχίου
                              ὅ̣τ̣α̣ν̣ μὴς  -8-10-  
- ca.18 - μεταφυτεῦσα̣ι̣ δραχμὰς χιλ̣ί̣ας.   ̣ν̣ δ̣ὲ̣ Ἀ̣π̣ο̣λ̣λ̣ώ̣νιος ω̣ν̣ \η̣ς̣/ ἐ̣ὰ̣ν μ̣ὴ στ  ̣  ̣  ̣  ̣  ̣  ̣  ̣λ̣  ̣  ̣  ̣  ̣  ̣  ̣  ̣π̣ο̣⁦ -ca.?- ⁩ 
- ca.18 - ταξάσθω Ἀπολλώνιος ἐκ τοῦ ἰδίου. ἐὰν δὲ μὴ τάξηται ἀποτε̣ι̣σάτω ἡμιόλιον ⁦ -ca.?- ⁩ 
25- ca.33 - Νικομάχου̣, τὸ δὲ τρίτον Ἀπολλωνίου ἑκάστου ⁦ -ca.?- ⁩ 
- ca.40 - φύλα̣κα̣ ἐμβ̣αλεῖν εἰς τ̣ὴ̣ν̣   ̣  ̣  ̣  ̣  ̣  ̣  ̣  ̣⁦ -ca.?- ⁩ 
- ca.40 - καθήκοντα ἔργα καθότι καὶ οἱ λ̣οιπο̣ὶ καταμήνιοι ⁦ -ca.?- ⁩ 
- ca.35 - δόντος Ν̣ικομάχου ἀμὴν εἰς τὰ ἔργα τοῦ χωρίου ⁦ -ca.?- ⁩ 
- ca.35 - ἀποτεισάτω αὐτῆς τιμὴν ἣν ἂν κ̣α̣τ̣ομόση̣ι̣ Νικόμαχος ⁦ -ca.?- ⁩ 
30⁦ -ca.?- ⁩ μ̣ηνὶ φαι̣ν̣⁦ -ca.?- ⁩ 
-- -- -- -- -- -- -- -- -- --  ","36.622766,33.0250915",36.622766,33.0250915,33.55957137,8.707431571428572,2
330,,,© Heidelberger Gesamtverzeichnis der griechischen Papyrusurkunden Ägyptens. This work is licensed under a Creative Commons Attribution 3.0 License.,,,,,Philadelphia,,,,,IX 313; X 238,,Papyrus,,"PSI 4 375 (Gentilli, Guido; 1917)",Peisikles e Nikandros a Zenon,,,,Papyrus,,http://www.psi-online.it/documents/psi;4;375...,mentioned people,"Brief (privat); Peisikles und Nikandros an Zenon; Geld für Sesam; Bank; Vekauf (Haus, Weingarten)",,Gehört zum Zenon - Archiv. Datierung nach dem Makedonischen Jahr.,,,"Florence, Biblioteca Medicea Laurenziana 10728; . other inv.: Florence, Biblioteca Medicea Laurenziana PSI 375",,,,,,"Egypt, 00a - Philadelpheia (Gharabet el-Gerza)[found]; Egypt, 00 - Arsinoites (Fayum)[written]",,,,"BC 250 Oct 7 (P02, year 36, Panemos 26)",,,,,,,,,,,,Greek,,,,,,Z. 11:24. Okt. 250 v.Chr.,Zenon son of Agreophon,,,,,,7. Okt. 250 v.Chr.,PSI 4 375,"Brief (privat); Peisikles und Nikandros an Zenon; Geld für Sesam; Bank; Vekauf (Haus, Weingarten)",,Philadelphia (Arsinoites),,,,,,,,,,,© Heidelberger Gesamtverzeichnis der griechischen Papyrusurkunden Ägyptens. This work is licensed under a Creative Commons Attribution 3.0 License.,,IX 313; X 238,,,,,,Gehört zum Zenon - Archiv. Datierung nach dem Makedonischen Jahr.,,,Papyrus,,,,Z. 11:24. Okt. 250 v.Chr.,,,,Peisikles e Nikandros a Zenon,Papyrus,http://www.psi-online.it/documents/psi;4;375...,,,,,,,,"  Πεισικλῆς Νίκανδρος Ζήνωνι χαίρειν. εἰ ἔρρωσαι, καλῶς ἂν ἔχοι· 
ὑγιαίνομεν δὲ καὶ αὐτοί. ἔγραψας ἡμῖν ὅτι οὐ δυνατὸν εἴη κομίσασθαι 
ἀπὸ τῆς τραπέζης τοῦ σησάμου τὴν τιμήν. ἀνήγγελλεν δʼ ἡμῖν καὶ 
Διόγνητος ὃν τρόπον ἐφιλοτιμήθης περὶ ἡμῶν, ὅπως μὴ ἀπολέσωμεν 
5τὸ κερμάτιον. σὺ οὖν, ὥσπερ καὶ τὰ λοιπὰ ἡμῖν συναγήγοχας, καὶ περὶ 
τοῦ λοιποῦ κερματίου φρόντισον ὅπως ἂν κομισθῆι, ὡς ἄμ(*) ποτε δυνατὸν ἦι. 
καὶ τὴν οἰκίαν δὲ καὶ τὸ ἀμπελωνίδιον, περὶ ὧν γράφεις ἡμῖν, ὡς ἄν σοι 
καιρὸς γένηται διάθου, ὅπως ἂν ἔχωμ[εν κ]αὶ ἡμεῖς χαλκοὺς εἰς 
ἀνήλωμα. 
10[ἔρ]ρωσο. (ἔτους) λϛ, Πανήμου κϛ. ","  Πεισικλῆς Νίκανδρος Ζήνωνι χαίρειν. εἰ ἔρρωσαι, καλῶς ἂν ἔχοι· 
ὑγιαίνομεν δὲ καὶ αὐτοί. ἔγραψας ἡμῖν ὅτι οὐ δυνατὸν εἴη κομίσασθαι 
ἀπὸ τῆς τραπέζης τοῦ σησάμου τὴν τιμήν. ἀνήγγελλεν δʼ ἡμῖν καὶ 
Διόγνητος ὃν τρόπον ἐφιλοτιμήθης περὶ ἡμῶν, ὅπως μὴ ἀπολέσωμεν 
5τὸ κερμάτιον. σὺ οὖν, ὥσπερ καὶ τὰ λοιπὰ ἡμῖν συναγήγοχας, καὶ περὶ 
τοῦ λοιποῦ κερματίου φρόντισον ὅπως ἂν κομισθῆι, ὡς ἄμ ποτε δυνατὸν ἦι. 
καὶ τὴν οἰκίαν δὲ καὶ τὸ ἀμπελωνίδιον, περὶ ὧν γράφεις ἡμῖν, ὡς ἄν σοι 
καιρὸς γένηται διάθου, ὅπως ἂν ἔχωμεν καὶ ἡμεῖς χαλκοὺς εἰς 
ἀνήλωμα. 
10ἔρρωσο. ἔτους λϛ, Πανήμου κϛ. ","36.622766,33.0250915",36.622766,33.0250915,33.55957137,8.707431571428572,2
331,,,© Heidelberger Gesamtverzeichnis der griechischen Papyrusurkunden Ägyptens. This work is licensed under a Creative Commons Attribution 3.0 License.,,,,,Philadelphia,,,,,IX 314; X 238,,Papyrus,,"PSI 4 386 (Gentilli, Guido; 1917)",Frammento di lettera a Zenon,,,,Papyrus,,http://www.psi-online.it/documents/psi;4;386...,mentioned people,"Fragment; Brief; N.N. an Zenon; Zahlung (Wein, ἐννόμιον)",,Gehört zum Zenon - Archiv.,,,"Florence, Biblioteca Medicea Laurenziana 10739; . other inv.: Florence, Biblioteca Medicea Laurenziana PSI 386",,,,,,"Egypt, 00a - Philadelpheia (Gharabet el-Gerza)[destination]; Egypt, 00a - Philadelpheia (Gharabet el-Gerza)[found]; Egypt, 00 - Arsinoites (Fayum)[written]",,,,"BC 245 Nov 8 (P03, year 03, Thoth 17)",,,,,,,,,,mentioned places,,Greek,"Pap.Flor. XXIV, Tav. XIII",,,,,Z. 26:247 - 246 v.Chr. Z. 36:246 - 245 v.Chr.,Zenon son of Agreophon,,,,"Pap.Flor. XXIV, Tav. XIII",,8. Nov. 245 v.Chr.,PSI 4 386,"Fragment; Brief; N.N. an Zenon; Zahlung (Wein, ἐννόμιον)",,Philadelphia (Arsinoites),,,,,,,,,,,© Heidelberger Gesamtverzeichnis der griechischen Papyrusurkunden Ägyptens. This work is licensed under a Creative Commons Attribution 3.0 License.,,IX 314; X 238,,,,,,Gehört zum Zenon - Archiv.,,,Papyrus,,,,Z. 26:247 - 246 v.Chr. Z. 36:246 - 245 v.Chr.,,,,Frammento di lettera a Zenon,Papyrus,http://www.psi-online.it/documents/psi;4;386...,,,,,,,,"  -- -- -- -- -- -- -- -- -- --  
6Traces 6 lines  
7... γράφει̣ Ἰ̣άσων(*) Πύθωνι   ̣  ̣  
  ̣  ̣ν̣ διαγραφῆι ἀποδιαγράψαι 
δι  ̣  ̣  ̣  ̣ων τῶν ἡμετέρων 
10  ̣  ̣  ̣  ̣α̣ς̣ διαγραφῆς καὶ 
  ̣  ̣  ̣ουν̣ ἐ̣γράψαμ̣[ε]ν ἀπὸ τῆς τιμῆς 
τ̣ο̣ῦ̣ ο̣ἴ̣ν̣ου διαγ̣ρ̣[ά]ψ̣αι \ἐὰν χρεία ἦι/ ἕω̣ς (δραχμὰς) σ  
⟦κ̣α̣ὶ̣ ἐμ(*) Φιλαδε⟧ ἐμ(*) Φιλαλελφείαι(*)  
τ̣ε̣θ̣είκ̣α̣μ̣ε̣ν(?)(*) ἐπὶ τῆς τραπέζης 
15[Ἑρμα(?)]φίλωι ἀργυρίου (δραχμὰς) ρ  
π̣ερὶ ὧν καὶ Πύθωνι γέγραφεν. 
⟦καλῶς ο̣ὖ̣ν̣ π̣οιήσεις⟧ γεγράφα-
μεν δὲ καὶ π̣λ̣είω ⟦τ̣ῶ̣ι⟧ Ἑρμαφίλωι 
ὅπως ἂν τὸ λοιπὸν τῆς τιμῆς 
20διαγράψηι [  ̣  ̣  ̣  ̣  ̣] κ̣α̣ὶ ἄν τι δια-
γράφηι εἰς [⁦ -ca.?- ⁩] 
καλῶς [οὖν ποιήσεις (?)⁦ -ca.?- ⁩] 
τὸ σύμβολ[ον   ̣  ̣  ̣  ̣]α̣ς καὶ ἀν̣τ̣-
αποδοὺς το  ̣[  ̣]  ̣[⁦ -ca.?- ⁩] 
25διαγράψας εἰς τὰ διὰ Δημητρίου 
26aἐννόμιον τῶν Ζήνωνος αἰγῶν   
τὸ λοιπὸν τοῦ λθ (ἔτους) μγ  (πεντώβολον)  
καὶ τοῦ [β (ἔτους)] τ  
[⁦ -ca.?- ⁩] (δραχμαὶ) τμγ  (πεντώβολον)  
[1 line missing] 
30εως Traces  
ἀνθομολογήσασθαι. φέρουσι γὰρ 
πλείω. τὸ δὲ καθʼ ἓν συνανα-
\φέρομεν/(*) τῶν ὑπὸ το  ̣  ̣  ̣  ̣ε̣ν. 
ἔρρωσο. (ἔτους) γ, Θωὺθ ιζ. 
35διὰ Δημητρίου ἐννόμιον ἀγῶν 
τοῦ β (ἔτους) τμα  (διώβολον)  
φυλακιτικὸν ἱερεί̣ων ε  (πεντώβολον)  
καὶ τοῦ λθ (ἔτους) \τὸ λοιπὸν/ ἐννόμιον μγ  (πεντώβολον)  
φυλακιτικὸν κα  
40[κα]ὶ ἐξ ἐπιζητή[σ]ε̣[ως] αἰγῶν ν  ̣  σνδ  
(γίνονται) χξβ  (ὀβολὸς)  ","  -- -- -- -- -- -- -- -- -- --  
6Traces 6 lines  
7... γράφει̣ Ἰ̣άσων Πύθωνι   ̣  ̣  
  ̣  ̣ν̣ διαγραφῆι ἀποδιαγράψαι 
δι  ̣  ̣  ̣  ̣ων τῶν ἡμετέρων 
10  ̣  ̣  ̣  ̣α̣ς̣ διαγραφῆς καὶ 
  ̣  ̣  ̣ουν̣ ἐ̣γράψαμ̣εν ἀπὸ τῆς τιμῆς 
τ̣ο̣ῦ̣ ο̣ἴ̣ν̣ου διαγ̣ρ̣άψ̣αι \ἐὰν χρεία ἦι/ ἕω̣ς δραχμὰς σ  
⟦κ̣α̣ὶ̣ ἐμ Φιλαδε⟧ ἐμ Φιλαλελφείαι  
τ̣ε̣θ̣είκ̣α̣μ̣ε̣ν? ἐπὶ τῆς τραπέζης 
15Ἑρμα?φίλωι ἀργυρίου δραχμὰς ρ  
π̣ερὶ ὧν καὶ Πύθωνι γέγραφεν. 
⟦καλῶς ο̣ὖ̣ν̣ π̣οιήσεις⟧ γεγράφα-
μεν δὲ καὶ π̣λ̣είω ⟦τ̣ῶ̣ι⟧ Ἑρμαφίλωι 
ὅπως ἂν τὸ λοιπὸν τῆς τιμῆς 
20διαγράψηι   ̣  ̣  ̣  ̣  ̣ κ̣α̣ὶ ἄν τι δια-
γράφηι εἰς ⁦ -ca.?- ⁩ 
καλῶς οὖν ποιήσεις ?⁦ -ca.?- ⁩ 
τὸ σύμβολον   ̣  ̣  ̣  ̣α̣ς καὶ ἀν̣τ̣-
αποδοὺς το  ̣  ̣  ̣⁦ -ca.?- ⁩ 
25διαγράψας εἰς τὰ διὰ Δημητρίου 
26aἐννόμιον τῶν Ζήνωνος αἰγῶν   
τὸ λοιπὸν τοῦ λθ ἔτους μγ  πεντώβολον  
καὶ τοῦ β ἔτους τ  
⁦ -ca.?- ⁩ δραχμαὶ τμγ  πεντώβολον  
1 line missing 
30εως Traces  
ἀνθομολογήσασθαι. φέρουσι γὰρ 
πλείω. τὸ δὲ καθʼ ἓν συνανα-
\φέρομεν/ τῶν ὑπὸ το  ̣  ̣  ̣  ̣ε̣ν. 
ἔρρωσο. ἔτους γ, Θωὺθ ιζ. 
35διὰ Δημητρίου ἐννόμιον ἀγῶν 
τοῦ β ἔτους τμα  διώβολον  
φυλακιτικὸν ἱερεί̣ων ε  πεντώβολον  
καὶ τοῦ λθ ἔτους \τὸ λοιπὸν/ ἐννόμιον μγ  πεντώβολον  
φυλακιτικὸν κα  
40καὶ ἐξ ἐπιζητήσε̣ως αἰγῶν ν  ̣  σνδ  
γίνονται χξβ  ὀβολὸς  ","36.622766,33.0250915",36.622766,33.0250915,33.55957137,8.707431571428572,2
332,,,© Heidelberger Gesamtverzeichnis der griechischen Papyrusurkunden Ägyptens. This work is licensed under a Creative Commons Attribution 3.0 License.,,,,,Philadelphia,,,,,VIII 397,,Papyrus,,"PSI 4 396 (Gentilli, Guido; 1917)",Prosangelma di Zenon al Phylakites,,,,Papyrus,,http://www.psi-online.it/documents/psi;4;396...,mentioned people,Anzeige; Diebstahl (Wein),,Gehört zum Zenon - Archiv.,,,"Florence, Biblioteca Medicea Laurenziana 10748; . other inv.: Florence, Biblioteca Medicea Laurenziana PSI 396",,,,,,"Egypt, 00a - Philadelpheia (Gharabet el-Gerza)[written]; Egypt, 00a - Philadelpheia (Gharabet el-Gerza)[find place & destination]",,,,"BC 241 Nov 21 - Dec 20 (P03, year 07, Phaophi [ ])",,,,,,,,,,mentioned places,,Greek,,,,,,,Zenon son of Agreophon,,,,,,21. Nov. - 20. Dez. 241 v.Chr.,PSI 4 396,Anzeige; Diebstahl (Wein),,Philadelphia (Arsinoites),,,,,,,,,,,© Heidelberger Gesamtverzeichnis der griechischen Papyrusurkunden Ägyptens. This work is licensed under a Creative Commons Attribution 3.0 License.,,VIII 397,,,,,,Gehört zum Zenon - Archiv.,,,Papyrus,,,,,,,,Prosangelma di Zenon al Phylakites,Papyrus,http://www.psi-online.it/documents/psi;4;396...,,,,,,,,"  (ἔτους) ζ, Φαῶφι [⁦ -ca.?- ⁩] 
(ἔτους) ζ, Φαῶφι̣ [⁦ -ca.?- ⁩]. προσάγγελμα παρὰ 
Ζήνωνος Ὥρωι φυλακίτη̣ι̣ Φ[ι]λαδελφείας. 
τῆι δευτέραι τῆς νυκτὸς ὑπερβάντες 
5τι̣ν̣ὲς ⟦καὶ⟧ δ̣[  ̣  ̣  ̣  ̣  ̣  ̣  ̣  ̣]  ̣  ̣  ̣ην τοῦ οἰνῶνος 
  ̣[  ̣]ι̣ εν το̣ῖ̣ς (?)[- ca.12 - ἀ(?)]φελόντες 
τὰς σφραγῖδας [ -20-22- ] 
θύραν τὴν ἐφεστηκυῖ̣α̣[ν ἐ]π̣ὶ τῆς προσ̣-
τάδος τῶν καμίνων(*) οὗ οἶνος κεῖταί μου 
10καὶ ἀνοίξαντες τ[ὴν αὐλε]ίαν θύραν 
ὤιχοντο ἔχοντ[ες οἴνου] κεράμια 
δεκαεννέα . ἀξί̣α ἀ̣[ν(ὰ) κερ(άμιον) χα]λκοῦ (δραχμῶν) δέκα . ","  ἔτους ζ, Φαῶφι ⁦ -ca.?- ⁩ 
ἔτους ζ, Φαῶφι̣ ⁦ -ca.?- ⁩. προσάγγελμα παρὰ 
Ζήνωνος Ὥρωι φυλακίτη̣ι̣ Φιλαδελφείας. 
τῆι δευτέραι τῆς νυκτὸς ὑπερβάντες 
5τι̣ν̣ὲς ⟦καὶ⟧ δ̣  ̣  ̣  ̣  ̣  ̣  ̣  ̣  ̣  ̣  ̣  ̣ην τοῦ οἰνῶνος 
  ̣  ̣ι̣ εν το̣ῖ̣ς ?- ca.12 - ἀ?φελόντες 
τὰς σφραγῖδας  -20-22-  
θύραν τὴν ἐφεστηκυῖ̣α̣ν ἐπ̣ὶ τῆς προσ̣-
τάδος τῶν καμίνων οὗ οἶνος κεῖταί μου 
10καὶ ἀνοίξαντες τὴν αὐλείαν θύραν 
ὤιχοντο ἔχοντες οἴνου κεράμια 
δεκαεννέα . ἀξί̣α ἀ̣νὰ κεράμιον χαλκοῦ δραχμῶν δέκα . ","36.622766,33.0250915",36.622766,33.0250915,33.55957137,8.707431571428572,2
333,,,© Heidelberger Gesamtverzeichnis der griechischen Papyrusurkunden Ägyptens. This work is licensed under a Creative Commons Attribution 3.0 License.,,,,,Philadelphia,,,,,X 240,,Papyrus,,"PSI 5 508 (Gentilli, Guido; 1917)",A Zenon,,,,Papyrus,,http://www.psi-online.it/documents/psi;5;508...,mentioned people,"Brief (privat); N.N. an Zenon; Liste (Weinberg, Wein); Namen",,Gehört zum Zenon - Archiv.,,,"Florence, Biblioteca Medicea Laurenziana 14447; . other inv.: Florence, Biblioteca Medicea Laurenziana PSI 508",,,,,,"Egypt, 00a - Philadelpheia (Gharabet el-Gerza)[found]; Egypt, 00 - Arsinoites (Fayum)[written]",,,,"BC 256 Dec 3 ((P02), year 30, Phaophi 09)",,,,,,,,,,mentioned places,,Greek,"Pap.Flor. XXIV, Tav. XXXVIII",,,,,,Zenon son of Agreophon,,,,"Pap.Flor. XXIV, Tav. XXXVIII",,3. Dez. 256 v.Chr.,PSI 5 508,"Brief (privat); N.N. an Zenon; Liste (Weinberg, Wein); Namen",,Philadelphia (Arsinoites),,,,,,,,,,,© Heidelberger Gesamtverzeichnis der griechischen Papyrusurkunden Ägyptens. This work is licensed under a Creative Commons Attribution 3.0 License.,,X 240,,,,,,Gehört zum Zenon - Archiv.,,,Papyrus,,,,,,,,A Zenon,Papyrus,http://www.psi-online.it/documents/psi;5;508...,,,,,,,,"  [  ̣  ̣  ̣]ων  ̣[  ̣]  ̣ς̣[- ca.10 -] 
ὑπογέγραφά σοι τῶν 
ἀμπελώνων, ὧν ἠγόρα-
κε Δᾶμις, τὸ καθʼ ἓν καὶ 
5πόσου ἕκαστόν ἐστιν. 
ἐπίστειλον οὖμ(*) μοι ἐγδε-
χόμενος [ὑπ]ὲρ αὐτοῦ καὶ π[ρο]σ̣-
ταξει ὅπως ὁ οἶνος ⟦σοι⟧ ἀφεθῆι. 
εἰ δέ τινος ἰδίαι \ἀπʼ αὐτοῦ/ χρείαν ἔχεις, ἀπόστει-
10λόν τινα ὧι δώσομεν. 
ἔρρωσο. (ἔτους) λ, Φαῶφι θ. 
ἐκ τοῦ Φανεύ̣ιος ἀπὸ (δραχμῶν) ρπ  
τὸ τρίτον μέρος ξ  
καὶ ἐκ τοῦ Ἀμφιστράτου ἀπὸ σι  
15ὡσαύτως ο  
ἐκ τοῦ Ὥρου [τοῦ] Ἀμῶτος(*) ἀπὸ [ρμε] 
ὡσαύτως μη  (διώβολον)  
ἐκ τ[ο]ῦ̣ ἱ̣ε̣ρ̣ο̣ῦ̣ [ἀ]πὸ φν τὸ ἥμυσυ(*)  σοε  
  ̣[  ̣  ̣  ̣]νγ[⁦ -ca.?- ⁩] 
20τῶι̣ κατα[  ̣  ̣  ̣]χινη[  ̣]  ̣σεη[⁦ -ca.?- ⁩] 
ἀπὸ Αμϛ  (διωβόλου) τὸ ἥμυσυ(*)  φκγ  (ὀβολὸς)  ","    ̣  ̣  ̣ων  ̣  ̣  ̣ς̣- ca.10 - 
ὑπογέγραφά σοι τῶν 
ἀμπελώνων, ὧν ἠγόρα-
κε Δᾶμις, τὸ καθʼ ἓν καὶ 
5πόσου ἕκαστόν ἐστιν. 
ἐπίστειλον οὖμ μοι ἐγδε-
χόμενος ὑπὲρ αὐτοῦ καὶ προσ̣-
ταξει ὅπως ὁ οἶνος ⟦σοι⟧ ἀφεθῆι. 
εἰ δέ τινος ἰδίαι \ἀπʼ αὐτοῦ/ χρείαν ἔχεις, ἀπόστει-
10λόν τινα ὧι δώσομεν. 
ἔρρωσο. ἔτους λ, Φαῶφι θ. 
ἐκ τοῦ Φανεύ̣ιος ἀπὸ δραχμῶν ρπ  
τὸ τρίτον μέρος ξ  
καὶ ἐκ τοῦ Ἀμφιστράτου ἀπὸ σι  
15ὡσαύτως ο  
ἐκ τοῦ Ὥρου τοῦ Ἀμῶτος ἀπὸ ρμε 
ὡσαύτως μη  διώβολον  
ἐκ τοῦ̣ ἱ̣ε̣ρ̣ο̣ῦ̣ ἀπὸ φν τὸ ἥμυσυ  σοε  
  ̣  ̣  ̣  ̣νγ⁦ -ca.?- ⁩ 
20τῶι̣ κατα  ̣  ̣  ̣χινη  ̣  ̣σεη⁦ -ca.?- ⁩ 
ἀπὸ Αμϛ  διωβόλου τὸ ἥμυσυ  φκγ  ὀβολὸς  ","36.622766,33.0250915",36.622766,33.0250915,33.55957137,8.707431571428572,2
334,,,© Heidelberger Gesamtverzeichnis der griechischen Papyrusurkunden Ägyptens. This work is licensed under a Creative Commons Attribution 3.0 License.,,,,,Philadelphia,,,,,X 240,,Papyrus,,"PSI 5 512 (Gentilli, Guido; 1917) = Norsa, Scritture documentarie I p. 6 (Norsa, Medea; 1929)",Sosias a Zenon,,,,Papyrus,,http://www.psi-online.it/documents/psi;5;512...,mentioned people,"Brief (privat); Sosias an Zenon; Bericht (Verkauf von Honig, Wein)",,Gehört zum Zenon - Archiv. Datierung nach dem makedonischen Regierungsjahr.,,,"Florence, Biblioteca Medicea Laurenziana 14451; . other inv.: Florence, Biblioteca Medicea Laurenziana PSI 512",,,,,,"Egypt, 00a - Philadelpheia (Gharabet el-Gerza)[destination]; Egypt, 00a - Philadelpheia (Gharabet el-Gerza)[found]; Egypt, 00 - Arsinoites (Fayum)[written]",,,,"BC 253 Jul 3 (P02, year 33, Pachons 12)",,,,,,,,,,mentioned places,,Greek,"Norsa, Scritture documentarie, Tav. IV (Z. 1 - 26)",,,,,Z. 32:4. Juli 253 v.Chr.,Zenon son of Agreophon,,,,"Norsa, Scritture documentarie, Tav. IV (Z. 1 - 26)",,3. Juli 253 v.Chr.,PSI 5 512,"Brief (privat); Sosias an Zenon; Bericht (Verkauf von Honig, Wein)",,Philadelphia (Arsinoites),,,,,,,,,,,© Heidelberger Gesamtverzeichnis der griechischen Papyrusurkunden Ägyptens. This work is licensed under a Creative Commons Attribution 3.0 License.,,X 240,,,,,,Gehört zum Zenon - Archiv. Datierung nach dem makedonischen Regierungsjahr.,,,Papyrus,,,,Z. 32:4. Juli 253 v.Chr.,,,,Sosias a Zenon,Papyrus,http://www.psi-online.it/documents/psi;5;512...,,,,,,,,"  Σωσίας Ζήνωνι χαίρειν. 
ἔγραψάς μοι ἀγοράσαι 
παραλαβόντα Θεόφιλον 
μέλιτος μετρητὰς ε. 
5ὁ μὲν οὖν Θεόφιλος οὐκ ἐνε-
δήμει, ἐγὼ δὲ πρὸ̣ς τοὺς 
μελισσοργοὺς(*) ἐπορεύθην 
ὅπως ἂν εἰδήσω ὡς πω-
λῖται(*). εὑρίσκομεν οὖν ὂν 
10τὸν μετρητὴν (δραχμῶν) λζ. 
ἔγραψα οὖν σοι ὅπως εἰ-
δῇς. ἐμοὶ δὲ οὔπω πα-
ράκιται(*) κ̣[έ]ρμα ἀπὸ τοῦ 
οἴνου, ἀλλ̣ὰ καὶ ὃ ἐδα-
15νισάμεν(*) παρʼ Ἀθηναίου 
τοῦ παρὰ Πύθωνος, κα-
θάπερ σοι εἴπαμ̣εν ὅ̣τι 
δεῖ με δανισάμενον(*) (δραχμὰς) ρ  
ἐπιχ̣έαι ἐπὶ τὸν οἶνον, οὔ-
20πω̣ ἀποδέδωκα· 
ἀλλὰ τὸν μὲν εἰς Τά-
νιν ἀναγκάζομαι 
μεταφέρειν, δὸν(*) δὲ καὶ̣ 
εἰς Φ̣ιλαδέλφειαν, τὸν 
25δὲ αὐτοῦ εἰς πίστιν 
διδόναι· λύει γ̣ὰρ ἡ̣-
μ̣[- ca.9 -]  ̣[  ̣]  ̣τιον 
διαπεσεῖν. εὖ οὖν γί-
νωσκέ με ἀνδριζόμε-
30νον. ἔρρωσο. (ἔτους) λγ, 
Παχὼνς ιβ. ","  Σωσίας Ζήνωνι χαίρειν. 
ἔγραψάς μοι ἀγοράσαι 
παραλαβόντα Θεόφιλον 
μέλιτος μετρητὰς ε. 
5ὁ μὲν οὖν Θεόφιλος οὐκ ἐνε-
δήμει, ἐγὼ δὲ πρὸ̣ς τοὺς 
μελισσοργοὺς ἐπορεύθην 
ὅπως ἂν εἰδήσω ὡς πω-
λῖται. εὑρίσκομεν οὖν ὂν 
10τὸν μετρητὴν δραχμῶν λζ. 
ἔγραψα οὖν σοι ὅπως εἰ-
δῇς. ἐμοὶ δὲ οὔπω πα-
ράκιται κ̣έρμα ἀπὸ τοῦ 
οἴνου, ἀλλ̣ὰ καὶ ὃ ἐδα-
15νισάμεν παρʼ Ἀθηναίου 
τοῦ παρὰ Πύθωνος, κα-
θάπερ σοι εἴπαμ̣εν ὅ̣τι 
δεῖ με δανισάμενον δραχμὰς ρ  
ἐπιχ̣έαι ἐπὶ τὸν οἶνον, οὔ-
20πω̣ ἀποδέδωκα· 
ἀλλὰ τὸν μὲν εἰς Τά-
νιν ἀναγκάζομαι 
μεταφέρειν, δὸν δὲ καὶ̣ 
εἰς Φ̣ιλαδέλφειαν, τὸν 
25δὲ αὐτοῦ εἰς πίστιν 
διδόναι· λύει γ̣ὰρ ἡ̣-
μ̣- ca.9 -  ̣  ̣  ̣τιον 
διαπεσεῖν. εὖ οὖν γί-
νωσκέ με ἀνδριζόμε-
30νον. ἔρρωσο. ἔτους λγ, 
Παχὼνς ιβ. ","36.622766,33.0250915",36.622766,33.0250915,33.55957137,8.707431571428572,2
348,,,© Heidelberger Gesamtverzeichnis der griechischen Papyrusurkunden Ägyptens. This work is licensed under a Creative Commons Attribution 3.0 License.,,,,,Philadelphia,,,,,XII 188,,Papyrus,,"SB 4 7467 (Bilabel, Friedrich; 1931) = Bulletin de l‘Institut français d‘archéologie orientale (BIFAO) 27 (1927), p. 15-16 no. 7 [P. Graux 1 7] (Henne, Henri; 1927)",Vertrag über ein Gelddarlehen,,,,Papyrus,,,mentioned people,Vertrag; Darlehen (Geld),,,,,"Paris, Sorbonne, Institut de Papyrologie 1996;",,,,,,"Egypt, 00a - Philadelpheia (Gharabet el-Gerza)[found & written]",,,,AD 221 Aug 18,,,,,,,,,,mentioned places,,Greek,,,,,,,"Lucretius Diogenes, Marcus",,,,,,18. Aug. 221,P.Graux I 7,Vertrag; Darlehen (Geld),,Philadelphia (Arsinoites),,,,,,,,,,,© Heidelberger Gesamtverzeichnis der griechischen Papyrusurkunden Ägyptens. This work is licensed under a Creative Commons Attribution 3.0 License.,,XII 188,,,,,,,,,Papyrus,,,,,,,,Vertrag über ein Gelddarlehen,Papyrus,,,,,,,,,"  1Αὐρήλιος Νεμεσᾶς β̣ο̣υ̣λος(*) ἀπὸ κώμης Φ̣ι̣λ̣α̣δ̣ελφίας 
Αὐρηλίωι Σαραπίωνι <ἀπὸ> τ̣ῆ̣ς̣ α̣(ὐτῆς κώμης) 
χαίρειν. ὁμολογῶ ἔχειν 
5παρά σου διὰ χειρὸς ἀρ[γυρίου] 
Σεβαστοῦ νομί[σματος δρα-]
χμὰς τετρακ[οσίας τόκου] 
δραχμιαίου τῇ μνᾷ κατὰ 
μῆνα, ἃς καὶ ἐπ[ά]ναγκες ἀπο-
10δόσω(*) ἐν μηνὶ Παῦνι το[ῦ] 
ἐνεστο͂τος(*) ἔτους ἀνυπερθέ-
τως, γινομένης αὐτῷ Σαρα-
πίωνι τῆς πράξεως π̣α̣ρ̣ʼ ἐ-
μοῦ [καὶ ἐ]κ τῶν ὑπαρ[χόν-]
15[των πά]ντων [καθάπερ] 
ἐγ(*) δίκης. κύριον δὲ τοῦτο 
τὸ χειρόγραφον [καὶ] 
ἐπερωτη[θεὶς ὡμολόγησα]. 
Διόσκορος ἔ[γραψα ὑπὲρ] 
20αὐτοῦ ἀγραμμάτου. [Αὐρή-]
λιος Νεμεσᾶς β̣ο̣υ̣λ̣ο̣ς̣(*). 
(ἔτους) δ Αὐτοκράτορος Κ[αίσαρος] 
[Μάρ]κου Αὐρηλίου 
Ἀντωνίνου Εὐσεβοῦς 
25Εὐτυχοῦς Σεβαστοῦ, 
Μεσορὴ κε. ","  1Αὐρήλιος Νεμεσᾶς β̣ο̣υ̣λος ἀπὸ κώμης Φ̣ι̣λ̣α̣δ̣ελφίας 
Αὐρηλίωι Σαραπίωνι ἀπὸ τ̣ῆ̣ς̣ α̣ὐτῆς κώμης 
χαίρειν. ὁμολογῶ ἔχειν 
5παρά σου διὰ χειρὸς ἀργυρίου 
Σεβαστοῦ νομίσματος δρα-
χμὰς τετρακοσίας τόκου 
δραχμιαίου τῇ μνᾷ κατὰ 
μῆνα, ἃς καὶ ἐπάναγκες ἀπο-
10δόσω ἐν μηνὶ Παῦνι τοῦ 
ἐνεστο͂τος ἔτους ἀνυπερθέ-
τως, γινομένης αὐτῷ Σαρα-
πίωνι τῆς πράξεως π̣α̣ρ̣ʼ ἐ-
μοῦ καὶ ἐκ τῶν ὑπαρχόν-
15των πάντων καθάπερ 
ἐγ δίκης. κύριον δὲ τοῦτο 
τὸ χειρόγραφον καὶ 
ἐπερωτηθεὶς ὡμολόγησα. 
Διόσκορος ἔγραψα ὑπὲρ 
20αὐτοῦ ἀγραμμάτου. Αὐρή-
λιος Νεμεσᾶς β̣ο̣υ̣λ̣ο̣ς̣. 
ἔτους δ Αὐτοκράτορος Καίσαρος 
Μάρκου Αὐρηλίου 
Ἀντωνίνου Εὐσεβοῦς 
25Εὐτυχοῦς Σεβαστοῦ, 
Μεσορὴ κε. ","36.622766,33.0250915",36.622766,33.0250915,33.55957137,8.707431571428572,2
376,,,© Heidelberger Gesamtverzeichnis der griechischen Papyrusurkunden Ägyptens. This work is licensed under a Creative Commons Attribution 3.0 License.,,,,,Philadelphia,,,,,X 211,,Papyrus,,"SB 14 11983 (Rupprecht, Hans-Albert / Hengstl, Joachim; 1983) = P. Lond. 2 p. 314-315 no. 429 (Kenyon, Frederic G. / ; 1898) = Museum Phillogum Londiniense 2 (1977), p. 86- (Dunand, Françoise / Schwartz, Jacques; 1977)",Aufstellung über Aufwendungen für Feste,,,,Papyrus,,http://www.bl.uk/manuscripts/FullDisplay.aspx?ref=Papyrus_42...,mentioned people,Liste; Geld; Lebensmittel; Wein; Weizen; Kleidung; Feste; Brote,,,,,"London, British Library Pap 429",,,,,,"Egypt, 00a - Philadelpheia (Gharabet el-Gerza)[found & written]",,,,AD 350 about,,,,,,,,,,,,Greek,,,,,,,,,,,,,ca. 350,P.Lond. II 429 (S. 314 - 315),Liste; Geld; Lebensmittel; Wein; Weizen; Kleidung; Feste; Brote,,Philadelphia (?) (Arsinoites),,,,,,,,,,,© Heidelberger Gesamtverzeichnis der griechischen Papyrusurkunden Ägyptens. This work is licensed under a Creative Commons Attribution 3.0 License.,,X 211,,,,,,,,,Papyrus,,,,,,,,Aufstellung über Aufwendungen für Feste,Papyrus,http://www.bl.uk/manuscripts/FullDisplay.aspx?ref=Papyrus_42...,,,,,,,,"  1aλόγος ὧν ἔλαβεν Ἑλ[έ]νη ὑπὲρ 
2aτῆς θυγατρὸς αὐτῆς 
3aτῆς ἀδελφῆς μου 
1bδεξα(μένη) 
2bδιʼ ἐμοῦ Ἑλένη. 
πρώτῃ δεξιᾷ οἴνου κνί(δια) θ  
5καὶ σπάθιον α  
καὶ σίτου ἀρτάβην α  𐅵  
εἰς καθαρὰ καὶ ἄλ(λα) λά[χα]να 
καὶ δελφακιν(*) τέλιον(*)  α  
καὶ ἐλέου(*) ξ(έστην) α  𐅵  
10καὶ ἀρωμάτων (τάλαντα) ϛ  
καὶ κορδίκιον α (ταλάντων) ε  
καὶ σακκούδια καὶ [κ]τένιον (ταλάντων) ϛ  
καὶ τὰ εψ  ̣κανκ  ̣ς  ̣ καὶ πλα(  ) 
ἐλέου(*) ξ(έστας) γ  
15τι(μὴ) λαχάνον(*) καὶ ἰκχθύον(*) (τάλαντα) ε  
καὶ τίμημα τῆς ἑορτῆς 
οἴνου κν(ίδια) β καὶ καθαρὰ [δὲ] κα  
καὶ ἀρωμάτων (τάλαντα) β  
τι(μὴ) λαχάνων (τάλαντα) γ  
20καὶ ὁμοίως ἄλλῃ ἑορτῇ 
[ο]ἴνου κν(ίδια) β καὶ καθα(ρῶν) ζεύ(γη) ε  
καὶ ἀρωμάτ[ων] (τάλαντα) β  
καὶ λαχάν(ων) (τάλαντα) β  
ἄλλῃ ἑορτῇ οἴν[ου] κνί[δια] β  
25καὶ ζεύγ(η) καθαρῶν ε  
καὶ ἀρωμάτων (τάλαντα) β  
καὶ λάχανα (ταλάντων) β  ","  1aλόγος ὧν ἔλαβεν Ἑλένη ὑπὲρ 
2aτῆς θυγατρὸς αὐτῆς 
3aτῆς ἀδελφῆς μου 
1bδεξαμένη 
2bδιʼ ἐμοῦ Ἑλένη. 
πρώτῃ δεξιᾷ οἴνου κνίδια θ  
5καὶ σπάθιον α  
καὶ σίτου ἀρτάβην α  𐅵  
εἰς καθαρὰ καὶ ἄλλα λάχανα 
καὶ δελφακιν τέλιον  α  
καὶ ἐλέου ξέστην α  𐅵  
10καὶ ἀρωμάτων τάλαντα ϛ  
καὶ κορδίκιον α ταλάντων ε  
καὶ σακκούδια καὶ κτένιον ταλάντων ϛ  
καὶ τὰ εψ  ̣κανκ  ̣ς  ̣ καὶ πλα   
ἐλέου ξέστας γ  
15τιμὴ λαχάνον καὶ ἰκχθύον τάλαντα ε  
καὶ τίμημα τῆς ἑορτῆς 
οἴνου κνίδια β καὶ καθαρὰ δὲ κα  
καὶ ἀρωμάτων τάλαντα β  
τιμὴ λαχάνων τάλαντα γ  
20καὶ ὁμοίως ἄλλῃ ἑορτῇ 
οἴνου κνίδια β καὶ καθαρῶν ζεύγη ε  
καὶ ἀρωμάτων τάλαντα β  
καὶ λαχάνων τάλαντα β  
ἄλλῃ ἑορτῇ οἴνου κνίδια β  
25καὶ ζεύγη καθαρῶν ε  
καὶ ἀρωμάτων τάλαντα β  
καὶ λάχανα ταλάντων β  ","36.622766,33.0250915",36.622766,33.0250915,33.55957137,8.707431571428572,2
