Unnamed: 0,Condition (HGV),Author (HGV),License (HGV),Culture (HGV),Script Type (HGV),Previous Edition (HGV),Preservation (HGV),Origin (HGV),Catalog(s) (HGV),Work (HGV),Summary (HGV),Recto/Verso (HGV),Post-Concordance BL Entries (HGV),Genre (HGV),Material (HGV),Support Dimensions (HGV),Publications (HGV),Title (HGV),Translations (HGV),Support Material (HGV),Note (general) (HGV),Support/Dimensions (HGV),Reuse Type (HGV),Images (HGV),People (HGV),Subjects (HGV),Hands (HGV),Commentary (HGV),General Notes (HGV),Place Stored (Ancient) (HGV),Inv. no. (HGV),Principal Edition (HGV),Lines (HGV),Citations (HGV),Availability (HGV),palaeo (HGV),Provenance (HGV),Religion (HGV),catalogue (HGV),Partial Edition (HGV),Date (HGV),translation (HGV),study (HGV),Reference Edition (HGV),Fragments (HGV),reference (HGV),Associated Names (HGV),Works (HGV),Inv. Id (HGV),Form and Layout (HGV),Places (HGV),illustration (HGV),Language (HGV),Print Illustrations (HGV),Note (local/note) (HGV),Note (related) (HGV),Content (HGV),Readings (HGV),Mentioned Dates (HGV),Archive (HGV),Fragments (Tris),General Notes (Tris),Genre (Tris),Print Illustrations (Tris),Reuse Type (Tris),Date (Tris),Publications (Tris),Subjects (Tris),illustration (Tris),Origin (Tris),Translations (Tris),Reference Edition (Tris),Partial Edition (Tris),Support Dimensions (Tris),Provenance (Tris),Availability (Tris),Work (Tris),Content (Tris),Form and Layout (Tris),catalogue (Tris),License (Tris),Previous Edition (Tris),Post-Concordance BL Entries (Tris),Support Material (Tris),Principal Edition (Tris),Citations (Tris),People (Tris),translation (Tris),Commentary (Tris),Inv. Id (Tris),Place Stored (Ancient) (Tris),Support/Dimensions (Tris),Script Type (Tris),Culture (Tris),Catalog(s) (Tris),Mentioned Dates (Tris),study (Tris),palaeo (Tris),Readings (Tris),Title (Tris),Material (Tris),Images (Tris),Religion (Tris),Works (Tris),Language (Tris),Inv. no. (Tris),Places (Tris),Archive (Tris),reference (Tris),text,cleanText,Coordinates,Latitude,Longitude,relLat,relLong,Cluster
52,,,© Heidelberger Gesamtverzeichnis der griechischen Papyrusurkunden Ägyptens. This work is licensed under a Creative Commons Attribution 3.0 License.,,,,,Panopolis,,,,,X 61,,Papyrus,,"CPR 17.2 13 (Sijpesteijn, Pieter Johannes; 1991)",keiner,,,,Papyrus,,http://data.onb.ac.at/rec/RZ00000644...,mentioned people,Vertrag; Darlehen; Geld,,Zur Datierung vgl. Einleitung zu CPR XVIIB 10. Alternativdatierung: 11. März 218.,,,"Vienna, Nationalbibliothek G 39882 fr. 13",,,,,,"Egypt, U09 - Panopolis (Akhmim)[found & written]",,,,"a: AD 217 Sep 12 (Elagabal, year 01, Thoth 15; date is that of l. 1-6; for the king, cf. CPR 17.2 10 intr.); b: AD 217 Aug 29 - 218 Aug 28 (Elagabal, year 01; date of l. 7-15; for the king, cf. CPR 17.2 10 intr.); e: AD 217 Sep 12? ((Elagabal), year (01), [Tho]th 15 ; date of l. 27-34; for the king, cf. CPR 17.2 10 intr.); e: AD 218 Mar 11? ((Elagabal), year (01), [Phameno]th 15; date of l. 27-34; for the king, cf. CPR 17.2 10 intr.); c: AD 217 Aug 29 - 218 Aug 28 (Elagabal, year 01; date of l. 16-21; for the king, cf. CPR 17.2 10 intr.); d: AD 217 Aug 29 - 218 Aug 28 (Elagabal, year (01); date of l. 22-26; for the king, cf. CPR 17.2 10 intr.)",,,,,,,,,,mentioned places,,bilingual: Greek / Demotic,Tafel 8,,,,,,,,,,Tafel 8,,12. Sept. 217,CPR 17 B 13 Z. 1 - 6 DAHT 17775,Vertrag; Darlehen; Geld,,Panopolis,,,,,,,,,,,© Heidelberger Gesamtverzeichnis der griechischen Papyrusurkunden Ägyptens. This work is licensed under a Creative Commons Attribution 3.0 License.,,,,,,,,,,,Papyrus,,,,,,,,keiner,Papyrus,http://data.onb.ac.at/rec/RZ00000644...,,,,,,,,"    ̣  
[⁦ -ca.?- ⁩ μετὰ] τ̣ὴ̣ν̣ π̣ρ̣ο̣κ̣ε̣ι̣μ̣έ̣ν̣ην προθεσμ\ί/αν ἐὰν βούληται ἐᾶσαι ἐν ἡμῖν ἐκτίσομ̣[εν]
                              αὐτῷ [⁦ -ca.?- ⁩] 
[⁦ -ca.?- ⁩] κατ̣ὰ̣ μ̣ῆνα̣, τοῦ δὲ λαχάνου ἡμιόλιον κατʼ ἔτος, ἀλλη̣λ̣εγ̣γ̣[ύης ⁦ -ca.?- ⁩] 
[⁦ -ca.?- ⁩ οὔ]σ̣ης ἐ̣κ̣ τ̣ε̣ πάντων ὧ̣ν ἔχομ(εν) καὶ ὅ̣σ̣α̣ ἐ̣[ὰν] ἐπικτησώμε[θα ⁦ -ca.?- ⁩] 
5[⁦ -ca.?- ⁩ Αὐρ]ή̣λιος Ἰσίων Κολά̣ν̣θου ἀπὸ Πανὸς πόλεως. ⟦(ἔτους) β`⟧ (ἔτους) α [⁦ -ca.?- ⁩] 
[⁦ -ca.?- ⁩ Εὐσεβ]οῦς Εὐ[τυχ]οῦς Σεβαστοῦ Θὼθ ιε. Αὐρή̣λ̣ι̣ο̣ς̣ Π̣ανίσκος [⁦ -ca.?- ⁩] 
[⁦ -ca.?- ⁩]ο̣ς τοῦ Καλῆτος μητρὸς Μερτοῦτος λεγόμενος Θύτης καὶ Πελιαρ[⁦ -ca.?- ⁩] 
[⁦ -ca.?- ⁩ Π]ετεαρβεσχείνιος μητρὸς Σενπρείους καὶ Ἁρμιῦσις Ἁρμιύσ[εως ⁦ -ca.?- ⁩] 
[⁦ -ca.?- ⁩ Αὐρηλίῳ Ζωί]λῳ τραπεζειτηι(*) χαίρειν· ἠριθμήμεθα παρὰ σοῦ ὑπ[ὲρ ⁦ -ca.?- ⁩] 
10[⁦ -ca.?- ⁩ ἀπὸ Παν]ὸς πόλεως εἰς ἰ(*)δίαν ἡμῶν χρείαν ἀργυρίου δραχμὰς τετρ̣[α ⁦ -ca.?- ⁩] 
[⁦ -ca.?- ⁩ ἀν]υπερθέτως ἐπάναγκες ἀλληλεγγύης οὔσης ἡμῶν εἰς ἔκτισι[ν ⁦ -ca.?- ⁩] 
[⁦ -ca.?- ⁩ ἀπὸ Πανὸς πόλε]ω̣ς̣. ⟦(ἔτους) β`⟧ (ἔτους) α Αὐτοκράτορος Καίσαρος Μάρκου ⟦Ὀπελλίου⟧ Σεουήρου ⟦Μακ̣[ρίνου] ⁦ -ca.?- ⁩] 
[⁦ -ca.?- ⁩]ς ἔσχο̣ν καὶ ἀποδώσω ὡς πρόκε̣[ιται. ⁦ -ca.?- ⁩] 
[⁦ -ca.?- ⁩ ἀπ]ὸ Πανὸς π̣ό̣λ̣ε̣ως ἔσ(χον) τὰς προκειμένας τραχ[μὰς](*) [⁦ -ca.?- ⁩] 
15[⁦ -ca.?- ⁩] Ψενσεναμ̣όριος 
Demotic 1 line 
16[⁦ -ca.?- ⁩]ω̣νος Ἀμμωνίου ἀπὸ Πανὸς πόλ(εως) ὡς (ἐτῶν) λη οὐλὴ ἐπ[ὶ ⁦ -ca.?- ⁩] 
[⁦ -ca.?- ⁩ ὑ]π̣ὲ̣ρ̣ Αὐρηλίου Ἱέρακος Μέλα ἱππέως εἴλης [⁦ -ca.?- ⁩] 
[⁦ -ca.?- ⁩] α̣ὐτῷ σὺν τόκῳ δραχμιαίῳ ἑκάστης μν[ᾶς κατὰ μῆνα ἕκαστον ⁦ -ca.?- ⁩] 
[⁦ -ca.?- ⁩]ν̣ ἐὰν βούληται ἐᾶσαι ἐν ἐμοὶ ἐκτίσω αὐ[τῷ ⁦ -ca.?- ⁩] 
20[⁦ -ca.?- ⁩ (ἔτους) β`⟧ (ἔτους) α Αὐτοκράτορος Καίσαρος Μάρκου ⟦Ὀ[πελλίου]⟧ 
[⁦ -ca.?- ⁩] τῆς χώρτης Ἀπαμηνῶν ἔγραψα ὑπὲρ [⁦ -ca.?- ⁩] 
[⁦ -ca.?- ⁩] τοῦ Πα̣χ̣ούμιος μητρὸς Θερμούθιος ἀπ[ὸ ⁦ -ca.?- ⁩] 
[⁦ -ca.?- ⁩ χαίρ]ειν· ἠρίθμημαι παρὰ σοῦ ὑπὲρ Α[ὐρηλί ⁦ -ca.?- ⁩] 
[⁦ -ca.?- ⁩ ἀργυρίου δραχμὰς διακοσίας ὀ]κ̣τώ, γίν(ονται) ση ἃς ἀποδώσ[ω αὐτ ⁦ -ca.?- ⁩] 
25[⁦ -ca.?- ⁩ μετ]ὰ τὴν προκειμένην προθεσμ[ίαν ⁦ -ca.?- ⁩] 
[⁦ -ca.?- ⁩ Αὐτοκρ]άτορος Καίσαρος Μάρκου ⟦Ὀπελλίου⟧ Σε[ουήρου ⁦ -ca.?- ⁩] 
[⁦ -ca.?- ⁩]ς ὡς (ἐτῶν) λη οὐλὴ ἐξ ἀριστερ[ῶν ⁦ -ca.?- ⁩] 
[⁦ -ca.?- ⁩] ὑπὲρ Αὐρηλία(*) Τσενπαχ̣ν̣[ούμεως ⁦ -ca.?- ⁩] 
[⁦ -ca.?- ⁩ ἀργυρίο]υ δραχμὰς διακοσία̣[ς ⁦ -ca.?- ⁩] 
30[⁦ -ca.?- ⁩ ἀργυρίο]υ δραχμὰς ἑξακοσ[ίας ⁦ -ca.?- ⁩] 
[⁦ -ca.?- ⁩ ὀγ]δ̣οήκοντα ἕ̣[ξ ⁦ -ca.?- ⁩] 
[⁦ -ca.?- ⁩]  ̣ρος μου [⁦ -ca.?- ⁩] 
[⁦ -ca.?- ⁩]θ ιε. ἐπὶ Τ̣[⁦ -ca.?- ⁩] 
Traces  ","    ̣  
⁦ -ca.?- ⁩ μετὰ τ̣ὴ̣ν̣ π̣ρ̣ο̣κ̣ε̣ι̣μ̣έ̣ν̣ην προθεσμ\ί/αν ἐὰν βούληται ἐᾶσαι ἐν ἡμῖν ἐκτίσομ̣εν
                              αὐτῷ ⁦ -ca.?- ⁩ 
⁦ -ca.?- ⁩ κατ̣ὰ̣ μ̣ῆνα̣, τοῦ δὲ λαχάνου ἡμιόλιον κατʼ ἔτος, ἀλλη̣λ̣εγ̣γ̣ύης ⁦ -ca.?- ⁩ 
⁦ -ca.?- ⁩ οὔσ̣ης ἐ̣κ̣ τ̣ε̣ πάντων ὧ̣ν ἔχομεν καὶ ὅ̣σ̣α̣ ἐ̣ὰν ἐπικτησώμεθα ⁦ -ca.?- ⁩ 
5⁦ -ca.?- ⁩ Αὐρή̣λιος Ἰσίων Κολά̣ν̣θου ἀπὸ Πανὸς πόλεως. ⟦ἔτους β`⟧ ἔτους α ⁦ -ca.?- ⁩ 
⁦ -ca.?- ⁩ Εὐσεβοῦς Εὐτυχοῦς Σεβαστοῦ Θὼθ ιε. Αὐρή̣λ̣ι̣ο̣ς̣ Π̣ανίσκος ⁦ -ca.?- ⁩ 
⁦ -ca.?- ⁩ο̣ς τοῦ Καλῆτος μητρὸς Μερτοῦτος λεγόμενος Θύτης καὶ Πελιαρ⁦ -ca.?- ⁩ 
⁦ -ca.?- ⁩ Πετεαρβεσχείνιος μητρὸς Σενπρείους καὶ Ἁρμιῦσις Ἁρμιύσεως ⁦ -ca.?- ⁩ 
⁦ -ca.?- ⁩ Αὐρηλίῳ Ζωίλῳ τραπεζειτηι χαίρειν· ἠριθμήμεθα παρὰ σοῦ ὑπὲρ ⁦ -ca.?- ⁩ 
10⁦ -ca.?- ⁩ ἀπὸ Πανὸς πόλεως εἰς ἰδίαν ἡμῶν χρείαν ἀργυρίου δραχμὰς τετρ̣α ⁦ -ca.?- ⁩ 
⁦ -ca.?- ⁩ ἀνυπερθέτως ἐπάναγκες ἀλληλεγγύης οὔσης ἡμῶν εἰς ἔκτισιν ⁦ -ca.?- ⁩ 
⁦ -ca.?- ⁩ ἀπὸ Πανὸς πόλεω̣ς̣. ⟦ἔτους β`⟧ ἔτους α Αὐτοκράτορος Καίσαρος Μάρκου ⟦Ὀπελλίου⟧ Σεουήρου ⟦Μακ̣ρίνου ⁦ -ca.?- ⁩ 
⁦ -ca.?- ⁩ς ἔσχο̣ν καὶ ἀποδώσω ὡς πρόκε̣ιται. ⁦ -ca.?- ⁩ 
⁦ -ca.?- ⁩ ἀπὸ Πανὸς π̣ό̣λ̣ε̣ως ἔσχον τὰς προκειμένας τραχμὰς ⁦ -ca.?- ⁩ 
15⁦ -ca.?- ⁩ Ψενσεναμ̣όριος 
Demotic 1 line 
16⁦ -ca.?- ⁩ω̣νος Ἀμμωνίου ἀπὸ Πανὸς πόλεως ὡς ἐτῶν λη οὐλὴ ἐπὶ ⁦ -ca.?- ⁩ 
⁦ -ca.?- ⁩ ὑπ̣ὲ̣ρ̣ Αὐρηλίου Ἱέρακος Μέλα ἱππέως εἴλης ⁦ -ca.?- ⁩ 
⁦ -ca.?- ⁩ α̣ὐτῷ σὺν τόκῳ δραχμιαίῳ ἑκάστης μνᾶς κατὰ μῆνα ἕκαστον ⁦ -ca.?- ⁩ 
⁦ -ca.?- ⁩ν̣ ἐὰν βούληται ἐᾶσαι ἐν ἐμοὶ ἐκτίσω αὐτῷ ⁦ -ca.?- ⁩ 
20⁦ -ca.?- ⁩ ἔτους β`⟧ ἔτους α Αὐτοκράτορος Καίσαρος Μάρκου ⟦Ὀπελλίου⟧ 
⁦ -ca.?- ⁩ τῆς χώρτης Ἀπαμηνῶν ἔγραψα ὑπὲρ ⁦ -ca.?- ⁩ 
⁦ -ca.?- ⁩ τοῦ Πα̣χ̣ούμιος μητρὸς Θερμούθιος ἀπὸ ⁦ -ca.?- ⁩ 
⁦ -ca.?- ⁩ χαίρειν· ἠρίθμημαι παρὰ σοῦ ὑπὲρ Αὐρηλί ⁦ -ca.?- ⁩ 
⁦ -ca.?- ⁩ ἀργυρίου δραχμὰς διακοσίας ὀκ̣τώ, γίνονται ση ἃς ἀποδώσω αὐτ ⁦ -ca.?- ⁩ 
25⁦ -ca.?- ⁩ μετὰ τὴν προκειμένην προθεσμίαν ⁦ -ca.?- ⁩ 
⁦ -ca.?- ⁩ Αὐτοκράτορος Καίσαρος Μάρκου ⟦Ὀπελλίου⟧ Σεουήρου ⁦ -ca.?- ⁩ 
⁦ -ca.?- ⁩ς ὡς ἐτῶν λη οὐλὴ ἐξ ἀριστερῶν ⁦ -ca.?- ⁩ 
⁦ -ca.?- ⁩ ὑπὲρ Αὐρηλία Τσενπαχ̣ν̣ούμεως ⁦ -ca.?- ⁩ 
⁦ -ca.?- ⁩ ἀργυρίου δραχμὰς διακοσία̣ς ⁦ -ca.?- ⁩ 
30⁦ -ca.?- ⁩ ἀργυρίου δραχμὰς ἑξακοσίας ⁦ -ca.?- ⁩ 
⁦ -ca.?- ⁩ ὀγδ̣οήκοντα ἕ̣ξ ⁦ -ca.?- ⁩ 
⁦ -ca.?- ⁩  ̣ρος μου ⁦ -ca.?- ⁩ 
⁦ -ca.?- ⁩θ ιε. ἐπὶ Τ̣⁦ -ca.?- ⁩ 
Traces  ","26.5648875,31.7451755",26.5648875,31.7451755,32.56123689,18.046890178571427,14
53,,,© Heidelberger Gesamtverzeichnis der griechischen Papyrusurkunden Ägyptens. This work is licensed under a Creative Commons Attribution 3.0 License.,,,,,Panopolis,,,,,,,Papyrus,,"CPR 17.2 17 (Sijpesteijn, Pieter Johannes; 1991)",keiner,,,,Papyrus,,http://data.onb.ac.at/rec/RZ00000648...,mentioned people,Vertrag; Darlehen; Geld; Bank,,Zur Datierung vgl. Einleitung zu CPR XVIIB 10.,,,"Vienna, Nationalbibliothek G 39882 Fragm. 17",,,,,,"Egypt, U09 - Panopolis (Akhmim)[found & written]",,,,a: AD 217 Sep 17 (l. 1-9: AD 217 Sep 17; l. 10-15: AD 217 Sep 17? l. 16-39: AD 217 - 218; l. 40-42: AD 217 Aug 29 - Sep 27); b: AD 217 Sep 17? (l. 1-9: AD 217 Sep 17; l. 10-15: AD 217 Sep 17? l. 16-39: AD 217 - 218; l. 40-42: AD 217 Aug 29 - Sep 27); c: AD 217 Aug 29 - 218 Aug 28 (l. 1-9: AD 217 Sep 17; l. 10-15: AD 217 Sep 17? l. 16-39: AD 217 - 218; l. 40-42: AD 217 Aug 29 - Sep 27); d: AD 217 Aug 29 - 218 Aug 28 (l. 1-9: AD 217 Sep 17; l. 10-15: AD 217 Sep 17? l. 16-39: AD 217 - 218; l. 40-42: AD 217 Aug 29 - Sep 27); e: AD 217 Aug 29 - 218 Aug 28 (l. 1-9: AD 217 Sep 17; l. 10-15: AD 217 Sep 17? l. 16-39: AD 217 - 218; l. 40-42: AD 217 Aug 29 - Sep 27); f: AD 217 Aug 29 - Sep 27 (l. 1-9: AD 217 Sep 17; l. 10-15: AD 217 Sep 17? l. 16-39: AD 217 - 218; l. 40-42: AD 217 Aug 29 - Sep 27),,,,,,,,,,mentioned places,,Greek,Tafel 10,,,,,,,,,,Tafel 10,,17. Sept. 217,CPR 17 B 17 Z. 1 - 9,Vertrag; Darlehen; Geld; Bank,,Panopolis,,,,,,,,,,,© Heidelberger Gesamtverzeichnis der griechischen Papyrusurkunden Ägyptens. This work is licensed under a Creative Commons Attribution 3.0 License.,,,,,,,,Zur Datierung vgl. Einleitung zu CPR XVII B 10.,,,Papyrus,,,,,,,,keiner,Papyrus,http://data.onb.ac.at/rec/RZ00000648...,,,,,,,,"  [⁦ -ca.?- ⁩] 
[⁦ -ca.?- ⁩ Αὐρηλίῳ Ζωίλῳ τραπεζίτῃ] χαίρειν· 
[⁦ -ca.?- ⁩ ἀπὸ Παν]ὸς πόλ(εως) ἀργυ-
[ρίου δραχμὰς ⁦ -ca.?- ⁩]χειλίων(*) δια-
5[κοσίων ⁦ -ca.?- ⁩] α̣ὐτῶι ση  
[⁦ -ca.?- ⁩] τόκο(  ). Αὐρήλιος Ἰσίων 
[⁦ -ca.?- ⁩ Σεβα]στοῦ Θὼθ κ. 
[⁦ -ca.?- ⁩]κοσίας ὡς 
[πρόκειται. ⁦ -ca.?- ⁩] 
10[⁦ -ca.?- ⁩ ἀπὸ] Πανὸς πόλεως Αὐρηλίῳ Ζωί-
[λῳ τραπεζίτῃ χαίρειν· ⁦ -ca.?- ⁩ ἐν Πανὸς πόλ]ει εἰς ἰδίαν μου χρεί(αν) ἀ[ρ]γ(υρίου) 
[δραχμὰς ⁦ -ca.?- ⁩ Με]σορὴ ι κ̣α̣ὶ αὐτῶι   ̣[⁦ -ca.?- ⁩] 
[⁦ -ca.?- ⁩ Αὐρ]ή̣λιος Ἰσίων Κολά̣[νθου ⁦ -ca.?- ⁩] 
[ἀπὸ Πανὸς πόλεως ⁦ -ca.?- ⁩ Σεβασ]τοῦ Θὼθ κ̣ [⁦ -ca.?- ⁩] 
15[⁦ -ca.?- ⁩] καὶ κύριος ἐπιγραφ[⁦ -ca.?- ⁩] 
[⁦ -ca.?- ⁩ Αὐρηλί]ῳ Ζωίλῳ τραπεζ[ίτῃ] 
[χαίρειν· ⁦ -ca.?- ⁩ εἰς ἰδία]ν ἡμῶν χρείαν ἀργυ[ρίου] 
[δραχμὰς ⁦ -ca.?- ⁩ ἀλληλεγγύ]ης οὔσης ἡμῶν [εἰς] 
[ἔκτισιν ⁦ -ca.?- ⁩ σὺν τόκῳ δραχμιαίῳ ἑκ]ά̣σ̣της μνᾶς κατὰ μῆν̣[α] 
20[ἕκαστον ⁦ -ca.?- ⁩ Εὐσεβ]οῦς Εὐτυχοῦς Σεβαστοῦ [⁦ -ca.?- ⁩] 
[⁦ -ca.?- ⁩ Αὐρηλίῳ] Ζωίλῳ τραπεζ̣[ίτῃ] 
[χαίρειν· ⁦ -ca.?- ⁩]ο̣ς ἀπὸ τῆς (αὐτῆς) πόλεω̣[ς] 
[⁦ -ca.?- ⁩ χιλία]ς̣ [τ]ε̣τρακοσίας ὀγδ̣[οή-]
[κοντα ⁦ -ca.?- ⁩]  ̣π̣ω̣  ̣[  ̣]τ̣οκον̣  ̣ωσηισθ̣  ̣  ̣[⁦ -ca.?- ⁩] 
25[⁦ -ca.?- ⁩ ἐφʼ ᾗ] περιέχει διαστολῇ ἁπάσῃ   ̣  ̣  ̣[⁦ -ca.?- ⁩] 
[⁦ -ca.?- ⁩ Εὐ]σεβοῦς Εὐτυχοῦς Σεβαστοῦ [⁦ -ca.?- ⁩] 
[⁦ -ca.?- ⁩]  ̣ημαι τὰς εἰς ὑμ[ᾶς ⁦ -ca.?- ⁩] 
[⁦ -ca.?- ⁩ γράμ]μ̣α̣τα. Αὐρήλιος Βη[⁦ -ca.?- ⁩] 
[⁦ -ca.?- ⁩] ὑ(πὲρ) α(ὐτοῦ) Αὐρήλ(ιος) Ἀρτεμίδω(ρος) ὁ καὶ [⁦ -ca.?- ⁩] 
30[⁦ -ca.?- ⁩ Αὐρηλί]ῳ Ζωίλῳ τραπεζ[ίτῃ χαίρειν· ⁦ -ca.?- ⁩] 
[⁦ -ca.?- ⁩]εινου υἱοῦ αὐτοῦ [⁦ -ca.?- ⁩] 
[⁦ -ca.?- ⁩]ε̣ως διαγραφ̣[⁦ -ca.?- ⁩] 
[⁦ -ca.?- ⁩]ρας χωρίου   ̣[⁦ -ca.?- ⁩] 
[⁦ -ca.?- ⁩]έχω̣ διὰ̣ τῶν α̣[ὐτῶν ⁦ -ca.?- ⁩] 
35[⁦ -ca.?- ⁩]χειλίων(*) πεντακ̣[οσίων ⁦ -ca.?- ⁩] 
[⁦ -ca.?- ⁩] διαγραφῆ̣ς καὶ παν[⁦ -ca.?- ⁩] 
[⁦ -ca.?- ⁩]  ̣[  ̣  ̣  ̣  ̣  ̣  ̣] ἐ̣πὶ τὸν δ[⁦ -ca.?- ⁩] 
[⁦ -ca.?- ⁩ Αὐτοκρ]ά̣[το]ρ[ο]ς [Καίσ]αρος Μάρκου 
⟦Ὀ̣[πελλίου] ⁦ -ca.?- ⁩] 
40[⁦ -ca.?- ⁩]  ̣  ̣  ̣  ̣ευ  ̣  ̣  ̣ια θυγάτηρ [⁦ -ca.?- ⁩] 
[⁦ -ca.?- ⁩ Αὐρηλίῳ Ζωίλῳ] τραπεζ(ίτῃ) χαίρειν· ἠρίθμημαι παρὰ σοῦ [⁦ -ca.?- ⁩] 
[⁦ -ca.?- ⁩]δ καὶ αὐτὴ βούλ(ηται) ἐᾶσαι ἐν ἐμοὶ ἐκ[τίσω ⁦ -ca.?- ⁩] 
[⁦ -ca.?- ⁩ Εὐ]τυχοῦς Σεβαστοῦ Θὼ[θ ⁦ -ca.?- ⁩] ","  ⁦ -ca.?- ⁩ 
⁦ -ca.?- ⁩ Αὐρηλίῳ Ζωίλῳ τραπεζίτῃ χαίρειν· 
⁦ -ca.?- ⁩ ἀπὸ Πανὸς πόλεως ἀργυ-
ρίου δραχμὰς ⁦ -ca.?- ⁩χειλίων δια-
5κοσίων ⁦ -ca.?- ⁩ α̣ὐτῶι ση  
⁦ -ca.?- ⁩ τόκο  . Αὐρήλιος Ἰσίων 
⁦ -ca.?- ⁩ Σεβαστοῦ Θὼθ κ. 
⁦ -ca.?- ⁩κοσίας ὡς 
πρόκειται. ⁦ -ca.?- ⁩ 
10⁦ -ca.?- ⁩ ἀπὸ Πανὸς πόλεως Αὐρηλίῳ Ζωί-
λῳ τραπεζίτῃ χαίρειν· ⁦ -ca.?- ⁩ ἐν Πανὸς πόλει εἰς ἰδίαν μου χρείαν ἀργυρίου 
δραχμὰς ⁦ -ca.?- ⁩ Μεσορὴ ι κ̣α̣ὶ αὐτῶι   ̣⁦ -ca.?- ⁩ 
⁦ -ca.?- ⁩ Αὐρή̣λιος Ἰσίων Κολά̣νθου ⁦ -ca.?- ⁩ 
ἀπὸ Πανὸς πόλεως ⁦ -ca.?- ⁩ Σεβαστοῦ Θὼθ κ̣ ⁦ -ca.?- ⁩ 
15⁦ -ca.?- ⁩ καὶ κύριος ἐπιγραφ⁦ -ca.?- ⁩ 
⁦ -ca.?- ⁩ Αὐρηλίῳ Ζωίλῳ τραπεζίτῃ 
χαίρειν· ⁦ -ca.?- ⁩ εἰς ἰδίαν ἡμῶν χρείαν ἀργυρίου 
δραχμὰς ⁦ -ca.?- ⁩ ἀλληλεγγύης οὔσης ἡμῶν εἰς 
ἔκτισιν ⁦ -ca.?- ⁩ σὺν τόκῳ δραχμιαίῳ ἑκά̣σ̣της μνᾶς κατὰ μῆν̣α 
20ἕκαστον ⁦ -ca.?- ⁩ Εὐσεβοῦς Εὐτυχοῦς Σεβαστοῦ ⁦ -ca.?- ⁩ 
⁦ -ca.?- ⁩ Αὐρηλίῳ Ζωίλῳ τραπεζ̣ίτῃ 
χαίρειν· ⁦ -ca.?- ⁩ο̣ς ἀπὸ τῆς αὐτῆς πόλεω̣ς 
⁦ -ca.?- ⁩ χιλίας̣ τε̣τρακοσίας ὀγδ̣οή-
κοντα ⁦ -ca.?- ⁩  ̣π̣ω̣  ̣  ̣τ̣οκον̣  ̣ωσηισθ̣  ̣  ̣⁦ -ca.?- ⁩ 
25⁦ -ca.?- ⁩ ἐφʼ ᾗ περιέχει διαστολῇ ἁπάσῃ   ̣  ̣  ̣⁦ -ca.?- ⁩ 
⁦ -ca.?- ⁩ Εὐσεβοῦς Εὐτυχοῦς Σεβαστοῦ ⁦ -ca.?- ⁩ 
⁦ -ca.?- ⁩  ̣ημαι τὰς εἰς ὑμᾶς ⁦ -ca.?- ⁩ 
⁦ -ca.?- ⁩ γράμμ̣α̣τα. Αὐρήλιος Βη⁦ -ca.?- ⁩ 
⁦ -ca.?- ⁩ ὑπὲρ αὐτοῦ Αὐρήλιος Ἀρτεμίδωρος ὁ καὶ ⁦ -ca.?- ⁩ 
30⁦ -ca.?- ⁩ Αὐρηλίῳ Ζωίλῳ τραπεζίτῃ χαίρειν· ⁦ -ca.?- ⁩ 
⁦ -ca.?- ⁩εινου υἱοῦ αὐτοῦ ⁦ -ca.?- ⁩ 
⁦ -ca.?- ⁩ε̣ως διαγραφ̣⁦ -ca.?- ⁩ 
⁦ -ca.?- ⁩ρας χωρίου   ̣⁦ -ca.?- ⁩ 
⁦ -ca.?- ⁩έχω̣ διὰ̣ τῶν α̣ὐτῶν ⁦ -ca.?- ⁩ 
35⁦ -ca.?- ⁩χειλίων πεντακ̣οσίων ⁦ -ca.?- ⁩ 
⁦ -ca.?- ⁩ διαγραφῆ̣ς καὶ παν⁦ -ca.?- ⁩ 
⁦ -ca.?- ⁩  ̣  ̣  ̣  ̣  ̣  ̣  ̣ ἐ̣πὶ τὸν δ⁦ -ca.?- ⁩ 
⁦ -ca.?- ⁩ Αὐτοκρά̣τορος Καίσαρος Μάρκου 
⟦Ὀ̣πελλίου ⁦ -ca.?- ⁩ 
40⁦ -ca.?- ⁩  ̣  ̣  ̣  ̣ευ  ̣  ̣  ̣ια θυγάτηρ ⁦ -ca.?- ⁩ 
⁦ -ca.?- ⁩ Αὐρηλίῳ Ζωίλῳ τραπεζίτῃ χαίρειν· ἠρίθμημαι παρὰ σοῦ ⁦ -ca.?- ⁩ 
⁦ -ca.?- ⁩δ καὶ αὐτὴ βούληται ἐᾶσαι ἐν ἐμοὶ ἐκτίσω ⁦ -ca.?- ⁩ 
⁦ -ca.?- ⁩ Εὐτυχοῦς Σεβαστοῦ Θὼθ ⁦ -ca.?- ⁩ ","26.5648875,31.7451755",26.5648875,31.7451755,32.56123689,18.046890178571427,14
128,,,© Heidelberger Gesamtverzeichnis der griechischen Papyrusurkunden Ägyptens. This work is licensed under a Creative Commons Attribution 3.0 License.,,,,,Panopolis,,,,,; XI 74; XIII 87,,Papyrus,,"P. Dublin 20 (McGing, Brian C.; 1995)",Declaration concerning Textiles,,,,Papyrus,,,mentioned people,Erklärung; Kauf oder Requisition von Kleidung; Geld nicht ausreichend,,"Zu Z. 22 vgl. ZPE 151, 2005, S. 154, Anm. 12.",,,"Dublin, Chester Beatty Library II",,,,,,"Egypt, U09 - Panopolis (Akhmim)[found & written]",,,,"AD 329 (Constantinus I and Constantinus II, year 08 and 04)",,,,,,,,,,,,Greek,Plate 18,,,,,,,,,,Plate 18,,329,P.Dub. 20,Erklärung; Kauf oder Requisition von Kleidung; Geld nicht ausreichend,,Panopolis,,,,,,,,,,,© Heidelberger Gesamtverzeichnis der griechischen Papyrusurkunden Ägyptens. This work is licensed under a Creative Commons Attribution 3.0 License.,,; XI 74; XIII 87,,,,,,"Zu Z. 22 vgl. ZPE 151, 2005, S. 154, Anm. 12.",,,Papyrus,,,,,,,,Declaration concerning Textiles,Papyrus,,,,,,,,,"  [Φλ](αυίῳ) Ἀφ̣[θο]νίῳ διαδ̣ε̣χ̣[ομένῳ ⁦ -ca.?- ⁩] 
[πα]ρ̣ὰ Αὐρ̣[η]λ̣ίου Ἀννιανο[ῦ] Θ̣έ̣[ωνος ⁦ -ca.?- ⁩] 
[  ̣  ̣  ̣]ι̣α̣ πλου̣[μα]ρ̣ικὰ ἀριθμῷ κζ καὶ στιχάρια   ̣[⁦ -ca.?- ⁩ ἀριθμῷ ⁦ -ca.?- ⁩] 
[  ̣  ̣  ̣]η̣σαν π̣[ρ]ὸ̣ς ἄμειψιν ἀκολούθως τοῖ[ς κελευσθεῖσιν ὑπὸ] 
5[τοῦ] κ̣υρίου μ̣[ο]υ̣ διασημοτάτου ἡγεμόνος Φλαυί[ου Γρηγορίου κατὰ(?)] 
[γν]ώμην̣ πάντων τῶν βουλε̣υ̣τ̣ῶ̣ν̣   ̣  ̣[⁦ -ca.?- ⁩] 
[  ̣  ̣] ἀ̣ριθμηθῆναι ὑπὸ τοῦ ἱ(*)ερωτάτου ταμίου(*) [⁦ -ca.?- ⁩] 
[  ̣  ̣] ὑ̣φʼ ἡμῶν χρυσίου λόγου μηνιαίου σ̣π̣[⁦ -ca.?- ⁩ τῆς τρίτης] 
[εὐ]τυχοῦς̣ ἰνδικτίονος συντεινούσης̣ [⁦ -ca.?- ⁩] 
10[(δηναρίων)] (μυριάδ ) ιβ , στιχαρίου δὲ λίνου ζυγῆς μιᾶς (δηναρίων) [(μυριάδ ) ⁦ -ca.?- ⁩] 
θ̣ημενης ποσότητος τῶν ἀργυρίων τα̣[⁦ -ca.?- ⁩] 
καὶ τοῦ χρυσίου μὴ ἐπαρκεσθείσης π̣ρ̣[ὸς τὴν τῶν ⁦ -ca.?- ⁩] 
εἰδ̣ῶν κατασκευὴν διὰ τὸ εὑρῆσθαι ε  ̣[⁦ -ca.?- ⁩] 
μεν̣[  ̣  ̣ ἀ]ρ̣γυρίου (δηναρίων) (μυριάδ ) κε , ἐκέλευσεν [ὁ κύριός μου διαση-]
15μ̣ότ[ατο(?)]ς ἡγεμὼν Φλαύιος(*) Γρηγόριος τ̣[⁦ -ca.?- ⁩] 
εὑρεθ̣έ̣ντων ἐν τῇ ἐπιγραφῇ τῶν ε̣[⁦ -ca.?- ⁩] 
ὁμολο̣γῶ ὀμνὺς τὴν θείαν τύχην τῶν [κυρίων Σεβαστῶν(?)] 
ἀπειληφέναι παρὰ Σανσνῶτος Ἀλώ̣[πηκος ⁦ -ca.?- ⁩] 
ἐπιμελητ̣ῶ̣ν τὸ εἰς ὄνομά μου εὑρεθὲν̣ [⁦ -ca.?- ⁩] 
20ἀμείψας παραδέδωκα τοῖς αὐτοῖς ἐπι[μεληταῖς, καὶ ἐπερ(ωτηθεὶς(?))] 
ὡ̣μ̣ο̣λόγ̣ησ̣α̣. ⁦ vac. ? ⁩  
ὑπατεί[ας] τῶν δεσποτῶν ἡμῶν Κ̣[ωνσταντίνου Αὐγούστου(*) τὸ η καὶ] 
Κων̣[στα]ν̣τίνου τοῦ ἐπιφανεστάτου Καίσαρος [τὸ δ ⁦ -ca.?- ⁩] 
(hand 2) [Αὐρήλιος Ἀ]ννιανὸς Θέωνος ὁ προκ(είμενος) ἀπ[⁦ -ca.?- ⁩] 
25[- ca.9 -]ν πεξὸν καὶ ἤμειψα καὶ π̣[αραδέδωκα ὡς πρόκειται(?)] ","  Φλαυίῳ Ἀφ̣θονίῳ διαδ̣ε̣χ̣ομένῳ ⁦ -ca.?- ⁩ 
παρ̣ὰ Αὐρ̣ηλ̣ίου Ἀννιανοῦ Θ̣έ̣ωνος ⁦ -ca.?- ⁩ 
  ̣  ̣  ̣ι̣α̣ πλου̣μαρ̣ικὰ ἀριθμῷ κζ καὶ στιχάρια   ̣⁦ -ca.?- ⁩ ἀριθμῷ ⁦ -ca.?- ⁩ 
  ̣  ̣  ̣η̣σαν π̣ρὸ̣ς ἄμειψιν ἀκολούθως τοῖς κελευσθεῖσιν ὑπὸ 
5τοῦ κ̣υρίου μ̣ου̣ διασημοτάτου ἡγεμόνος Φλαυίου Γρηγορίου κατὰ? 
γνώμην̣ πάντων τῶν βουλε̣υ̣τ̣ῶ̣ν̣   ̣  ̣⁦ -ca.?- ⁩ 
  ̣  ̣ ἀ̣ριθμηθῆναι ὑπὸ τοῦ ἱερωτάτου ταμίου ⁦ -ca.?- ⁩ 
  ̣  ̣ ὑ̣φʼ ἡμῶν χρυσίου λόγου μηνιαίου σ̣π̣⁦ -ca.?- ⁩ τῆς τρίτης 
εὐτυχοῦς̣ ἰνδικτίονος συντεινούσης̣ ⁦ -ca.?- ⁩ 
10δηναρίων μυριάδ  ιβ , στιχαρίου δὲ λίνου ζυγῆς μιᾶς δηναρίων μυριάδ  ⁦ -ca.?- ⁩ 
θ̣ημενης ποσότητος τῶν ἀργυρίων τα̣⁦ -ca.?- ⁩ 
καὶ τοῦ χρυσίου μὴ ἐπαρκεσθείσης π̣ρ̣ὸς τὴν τῶν ⁦ -ca.?- ⁩ 
εἰδ̣ῶν κατασκευὴν διὰ τὸ εὑρῆσθαι ε  ̣⁦ -ca.?- ⁩ 
μεν̣  ̣  ̣ ἀρ̣γυρίου δηναρίων μυριάδ  κε , ἐκέλευσεν ὁ κύριός μου διαση-
15μ̣ότατο?ς ἡγεμὼν Φλαύιος Γρηγόριος τ̣⁦ -ca.?- ⁩ 
εὑρεθ̣έ̣ντων ἐν τῇ ἐπιγραφῇ τῶν ε̣⁦ -ca.?- ⁩ 
ὁμολο̣γῶ ὀμνὺς τὴν θείαν τύχην τῶν κυρίων Σεβαστῶν? 
ἀπειληφέναι παρὰ Σανσνῶτος Ἀλώ̣πηκος ⁦ -ca.?- ⁩ 
ἐπιμελητ̣ῶ̣ν τὸ εἰς ὄνομά μου εὑρεθὲν̣ ⁦ -ca.?- ⁩ 
20ἀμείψας παραδέδωκα τοῖς αὐτοῖς ἐπιμεληταῖς, καὶ ἐπερωτηθεὶς? 
ὡ̣μ̣ο̣λόγ̣ησ̣α̣. ⁦ vac. ? ⁩  
ὑπατείας τῶν δεσποτῶν ἡμῶν Κ̣ωνσταντίνου Αὐγούστου τὸ η καὶ 
Κων̣σταν̣τίνου τοῦ ἐπιφανεστάτου Καίσαρος τὸ δ ⁦ -ca.?- ⁩ 
hand 2 Αὐρήλιος Ἀννιανὸς Θέωνος ὁ προκείμενος ἀπ⁦ -ca.?- ⁩ 
25- ca.9 -ν πεξὸν καὶ ἤμειψα καὶ π̣αραδέδωκα ὡς πρόκειται? ","26.5648875,31.7451755",26.5648875,31.7451755,32.56123689,18.046890178571427,14
