Unnamed: 0,Condition (HGV),Author (HGV),License (HGV),Culture (HGV),Script Type (HGV),Previous Edition (HGV),Preservation (HGV),Origin (HGV),Catalog(s) (HGV),Work (HGV),Summary (HGV),Recto/Verso (HGV),Post-Concordance BL Entries (HGV),Genre (HGV),Material (HGV),Support Dimensions (HGV),Publications (HGV),Title (HGV),Translations (HGV),Support Material (HGV),Note (general) (HGV),Support/Dimensions (HGV),Reuse Type (HGV),Images (HGV),People (HGV),Subjects (HGV),Hands (HGV),Commentary (HGV),General Notes (HGV),Place Stored (Ancient) (HGV),Inv. no. (HGV),Principal Edition (HGV),Lines (HGV),Citations (HGV),Availability (HGV),palaeo (HGV),Provenance (HGV),Religion (HGV),catalogue (HGV),Partial Edition (HGV),Date (HGV),translation (HGV),study (HGV),Reference Edition (HGV),Fragments (HGV),reference (HGV),Associated Names (HGV),Works (HGV),Inv. Id (HGV),Form and Layout (HGV),Places (HGV),illustration (HGV),Language (HGV),Print Illustrations (HGV),Note (local/note) (HGV),Note (related) (HGV),Content (HGV),Readings (HGV),Mentioned Dates (HGV),Archive (HGV),Fragments (Tris),General Notes (Tris),Genre (Tris),Print Illustrations (Tris),Reuse Type (Tris),Date (Tris),Publications (Tris),Subjects (Tris),illustration (Tris),Origin (Tris),Translations (Tris),Reference Edition (Tris),Partial Edition (Tris),Support Dimensions (Tris),Provenance (Tris),Availability (Tris),Work (Tris),Content (Tris),Form and Layout (Tris),catalogue (Tris),License (Tris),Previous Edition (Tris),Post-Concordance BL Entries (Tris),Support Material (Tris),Principal Edition (Tris),Citations (Tris),People (Tris),translation (Tris),Commentary (Tris),Inv. Id (Tris),Place Stored (Ancient) (Tris),Support/Dimensions (Tris),Script Type (Tris),Culture (Tris),Catalog(s) (Tris),Mentioned Dates (Tris),study (Tris),palaeo (Tris),Readings (Tris),Title (Tris),Material (Tris),Images (Tris),Religion (Tris),Works (Tris),Language (Tris),Inv. no. (Tris),Places (Tris),Archive (Tris),reference (Tris),text,cleanText,Coordinates,Latitude,Longitude,relLat,relLong,Cluster
406,,,© Heidelberger Gesamtverzeichnis der griechischen Papyrusurkunden Ägyptens. This work is licensed under a Creative Commons Attribution 3.0 License.,,,,,Pselkis,,,,,,,Ostrakon,,"SB 24 16244 (Rupprecht, Hans-Albert / Hengstl, Joachim; 2003) = ZPE 110 (1996), p. 140 no. 12 (La'da, Csaba A. / Rubinstein, Lene; 1996)",Quittung für Weinrationen,,,,Ostrakon,,,mentioned people,Quittung; Soldat an cibariator; Empfang von Wein; Geld,,Alternativdatierung: 1. Febr. 210.,,,"Cambridge, Museum of Classical Archaeology DA 21",,,,,,"Egypt, Aethiopia - Pselkis (El-Dakka)[found & written]",,,,AD 210 Feb 1?; or AD 178 Feb 1?,,,,,,,,,,,,Greek,"ZPE 110, 1996, Tafel IV 12)",,,,,,,,,,"ZPE 110, 1996, Tafel IV 12)",,1. Febr. 210 (Jahr unsicher),SB 24 16244,Quittung; Soldat an cibariator; Empfang von Wein; Geld,,Pselkis (Nubien),,,,,,,,,,,© Heidelberger Gesamtverzeichnis der griechischen Papyrusurkunden Ägyptens. This work is licensed under a Creative Commons Attribution 3.0 License.,,,,,,,,Alternativdatierung: 1. Febr. 210.,,,Ostrakon,,,,,,,,Quittung für Weinrationen,Ostrakon,,,,,,,,,"  [⁦ -ca.?- ⁩] στρατιώτης (ἑκατονταρχίας) Κασιαν   ̣[⁦ -ca.?- ⁩] 
[κιβαριάτ]ο̣ρι χαίρειν. ἔλαβον παρὰ [σοῦ οἴνου (?)⁦ -ca.?- ⁩] 
[⁦ -ca.?- ⁩] ἓ̣ν (δηναρίων) β ὀβολ(ῶν) δεκατεσσάρων [⁦ -ca.?- ⁩] 
[⁦ -ca.?- ⁩] (ἔτους) ιη ／ ／ ／ Μεχὶρ(*)  ζ. 
5[⁦ -ca.?- ⁩]ε̣υς ὀπτίων ἔγραψα. 
[⁦ -ca.?- ⁩]","  ⁦ -ca.?- ⁩ στρατιώτης ἑκατονταρχίας Κασιαν   ̣⁦ -ca.?- ⁩ 
κιβαριάτο̣ρι χαίρειν. ἔλαβον παρὰ σοῦ οἴνου ?⁦ -ca.?- ⁩ 
⁦ -ca.?- ⁩ ἓ̣ν δηναρίων β ὀβολῶν δεκατεσσάρων ⁦ -ca.?- ⁩ 
⁦ -ca.?- ⁩ ἔτους ιη ／ ／ ／ Μεχὶρ  ζ. 
5⁦ -ca.?- ⁩ε̣υς ὀπτίων ἔγραψα. 
⁦ -ca.?- ⁩","35.273199,23.666588",35.273199,23.666588,26.25993864,9.96060092857143,8
407,,,© Heidelberger Gesamtverzeichnis der griechischen Papyrusurkunden Ägyptens. This work is licensed under a Creative Commons Attribution 3.0 License.,,,,,Pselkis,,,,,,,Ostrakon,,"SB 24 16246 (Rupprecht, Hans-Albert / Hengstl, Joachim; 2003) = ZPE 110 (1996), p. 141 no. 14 (La'da, Csaba A. / Rubinstein, Lene; 1996)",Quittung für Weinrationen,,,,Ostrakon,,,mentioned people,Quittung; Soldat an cibariator; Empfang von Wein; Geld,,,,,"Cambridge, Museum of Classical Archaeology DA 26",,,,,,"Egypt, Aethiopia - Pselkis (El-Dakka)[found & written]",,,,AD 150 - 225,,,,,,,,,,,,Greek,"ZPE 110, 1996, Tafel V 14)",,,,,,,,,,"ZPE 110, 1996, Tafel V 14)",,2. Hälfte II - frühes III,SB 24 16246,Quittung; Soldat an cibariator; Empfang von Wein; Geld,,Pselkis (Nubien),,,,,,,,,,,© Heidelberger Gesamtverzeichnis der griechischen Papyrusurkunden Ägyptens. This work is licensed under a Creative Commons Attribution 3.0 License.,,,,,,,,,,,Ostrakon,,,,,,,,Quittung für Weinrationen,Ostrakon,,,,,,,,,"  Παουῆρις Χ  ̣  ̣[⁦ -ca.?- ⁩] 
Τυράννῳ κιβ̣[αριάτορι χαίρειν.] 
ἔλαβων παρὰ [σοῦ οἴνου] 
κολωφώνια [⁦ -ca.?- ⁩] 
5(δηναρίων) β ὀβο(λῶν) η    ̣[⁦ -ca.?- ⁩] 
ἐνταλε̣[⁦ -ca.?- ⁩] 
υπ[⁦ -ca.?- ⁩] 
[⁦ -ca.?- ⁩]","  Παουῆρις Χ  ̣  ̣⁦ -ca.?- ⁩ 
Τυράννῳ κιβ̣αριάτορι χαίρειν. 
ἔλαβων παρὰ σοῦ οἴνου 
κολωφώνια ⁦ -ca.?- ⁩ 
5δηναρίων β ὀβολῶν η    ̣⁦ -ca.?- ⁩ 
ἐνταλε̣⁦ -ca.?- ⁩ 
υπ⁦ -ca.?- ⁩ 
⁦ -ca.?- ⁩","35.273199,23.666588",35.273199,23.666588,26.25993864,9.96060092857143,8
