Unnamed: 0,Condition (HGV),Author (HGV),License (HGV),Culture (HGV),Script Type (HGV),Previous Edition (HGV),Preservation (HGV),Origin (HGV),Catalog(s) (HGV),Work (HGV),Summary (HGV),Recto/Verso (HGV),Post-Concordance BL Entries (HGV),Genre (HGV),Material (HGV),Support Dimensions (HGV),Publications (HGV),Title (HGV),Translations (HGV),Support Material (HGV),Note (general) (HGV),Support/Dimensions (HGV),Reuse Type (HGV),Images (HGV),People (HGV),Subjects (HGV),Hands (HGV),Commentary (HGV),General Notes (HGV),Place Stored (Ancient) (HGV),Inv. no. (HGV),Principal Edition (HGV),Lines (HGV),Citations (HGV),Availability (HGV),palaeo (HGV),Provenance (HGV),Religion (HGV),catalogue (HGV),Partial Edition (HGV),Date (HGV),translation (HGV),study (HGV),Reference Edition (HGV),Fragments (HGV),reference (HGV),Associated Names (HGV),Works (HGV),Inv. Id (HGV),Form and Layout (HGV),Places (HGV),illustration (HGV),Language (HGV),Print Illustrations (HGV),Note (local/note) (HGV),Note (related) (HGV),Content (HGV),Readings (HGV),Mentioned Dates (HGV),Archive (HGV),Fragments (Tris),General Notes (Tris),Genre (Tris),Print Illustrations (Tris),Reuse Type (Tris),Date (Tris),Publications (Tris),Subjects (Tris),illustration (Tris),Origin (Tris),Translations (Tris),Reference Edition (Tris),Partial Edition (Tris),Support Dimensions (Tris),Provenance (Tris),Availability (Tris),Work (Tris),Content (Tris),Form and Layout (Tris),catalogue (Tris),License (Tris),Previous Edition (Tris),Post-Concordance BL Entries (Tris),Support Material (Tris),Principal Edition (Tris),Citations (Tris),People (Tris),translation (Tris),Commentary (Tris),Inv. Id (Tris),Place Stored (Ancient) (Tris),Support/Dimensions (Tris),Script Type (Tris),Culture (Tris),Catalog(s) (Tris),Mentioned Dates (Tris),study (Tris),palaeo (Tris),Readings (Tris),Title (Tris),Material (Tris),Images (Tris),Religion (Tris),Works (Tris),Language (Tris),Inv. no. (Tris),Places (Tris),Archive (Tris),reference (Tris),text,cleanText,Coordinates,Latitude,Longitude,relLat,relLong,Cluster
132,,,This work is licensed under a Creative Commons Attribution-NonCommercial 3.0 License.,,,,,Magdola,,,"Three dealers, Sopatros, Dionysios and Ptolemaios, complain against a wine merchant, Petenenteris, who has delivered to them an incomplete order for wine. The verso contains a summary of the petition.",,,,Papyrus,,"P. Enteux. 34 (Guéraud, Octave; 1931) = P. Lille Gr. 2 26 (Lesquier, Jean; 1912)",Incomplete delivery of an order for wine,,,Special Register: SR2803,1 papyrus ; 15 x 32.5,,http://ipap.csad.ox.ac.uk/Enteuxeis-bw/300dpi/P.Enteux.34v.j...,mentioned people,Documentary; Papyri,,,,,"Cairo, Egyptian Museum JdE 58953; . formerly: Paris, Sorbonne, Institut de Papyrologie 56",,,P.Enteux.:34,,,"Egypt, 00d - Krokodilopolis (Medinet el-Fayum)[destination]; Egypt, 00c - Magdola (Medinet Nehas)[found]; Egypt, 00a - Kerkesoucha[written]",,,,"May 11, 218 BC",,,,,,,,JE58953,,mentioned places,,Greek,,,,,,Z. 2:16. März 218 - 14. Apr. 218 v.Chr.,Petitions from Magdola,,,,,,11. Mai 218 v.Chr.,P.Lille II 26,Eingabe; Sopatros; Dionysios und Ptolemaios an den König; unvollständige Lieferung (Wein),,"Kerkesucha Orus (Arsinoites, Ägypten)",,,,,,,,,,,© Heidelberger Gesamtverzeichnis der griechischen Papyrusurkunden Ägyptens. This work is licensed under a Creative Commons Attribution 3.0 License.,,,,,,,,,,,Papyrus,,,,Z. 2:16. März 218 - 14. Apr. 218 v.Chr.,,,,Livraison incomplète d’une commande de vin,Papyrus,http://ipap.csad.ox.ac.uk/Enteuxeis-bw/300dpi/P.Enteux.34v.j...,,,,,,,,"  βασιλεῖ Πτολεμαίωι χαίρειν Σώπατρος Μέλανος καὶ Διονύσιος Ἀλκαινέτου καὶ Πτολεμαῖος 
Περίτου, κάπηλοι ἐκ Κερκεσούχων. ἀδικούμεθα ὑπὸ Πετενεντήριος. τοῦ γὰρ δ (ἔτους), Μεχείρ, 
ἀποδόμενος ἡμῖν οἴνου κεράμια ρκϛ, ὧν ἑξάχοα μὲν οβ, πεντάχοα δὲ νδ, 
ἕκαστον μετρητὴν τὸν (ἑξάχοον) (δραχμῶν) ιδ, καὶ εἰς τοῦτο λαβὼν παρʼ ἡμῶν ἀρραβῶνα (δραχμὰς) π, ἐφʼ ὧι καὶ 
5τοῦ ἐκφερομένου τὴν τιμὴν διορθούμενοι [ἐκτ]αμιευσόμεθα, ἡμῶν δὲ ἐκτεταμιευμένων 
ἑξάχοα μὲν λ, πεντάχοα δὲ ϛ, κα[ὶ τ]ούτων δεδωκότων ἡμῶν ⟦τῶι π⟧ τὴν τιμὴν τῶι 
παρὰ Νίκωνος, ὧι συ  ̣  ̣  ̣ετα  ̣  ̣η̣ ὁ̣ Πε\τε/νεντῆρις, (δραχμὰς) υϙ καὶ ἔτι πλεῖον (δραχμὰς) ρι ἵνα καὶ τ[οῦ]το ἡμῖν ὑπάρ-
χηι πλεῖον τοῦ δεδομέ[ν]ου ἀρραβῶνος, ὥστε εἶ[ν]αι τὸν ἀρραβῶνα (δραχμὰς) ρϙ, βουλομέν[ω]ν δὲ ἡμῶν 
καὶ τὰ λοιπὰ ἐκταμιε[ύ]εσθαι, εὑρίσκομεν ἀ[πὸ] τ[ο]ῦ πλήθους ἐλαττονοῦντα κεράμια
                              (ἑξάχοα) ϛ  
10(πεντάχοα) η. δεόμεθα οὖν σου, βασιλεῦ, εἴ σοι δοκε̣ῖ̣, π[ρο]στάξαι Διοφάνει τῶι στρατη[γ]ῶι ἀνακαλεσάμενον
                              τὸν 
Πετεν\εν/τῆριν ἐπισκέψασθαι περὶ τούτων καὶ ἐὰ[ν] ἦι ἀληθῆ ὡς διὰ τῆ[ς] ἐντεύξεως
                              ἐμφανίζομεν, 
ἐπαναγκάσαι αὐτὸν ἀποδοῦναι ἡμ[ῖν] τὸ διάφορον τῶν ἐλαττονούντων ιδ κεραμίων, ὅσον 
ἂν κατομοσώμεθα, ἵνα ἐπὶ σὲ καταφυγόντες, βασιλεῦ, τύχωμεν τοῦ δικαίου. 
εὐτύχει. 
15(hand 2)   ̣  ̣  ̣  ̣[⁦ -ca.?- ⁩] (ἔτους) δ, Δίου γ, Φαμενὼθ κζ. ","  βασιλεῖ Πτολεμαίωι χαίρειν Σώπατρος Μέλανος καὶ Διονύσιος Ἀλκαινέτου καὶ Πτολεμαῖος 
Περίτου, κάπηλοι ἐκ Κερκεσούχων. ἀδικούμεθα ὑπὸ Πετενεντήριος. τοῦ γὰρ δ ἔτους, Μεχείρ, 
ἀποδόμενος ἡμῖν οἴνου κεράμια ρκϛ, ὧν ἑξάχοα μὲν οβ, πεντάχοα δὲ νδ, 
ἕκαστον μετρητὴν τὸν ἑξάχοον δραχμῶν ιδ, καὶ εἰς τοῦτο λαβὼν παρʼ ἡμῶν ἀρραβῶνα δραχμὰς π, ἐφʼ ὧι καὶ 
5τοῦ ἐκφερομένου τὴν τιμὴν διορθούμενοι ἐκταμιευσόμεθα, ἡμῶν δὲ ἐκτεταμιευμένων 
ἑξάχοα μὲν λ, πεντάχοα δὲ ϛ, καὶ τούτων δεδωκότων ἡμῶν ⟦τῶι π⟧ τὴν τιμὴν τῶι 
παρὰ Νίκωνος, ὧι συ  ̣  ̣  ̣ετα  ̣  ̣η̣ ὁ̣ Πε\τε/νεντῆρις, δραχμὰς υϙ καὶ ἔτι πλεῖον δραχμὰς ρι ἵνα καὶ τοῦτο ἡμῖν ὑπάρ-
χηι πλεῖον τοῦ δεδομένου ἀρραβῶνος, ὥστε εἶναι τὸν ἀρραβῶνα δραχμὰς ρϙ, βουλομένων δὲ ἡμῶν 
καὶ τὰ λοιπὰ ἐκταμιεύεσθαι, εὑρίσκομεν ἀπὸ τοῦ πλήθους ἐλαττονοῦντα κεράμια
                              ἑξάχοα ϛ  
10πεντάχοα η. δεόμεθα οὖν σου, βασιλεῦ, εἴ σοι δοκε̣ῖ̣, προστάξαι Διοφάνει τῶι στρατηγῶι ἀνακαλεσάμενον
                              τὸν 
Πετεν\εν/τῆριν ἐπισκέψασθαι περὶ τούτων καὶ ἐὰν ἦι ἀληθῆ ὡς διὰ τῆς ἐντεύξεως
                              ἐμφανίζομεν, 
ἐπαναγκάσαι αὐτὸν ἀποδοῦναι ἡμῖν τὸ διάφορον τῶν ἐλαττονούντων ιδ κεραμίων, ὅσον 
ἂν κατομοσώμεθα, ἵνα ἐπὶ σὲ καταφυγόντες, βασιλεῦ, τύχωμεν τοῦ δικαίου. 
εὐτύχει. 
15hand 2   ̣  ̣  ̣  ̣⁦ -ca.?- ⁩ ἔτους δ, Δίου γ, Φαμενὼθ κζ. ","29.132354,30.588404",29.132354,30.588404,31.658955119999995,15.662814142857144,0
133,,,© Heidelberger Gesamtverzeichnis der griechischen Papyrusurkunden Ägyptens. This work is licensed under a Creative Commons Attribution 3.0 License.,,,,,Magdola,,,,,VIII 119,,Papyrus,,"P. Enteux. 65 (Guéraud, Octave; 1931)",Partage d’un vignoble,"Kloppenborg, Tenants in the Vineyard (2006), S. 451-452",,,Papyrus,,,mentioned people,Eingabe; Marres an den König; Vollzug der Teilung eines Weinbergs; Zahlungen (Ausgleich) für in der Zwischenzeit entstandenen Schaden,,,,,"Paris, Sorbonne, Institut de Papyrologie number unknown",,,,,,"Egypt, 00d - Krokodilopolis (Medinet el-Fayum)[destination]; Egypt, 00c - Magdola (Medinet Nehas)[found]; Egypt, 00c - Berenikis Thesmophorou[written]",,,,"BC 221 Feb 26 (P04, year 01, Tybi 12 = Gorpiaios 28)",,,,,,,,,,mentioned places,,Greek,Pl. VIII,,,,,Z. 14:6. Febr. 223 v.Chr. Z. 7:16. Febr. 221 v.Chr.,Petitions from Magdola,,,,Pl. VIII,,26. Febr. 221 v.Chr.,P.Enteux. 65,Eingabe; Marres an den König; Vollzug der Teilung eines Weinbergs; Zahlungen (Ausgleich) für in der Zwischenzeit entstandenen Schaden,,Magdola (Arsinoites),"Kloppenborg, Tenants in the Vineyard (2006), S. 451-452",,,,,,,,,,© Heidelberger Gesamtverzeichnis der griechischen Papyrusurkunden Ägyptens. This work is licensed under a Creative Commons Attribution 3.0 License.,,VIII 119,,,,,,,,,Papyrus,,,,Z. 14:6. Febr. 223 v.Chr. Z. 7:16. Febr. 221 v.Chr.,,,,Partage d’un vignoble,Papyrus,,,,,,,,,"  βασιλεῖ Πτολεμαίωι χαίρειν Μαρρῆς Πετοσίριος. ἀδικοῦμαι ὑπὸ Ἡ[ρ]άκωντος καὶ Ἵππωνος 
καὶ Πειθολάου. ὑπαρχούσης γάρ μοι κρίσεως ἐπὶ Διοφάνους τοῦ στρατ[η]γοῦ πρὸς Ἡράκωντα 
καὶ Ἵππωνα περὶ διαιρέσεως ἀμπελῶνος ὃν ἐπριὰμην, ἐγ(*) βασιλικοῦ, καὶ ταύτης ὑπερβολὴν 
λαβούσης διὰ τὸ αἰτησαμένους Ἡράκωντα κ[αὶ] Ἵππωνα ἡμέρας εἴκοσι φυγοδικοῦντας μὴ
                              συν-
5αντῆσαί μ[οι κ]αὶ μετ[ά] τινα χρόνον καταπ[λε]ῦσαι Διοφάνην [ε]ἰς Ἀλεξάνδρειαν, διʼ
                              ἣν αἰτίαν οὐδʼ ἕως 
τοῦ νῦν τὰ π[ρά]γματα διέξοδον [εἴλη]φεν, ὄντος δὲ Πανήθου τοῦ ἀμπελ[  ̣]υ  ̣[  ̣  ̣  ̣]μ̣[  ̣]υ μου ἐν τῶι ἀμπε-
λῶνι καὶ ἐργαζομ[έ]νου μετʼ ἄλλων ἐργατῶν, ἐπελθὼν Πειθόλαος, τοῦ β (ἔτους), μη[ν]ὸς Τῦβι δ, ἐξέβ[α]λεν 
αὐτὸν καὶ τοὺς μεθʼ(*) αὐτοῦ ἐρ[γ]άτας, [ὡ]ς παραγεν[ό]μενό[ς] μοι ἀπήγγειλεν· Ἵππων δὲ καὶ Ἡράκων ἐπαφι-
έντες \τὰ αὑτῶν/ πρόβατα [ε]ἰς τὸν ἀμπελῶνά τ[ι]νας τῶν ἀ[μ]πέλων κατεφθάρκασιν ἑκουσ[ί]ω[ς,
                              βλά]πτειν με βουλ[ό-]
10μενοι· περὶ ὧν τὸν κωμάρχην καὶ τοὺ[ς] φυλακίτα[ς] καὶ ἄλλους τινὰς ἐπαγαγὼν ἐπέδειξ[α]
                              αὐτοῖς, οὓς καὶ 
ἐπεμαρτυρα\το/(*) ἐκ τοῦ ἀμπ[ε]λ[ῶ]ν[ο]ς ἐ[λάσ]αι με διε  ̣[  ̣]η̣κότε̣ς̣ διὰ τὸ μὴ ὑπομένε[ι]ν με αὐτοῖς ἀποδο[ῦναι]. 
δέομαι οὖν σου, βασιλεῦ, προστάξαι Διοφάνει τῶι [στρ]ατηγ[ῶ]ι γράψαι Πυθιάδει τῶι
                              ἐπιστάτηι ἀποστεῖλ[αι] 
τοὺς προγεγραμμένους ἐπʼ αὐτόν, ὅπως Ἡράκων μὲ[ν κ]α[ὶ] Ἵπ[π]ων ἐπαναγκασθῶσι διελέσθαι
                              πρός με τὸν 
[ἀ]μπελῶνα κατὰ τὴν ἔντευξιν ἣν δέδωκα κα[τʼ αὐτῶν] περὶ τῆς διαιρέσεως, (ἔτους) κδ, Γορπιαίου κβ, 
15Χοίαχ κβ, ἅμα δὲ ἐπ[α]ναγκάσαι αὐτοὺς συνδιελέσθ[αι γῆν ἣν κ]αὶ προσκαταπεφυ[τ]εύκαμεν κοινῆι, 
ἧς καὶ τὰς ἀναφορὰς τῆς τιμῆ[ς τ]έταγμαι πρὸς χρυσὸ[ν (δραχμῶν) ⁦ -ca.?- ⁩]. εἰσπρᾶξαί μοι αὐτοὺς τοῦ ἑκουσίου βλάβους 
(δραχμὰς) φ, περὶ δὲ Πειθολάου διαγνῶι Διοφάνης καθότι ἂν α[ὐτῶι φαίνηται]. τούτων γὰρ γενομένων,
                              διὰ σέ, 
βασιλεῦ, τῶν δικαίων τεύξομαι. ⁦ vac. ? ⁩ εὐτύχει. 
⁦ vac. ? ⁩  
(hand 2) Πυθιάδει. μάλιστα μὲν διάλυσο[ν αὐτούς· εἰ δὲ μή, ἀπόστει]λον ὅπ(ως) ἐπὶ
                              τοῦ κοιν[ο-]
20δ[ι]κίου δι(ακριθῶσιν). (ἔτους) α, Γ[ορπιαίου κη, Τῦβι ιβ]. ","  βασιλεῖ Πτολεμαίωι χαίρειν Μαρρῆς Πετοσίριος. ἀδικοῦμαι ὑπὸ Ἡράκωντος καὶ Ἵππωνος 
καὶ Πειθολάου. ὑπαρχούσης γάρ μοι κρίσεως ἐπὶ Διοφάνους τοῦ στρατηγοῦ πρὸς Ἡράκωντα 
καὶ Ἵππωνα περὶ διαιρέσεως ἀμπελῶνος ὃν ἐπριὰμην, ἐγ βασιλικοῦ, καὶ ταύτης ὑπερβολὴν 
λαβούσης διὰ τὸ αἰτησαμένους Ἡράκωντα καὶ Ἵππωνα ἡμέρας εἴκοσι φυγοδικοῦντας μὴ
                              συν-
5αντῆσαί μοι καὶ μετά τινα χρόνον καταπλεῦσαι Διοφάνην εἰς Ἀλεξάνδρειαν, διʼ
                              ἣν αἰτίαν οὐδʼ ἕως 
τοῦ νῦν τὰ πράγματα διέξοδον εἴληφεν, ὄντος δὲ Πανήθου τοῦ ἀμπελ  ̣υ  ̣  ̣  ̣  ̣μ̣  ̣υ μου ἐν τῶι ἀμπε-
λῶνι καὶ ἐργαζομένου μετʼ ἄλλων ἐργατῶν, ἐπελθὼν Πειθόλαος, τοῦ β ἔτους, μηνὸς Τῦβι δ, ἐξέβαλεν 
αὐτὸν καὶ τοὺς μεθʼ αὐτοῦ ἐργάτας, ὡς παραγενόμενός μοι ἀπήγγειλεν· Ἵππων δὲ καὶ Ἡράκων ἐπαφι-
έντες \τὰ αὑτῶν/ πρόβατα εἰς τὸν ἀμπελῶνά τινας τῶν ἀμπέλων κατεφθάρκασιν ἑκουσίως,
                              βλάπτειν με βουλό-
10μενοι· περὶ ὧν τὸν κωμάρχην καὶ τοὺς φυλακίτας καὶ ἄλλους τινὰς ἐπαγαγὼν ἐπέδειξα
                              αὐτοῖς, οὓς καὶ 
ἐπεμαρτυρα\το/ ἐκ τοῦ ἀμπελῶνος ἐλάσαι με διε  ̣  ̣η̣κότε̣ς̣ διὰ τὸ μὴ ὑπομένειν με αὐτοῖς ἀποδοῦναι. 
δέομαι οὖν σου, βασιλεῦ, προστάξαι Διοφάνει τῶι στρατηγῶι γράψαι Πυθιάδει τῶι
                              ἐπιστάτηι ἀποστεῖλαι 
τοὺς προγεγραμμένους ἐπʼ αὐτόν, ὅπως Ἡράκων μὲν καὶ Ἵππων ἐπαναγκασθῶσι διελέσθαι
                              πρός με τὸν 
ἀμπελῶνα κατὰ τὴν ἔντευξιν ἣν δέδωκα κατʼ αὐτῶν περὶ τῆς διαιρέσεως, ἔτους κδ, Γορπιαίου κβ, 
15Χοίαχ κβ, ἅμα δὲ ἐπαναγκάσαι αὐτοὺς συνδιελέσθαι γῆν ἣν καὶ προσκαταπεφυτεύκαμεν κοινῆι, 
ἧς καὶ τὰς ἀναφορὰς τῆς τιμῆς τέταγμαι πρὸς χρυσὸν δραχμῶν ⁦ -ca.?- ⁩. εἰσπρᾶξαί μοι αὐτοὺς τοῦ ἑκουσίου βλάβους 
δραχμὰς φ, περὶ δὲ Πειθολάου διαγνῶι Διοφάνης καθότι ἂν αὐτῶι φαίνηται. τούτων γὰρ γενομένων,
                              διὰ σέ, 
βασιλεῦ, τῶν δικαίων τεύξομαι. ⁦ vac. ? ⁩ εὐτύχει. 
⁦ vac. ? ⁩  
hand 2 Πυθιάδει. μάλιστα μὲν διάλυσον αὐτούς· εἰ δὲ μή, ἀπόστειλον ὅπως ἐπὶ
                              τοῦ κοινο-
20δικίου διακριθῶσιν. ἔτους α, Γορπιαίου κη, Τῦβι ιβ. ","29.132354,30.588404",29.132354,30.588404,31.658955119999995,15.662814142857144,0
134,,,© Heidelberger Gesamtverzeichnis der griechischen Papyrusurkunden Ägyptens. This work is licensed under a Creative Commons Attribution 3.0 License.,,,,,Magdola,,,,,,,Papyrus,,"P. Enteux. 71 (Guéraud, Octave; 1931) = P. Lille Gr. 2 4 (Lesquier, Jean; 1912)",Dommages à un troupeau de porcs,,,,Papyrus,,,mentioned people,Eingabe; N.N. an den König; Anschlag auf Schweine,,,,,"Paris, Sorbonne, Institut de Papyrologie number unknown",,,,,,"Egypt, 00d - Krokodilopolis (Medinet el-Fayum)[destination]; Egypt, 00c - Magdola (Medinet Nehas)[found]; Egypt, 00 - Arsinoites (Fayum)[written]",,,,"BC 222 Jan 28 (P03, year 25, Choiak 13 = Loios 26)",,,,,,,,,,,,Greek,"P.Lille II, Planche IV",,,,,,Petitions from Magdola,,,,"P.Lille II, Planche IV",,28. Jan. 222 v.Chr.,P.Lille II 4,Eingabe; N.N. an den König; Anschlag auf Schweine,,Magdola (Arsinoites),,,,,,,,,,,© Heidelberger Gesamtverzeichnis der griechischen Papyrusurkunden Ägyptens. This work is licensed under a Creative Commons Attribution 3.0 License.,,,,,,,,,,,Papyrus,,,,,,,,Dommages à un troupeau de porcs,Papyrus,,,,,,,,,"  [βασιλεῖ Πτολεμαίωι χαίρειν ⁦ -ca.?- ⁩ τῆς τ]ετάρ[της] ἱππαρχίας. ἀδικοῦμαι 
[⁦ -ca.?- ⁩ τῶν ἱ]ερείων μου νεμομένων πρὸς τῶι 
[⁦ -ca.?- ⁩]α καὶ συνκλείσαντες εἰς τὰ μυρίκινα 
[⁦ -ca.?- ⁩]κτρουναι χο[ι]ρίδια ὀκτώ , καὶ ἔστιν ἡ ὗς 
5[⁦ -ca.?- ⁩ τοῖ]ς χοιρι[δ]ίοι[ς ⁦ -ca.?- ⁩] μετὰ ταῦτα ἑτέραν ἀπέκτειναν 
λευκήν, ἐγ(*) γαστρὶ ἔχουσαν, ἣ ἦν ἀξία (δραχμῶν) [  ̣  ̣. δέο]μαι οὖν [σο]υ, βασιλεῦ, εἴ σοι δοκεῖ, προστάξαι 
Διοφάνει τῶι στρατηγῶι γράψαι Διοσκουρί[δει] τῶι ἐπιστάτηι, ἐὰν ἦι τὰ διὰ τῆς ἐντεύξεως 
ἀληθῆ, πρᾶξαι αὐτοὺς τὴν τιμὴν τ[ῶν ἱε]ρείων. τούτου γὰρ γενομένου, ἐπὶ σὲ κατα-
φυγών, τὸν πάντων κοινὸν εὐεργέτην, ἔ[σομ]αι τοῦ δικαίου τετευχώς. 
10εὐτύχει. 
⁦ vac. ? ⁩  
(hand 2) Διοσκουρίδει. ἐπι(σκεψάμενος) φ(ρ)όν(τισον) ὅπως τῶν δικαί[ων τ]ύχηι. (ἔτους) κε, Λωίου κϛ, Χοίαχ ιγ. ","  βασιλεῖ Πτολεμαίωι χαίρειν ⁦ -ca.?- ⁩ τῆς τετάρτης ἱππαρχίας. ἀδικοῦμαι 
⁦ -ca.?- ⁩ τῶν ἱερείων μου νεμομένων πρὸς τῶι 
⁦ -ca.?- ⁩α καὶ συνκλείσαντες εἰς τὰ μυρίκινα 
⁦ -ca.?- ⁩κτρουναι χοιρίδια ὀκτώ , καὶ ἔστιν ἡ ὗς 
5⁦ -ca.?- ⁩ τοῖς χοιριδίοις ⁦ -ca.?- ⁩ μετὰ ταῦτα ἑτέραν ἀπέκτειναν 
λευκήν, ἐγ γαστρὶ ἔχουσαν, ἣ ἦν ἀξία δραχμῶν   ̣  ̣. δέομαι οὖν σου, βασιλεῦ, εἴ σοι δοκεῖ, προστάξαι 
Διοφάνει τῶι στρατηγῶι γράψαι Διοσκουρίδει τῶι ἐπιστάτηι, ἐὰν ἦι τὰ διὰ τῆς ἐντεύξεως 
ἀληθῆ, πρᾶξαι αὐτοὺς τὴν τιμὴν τῶν ἱερείων. τούτου γὰρ γενομένου, ἐπὶ σὲ κατα-
φυγών, τὸν πάντων κοινὸν εὐεργέτην, ἔσομαι τοῦ δικαίου τετευχώς. 
10εὐτύχει. 
⁦ vac. ? ⁩  
hand 2 Διοσκουρίδει. ἐπισκεψάμενος φρόντισον ὅπως τῶν δικαίων τύχηι. ἔτους κε, Λωίου κϛ, Χοίαχ ιγ. ","29.132354,30.588404",29.132354,30.588404,31.658955119999995,15.662814142857144,0
316,,,This work is licensed under a Creative Commons Attribution-NonCommercial 3.0 License.,,,,,Tebtynis,,,Gives those villages from which payment in money had been collected.,Recto: List of villages,,,Papyri,,"P. Tebt. 3 1069 descr. (Hunt, Arthur S. / Smyly, J. Gilbart / Edgar, Campbell Cowan; 1938)",Account of wine.,,,26th year (of Philometor presumably),1 papyrus ; 25 x 10 cm.,,https://dpg.lib.berkeley.edu/webdb/apis/apis2?sort=Author_Ti...,mentioned people,"Wine and wine making; Accounts, Ptolemaic Period",,Descr.,,,"Berkeley, Bancroft Library P. Tebt. 1069",,"12 lines, on verso across the fibers.",P.Tebt.:3.2:1069,,,"Egypt, 00c - Tebtynis (Umm el-Baragat)[found]; Egypt, 00b - Themistou Meris[written]",,,,154 B.C.?,,,,,,,,P.Tebt.1069 Verso,,mentioned places,,Greek,,"Bancroft Library, Univ. of Calif., Berkeley",,,,verso:156 - 155 v.Chr. (?),,,,,,,II v.Chr.,P.Tebt. 3 .2 1069,Liste; Dörfer; Zahlung; Geld; Namen,,Tebtynis (Arsinoites),,,,,,,,,,,© Heidelberger Gesamtverzeichnis der griechischen Papyrusurkunden Ägyptens. This work is licensed under a Creative Commons Attribution 3.0 License.,,,,,,,,Descr.,,,Papyrus,,,,verso:156 - 155 v.Chr. (?),,,,Account of Receipts from Villages,Papyrus,https://dpg.lib.berkeley.edu/webdb/apis/apis2?sort=Author_Ti...,,,,,,,,"  Traces 1 line  
2Φιλωτε(ρίδος) \καὶ Ι̣ε̣[⁦ -ca.?- ⁩]/   ̣[⁦ -ca.?- ⁩] 
Ἀργεάδος Φιλ̣[⁦ -ca.?- ⁩] 
Αὐτοδί(κης) Πυρ[ρίας ⁦ -ca.?- ⁩] 
5Φιλαγρ(ίδος) Α̣σ̣π̣  ̣[⁦ -ca.?- ⁩] 
Θεαδελφείας Εμ̣ω̣  ̣[⁦ -ca.?- ⁩] 
Πηλουσίου Εμ̣  ̣[⁦ -ca.?- ⁩] 
Ἀλεξά(νδρου) Νή(σου) Λεο[⁦ -ca.?- ⁩] 
Διονυσιάδος Παῶς κα[ὶ ⁦ -ca.?- ⁩] 
10Τρικω(μίας) Πυρρίας καὶ [⁦ -ca.?- ⁩] 
(γίνονται) τά(λαντα) μη  ε  ̣[  ̣  ̣] ","  Traces 1 line  
2Φιλωτερίδος \καὶ Ι̣ε̣⁦ -ca.?- ⁩/   ̣⁦ -ca.?- ⁩ 
Ἀργεάδος Φιλ̣⁦ -ca.?- ⁩ 
Αὐτοδίκης Πυρρίας ⁦ -ca.?- ⁩ 
5Φιλαγρίδος Α̣σ̣π̣  ̣⁦ -ca.?- ⁩ 
Θεαδελφείας Εμ̣ω̣  ̣⁦ -ca.?- ⁩ 
Πηλουσίου Εμ̣  ̣⁦ -ca.?- ⁩ 
Ἀλεξάνδρου Νήσου Λεο⁦ -ca.?- ⁩ 
Διονυσιάδος Παῶς καὶ ⁦ -ca.?- ⁩ 
10Τρικωμίας Πυρρίας καὶ ⁦ -ca.?- ⁩ 
γίνονται τάλαντα μη  ε  ̣  ̣  ̣ ","29.107063,30.762808",29.107063,30.762808,31.79499024,15.686298642857142,0
335,,,© Heidelberger Gesamtverzeichnis der griechischen Papyrusurkunden Ägyptens. This work is licensed under a Creative Commons Attribution 3.0 License.,,,,,Tebtynis,,,,,,,Papyrus,,"PSI 8 918 (Vitelli, Girolamo?; 1927)",Vendita di un vigneto ed annessi,"Johnson, Roman Egypt (1936), S. 159-160, Nr. 89",,,Papyrus,,http://www.psi-online.it/documents/psi;8;918...,mentioned people,Vertrag; Verkauf; Weingarten,,"Zu Z. 3 vgl. Tyche 17, 2002, S. 254.",,,"Cairo, Egyptian Museum PSI 918",,,,,,"Egypt, 00c - Tebtynis (Umm el-Baragat)[found]; Egypt, 00c - Theogonis[written]",,,,"AD 38 Aug 29 - 39 Aug 29 (Caligula, year 02)",,,,,,,,,,mentioned places,,Greek,,,,,,Z. 6-7:37 - 38,Kronion son of Apion head of the grapheion of Tebtynis,,,,,,38 - 39,PSI 8 918,Vertrag; Verkauf; Weingarten,,Tebtynis (Arsinoites),"Johnson, Roman Egypt (1936), S. 159-160, Nr. 89",,,,,,,,,,© Heidelberger Gesamtverzeichnis der griechischen Papyrusurkunden Ägyptens. This work is licensed under a Creative Commons Attribution 3.0 License.,,,,,,,,"Zu Z. 3 vgl. Tyche 17, 2002, S. 254.",,,Papyrus,,,,Z. 6-7:37 - 38,,,,Vendita di un vigneto ed annessi,Papyrus,http://www.psi-online.it/documents/psi;8;918...,,,,,,,,"  ⦿ Μάρων Ἡρακλείδου ὁμολογῶι(*) πεπρακέναι κατὰ δε(*) τὴν πρᾶσιν {ταύτην} ἀπὸ τῆς ἐνεστώσης ἡμέρας ἐπὶ τὸν ἅπαντα χρόνον Ἡρακλείδηι νεωτέρωι̣
                              Μάρωνος τὸν ὑπάρχοντά μοι ἀμ̣πελῶ̣να Σεκκυω̣ λογουμεν[  ̣  ̣](*) [ἀ]ναδενδραδικὸν ἀρο̣[υ]ρ̣ῶ̣ν̣ δύο ἢ ὅσο̣ν̣ ἂν ὦσι[  ̣  ̣  ̣]ιον ἀπʼ ἀρουρῶν τ̣εσ̣[σάρων ] κ̣ο̣ι̣νῶν καὶ καιδιε̣[ρέτων](*) [πρὸς τὴν μητέρα μου Ἡρακλ]έαν Ἡρακλείου 
ἐ̣π̣ικαλουμενον(*) Καλεμου ἐν ο(*) ὑποδοχῖον(*) καὶ φρεαρον(*) λίθινον καὶ κηλώ̣νηον(*) σὺν τοῖς τοῦ ἐνεστῶτος τρίτου ἔτους Γαίου Καίσαρος Σεβαστοῦ Γερμανικοῦ ἐπικιμένοις(*) καρποῖς καὶ γενήμασι καὶ τὰ συνκύρων[τα](*) πάντα περὶ Θεογον[ί]δα τῆς Πο̣λ̣έμων̣ο̣ς̣ μ̣[ερίδ]ος καὶ τὸ ὑπάρχον μ[ο]ι τ̣ρ̣ί̣τον
                              μέρος λη[νοῦ καὶ ἡλιαστηρίου καὶ τῶν(?)] συνκυρών-
των(*) πάντων ἐν τῆι αὐτῆι κώμηι Θεογονίδι κοινῶν καὶ καιδιαιρέτων(*) πρός τε τὸν πριάμενον Ἡρακλείδην καὶ Δίδυμον ἀμφοτερων(*) Μάρωνος· ὧν γίτονες(*) τοῦ μὲν ἀμπελῶνος τῶν ὅλων ἀ̣ρ̣[ουρ]ῶν τεσσάρων νότου̣ καὶ ἀπηλιώτου Μάρκ[ου Ἀν]τω-νίου
                              Σατορνίνο̣[υ] κ̣α̣ὶ̣ Τιβερίου Κλαυδί[ου - ca.20 -] διʼ οὗ   ̣  ̣  ̣  ̣  
βασιλικό̣ς̣, ἀνὰ μέσον οὔσης ποτίστρας, λιβὸς Διδύμου τοῦ Μάρωνος ἀμπελῶνο̣ς̣ καὶ
                              ἐπί τι μέρος υἱῶν Δημητρίου τοῦ Ἀπολλωνίδου ἀμπελὼν γίτονες(*), καὶ τῆς ληνο̣ῦ̣ καὶ εἱλιαστηρίου(*) ὧ̣ν τὰ μέτρα διὰ τῶν εἰς Μάρωνα Λυσιμάχου των(*) πάππον μ[ου] τοῦ δὲ Ἡρακλείδου [⁦ -ca.?- ⁩ περὶ αὐτῶν οἰκον]ομειῶν δη-
5λοῦνται· καὶ ἀπέχωι(*) παρὰ τοῦ Ἡρακλείδου τὴν συνκεχωρημένην τιμὴν πᾶσαν ἐκ πλήρους διὰ τῆς Εἰρηναίου κολλ̣υ̣β̣ιστικῆς
                              τραπέζης Ταμίων, καὶ βαιβαιώσω(*) τὴν πρᾶσιν πάσι(*) βαιβαιώσι(*) ἀπὸ μὲν δημοσίων τελεσμάτων πάντων καὶ ἐπιγραφῶν πασῶν καὶ γεωμετριῶν καὶ τ[ῶν ἄλλων
                              πάντων τῶν ἐκ(?)] τῶν ἐπανων(*)  
χρόνων μέχρι τοῦ διεληλυθότος δευτέρου ἔτους Γαίου Καίσαρος Σεβαστοῦ Γερμανικοῦ, ἀπὸ
                              δὲ ἰδιοτικῶν(*) καὶ πάσης ἐμποιήσεως ἐπὶ τὸν ἅπαντα χρόνον, τῆς δὲ καταληγο̣[ύ]σης εἰς τὸ τέταρ(τον)
                              ἔτος Γ̣α̣ίου Καίσαρος Σεβαστοῦ Γερμανικοῦ γεομετρίας(*) [- ca.20 -] γεγραμμένων 
οὔσης πρὸς τὸν πριαμον(*) Ἡρακλείδην. εὐδοκῖ(*) δαὶ(*) ἡ μήτηρ μου Ἡρακλέα Ἡρακλήου μετὰ κυρίου ἐμοῦ τῇ πράσι(*) ταύτηι καὶ μὴ ἐπελεύσεσθαι ἐπὶ τὸν ἅπαντα χρόνον μηδὲ ἐνκαλεσι(*) μηδὲ ἄλλον ὑπὲρ αὐτῆς, κατὰ μηθε[  ̣  ̣]τα δʼ αὐτοῦ Ἡρακλείδου ἐλαττουμένου ὑπὲρ ἧς πεποίημαι εἰς αὐτὸν πρ̣[άσεως τοῦ ἀμπελῶνος
                              ἀναδενδραδι]κοῦ ἀρο̣υ̣ρῶν 
τριακονταεννέα καθὼς πρόκιται. Μάρων γέγραφα καὶ ὑπὲρ τῆς μητρός μου μὴ εἰδυ̣ί̣α̣ς
                              γράμματα καὶ ἐπιγέγραμμα̣ι̣ αὐτῆς κύριος. ","  ⦿ Μάρων Ἡρακλείδου ὁμολογῶι πεπρακέναι κατὰ δε τὴν πρᾶσιν {ταύτην} ἀπὸ τῆς ἐνεστώσης ἡμέρας ἐπὶ τὸν ἅπαντα χρόνον Ἡρακλείδηι νεωτέρωι̣
                              Μάρωνος τὸν ὑπάρχοντά μοι ἀμ̣πελῶ̣να Σεκκυω̣ λογουμεν  ̣  ̣ ἀναδενδραδικὸν ἀρο̣υρ̣ῶ̣ν̣ δύο ἢ ὅσο̣ν̣ ἂν ὦσι  ̣  ̣  ̣ιον ἀπʼ ἀρουρῶν τ̣εσ̣σάρων  κ̣ο̣ι̣νῶν καὶ καιδιε̣ρέτων πρὸς τὴν μητέρα μου Ἡρακλέαν Ἡρακλείου 
ἐ̣π̣ικαλουμενον Καλεμου ἐν ο ὑποδοχῖον καὶ φρεαρον λίθινον καὶ κηλώ̣νηον σὺν τοῖς τοῦ ἐνεστῶτος τρίτου ἔτους Γαίου Καίσαρος Σεβαστοῦ Γερμανικοῦ ἐπικιμένοις καρποῖς καὶ γενήμασι καὶ τὰ συνκύρωντα πάντα περὶ Θεογονίδα τῆς Πο̣λ̣έμων̣ο̣ς̣ μ̣ερίδος καὶ τὸ ὑπάρχον μοι τ̣ρ̣ί̣τον
                              μέρος ληνοῦ καὶ ἡλιαστηρίου καὶ τῶν? συνκυρών-
των πάντων ἐν τῆι αὐτῆι κώμηι Θεογονίδι κοινῶν καὶ καιδιαιρέτων πρός τε τὸν πριάμενον Ἡρακλείδην καὶ Δίδυμον ἀμφοτερων Μάρωνος· ὧν γίτονες τοῦ μὲν ἀμπελῶνος τῶν ὅλων ἀ̣ρ̣ουρῶν τεσσάρων νότου̣ καὶ ἀπηλιώτου Μάρκου Ἀντω-νίου
                              Σατορνίνο̣υ κ̣α̣ὶ̣ Τιβερίου Κλαυδίου - ca.20 - διʼ οὗ   ̣  ̣  ̣  ̣  
βασιλικό̣ς̣, ἀνὰ μέσον οὔσης ποτίστρας, λιβὸς Διδύμου τοῦ Μάρωνος ἀμπελῶνο̣ς̣ καὶ
                              ἐπί τι μέρος υἱῶν Δημητρίου τοῦ Ἀπολλωνίδου ἀμπελὼν γίτονες, καὶ τῆς ληνο̣ῦ̣ καὶ εἱλιαστηρίου ὧ̣ν τὰ μέτρα διὰ τῶν εἰς Μάρωνα Λυσιμάχου των πάππον μου τοῦ δὲ Ἡρακλείδου ⁦ -ca.?- ⁩ περὶ αὐτῶν οἰκονομειῶν δη-
5λοῦνται· καὶ ἀπέχωι παρὰ τοῦ Ἡρακλείδου τὴν συνκεχωρημένην τιμὴν πᾶσαν ἐκ πλήρους διὰ τῆς Εἰρηναίου κολλ̣υ̣β̣ιστικῆς
                              τραπέζης Ταμίων, καὶ βαιβαιώσω τὴν πρᾶσιν πάσι βαιβαιώσι ἀπὸ μὲν δημοσίων τελεσμάτων πάντων καὶ ἐπιγραφῶν πασῶν καὶ γεωμετριῶν καὶ τῶν ἄλλων
                              πάντων τῶν ἐκ? τῶν ἐπανων  
χρόνων μέχρι τοῦ διεληλυθότος δευτέρου ἔτους Γαίου Καίσαρος Σεβαστοῦ Γερμανικοῦ, ἀπὸ
                              δὲ ἰδιοτικῶν καὶ πάσης ἐμποιήσεως ἐπὶ τὸν ἅπαντα χρόνον, τῆς δὲ καταληγο̣ύσης εἰς τὸ τέταρτον
                              ἔτος Γ̣α̣ίου Καίσαρος Σεβαστοῦ Γερμανικοῦ γεομετρίας - ca.20 - γεγραμμένων 
οὔσης πρὸς τὸν πριαμον Ἡρακλείδην. εὐδοκῖ δαὶ ἡ μήτηρ μου Ἡρακλέα Ἡρακλήου μετὰ κυρίου ἐμοῦ τῇ πράσι ταύτηι καὶ μὴ ἐπελεύσεσθαι ἐπὶ τὸν ἅπαντα χρόνον μηδὲ ἐνκαλεσι μηδὲ ἄλλον ὑπὲρ αὐτῆς, κατὰ μηθε  ̣  ̣τα δʼ αὐτοῦ Ἡρακλείδου ἐλαττουμένου ὑπὲρ ἧς πεποίημαι εἰς αὐτὸν πρ̣άσεως τοῦ ἀμπελῶνος
                              ἀναδενδραδικοῦ ἀρο̣υ̣ρῶν 
τριακονταεννέα καθὼς πρόκιται. Μάρων γέγραφα καὶ ὑπὲρ τῆς μητρός μου μὴ εἰδυ̣ί̣α̣ς
                              γράμματα καὶ ἐπιγέγραμμα̣ι̣ αὐτῆς κύριος. ","29.107063,30.762808",29.107063,30.762808,31.79499024,15.686298642857142,0
