Unnamed: 0,Condition (HGV),Author (HGV),License (HGV),Culture (HGV),Script Type (HGV),Previous Edition (HGV),Preservation (HGV),Origin (HGV),Catalog(s) (HGV),Work (HGV),Summary (HGV),Recto/Verso (HGV),Post-Concordance BL Entries (HGV),Genre (HGV),Material (HGV),Support Dimensions (HGV),Publications (HGV),Title (HGV),Translations (HGV),Support Material (HGV),Note (general) (HGV),Support/Dimensions (HGV),Reuse Type (HGV),Images (HGV),People (HGV),Subjects (HGV),Hands (HGV),Commentary (HGV),General Notes (HGV),Place Stored (Ancient) (HGV),Inv. no. (HGV),Principal Edition (HGV),Lines (HGV),Citations (HGV),Availability (HGV),palaeo (HGV),Provenance (HGV),Religion (HGV),catalogue (HGV),Partial Edition (HGV),Date (HGV),translation (HGV),study (HGV),Reference Edition (HGV),Fragments (HGV),reference (HGV),Associated Names (HGV),Works (HGV),Inv. Id (HGV),Form and Layout (HGV),Places (HGV),illustration (HGV),Language (HGV),Print Illustrations (HGV),Note (local/note) (HGV),Note (related) (HGV),Content (HGV),Readings (HGV),Mentioned Dates (HGV),Archive (HGV),Fragments (Tris),General Notes (Tris),Genre (Tris),Print Illustrations (Tris),Reuse Type (Tris),Date (Tris),Publications (Tris),Subjects (Tris),illustration (Tris),Origin (Tris),Translations (Tris),Reference Edition (Tris),Partial Edition (Tris),Support Dimensions (Tris),Provenance (Tris),Availability (Tris),Work (Tris),Content (Tris),Form and Layout (Tris),catalogue (Tris),License (Tris),Previous Edition (Tris),Post-Concordance BL Entries (Tris),Support Material (Tris),Principal Edition (Tris),Citations (Tris),People (Tris),translation (Tris),Commentary (Tris),Inv. Id (Tris),Place Stored (Ancient) (Tris),Support/Dimensions (Tris),Script Type (Tris),Culture (Tris),Catalog(s) (Tris),Mentioned Dates (Tris),study (Tris),palaeo (Tris),Readings (Tris),Title (Tris),Material (Tris),Images (Tris),Religion (Tris),Works (Tris),Language (Tris),Inv. no. (Tris),Places (Tris),Archive (Tris),reference (Tris),text,cleanText,Coordinates,Latitude,Longitude,relLat,relLong,Cluster
26,,,© Heidelberger Gesamtverzeichnis der griechischen Papyrusurkunden Ägyptens. This work is licensed under a Creative Commons Attribution 3.0 License.,,,,,Pathyris ?,,,,,,,Holz,,"Chronique d‘Égypte (CdE) 88 (2013), p. 105-107 (2013) = Lexikon der Ägyptologie (LÄ) 6 (1986), col. 879 no. D. descr. (1986)",Paying prostimon for new vineyard land,,,,Holz,,https://www.britishmuseum.org/collection/object/Y_EA56920...,,Quittung; Weinberg; Geld; prostimon,,,,,"London, British Museum EA 56920",,,,,,"Egypt, U04a - Pathyris (Gebelein)[found & written]",,,,"BC 107 Mar 12 ((K3), year 10, Mecheir 25)",,,,,,,,EA 56920,,mentioned places,,Greek,S. 106,,,,,,Horos son of Nechoutes,,,,S. 106,,12. März 107 v.Chr.,CdE 88 (2013) S. 106,Quittung; Weinberg; Geld; prostimon,,Pathyris ? (Pathyrites ?),,,,,,,,,,,© Heidelberger Gesamtverzeichnis der griechischen Papyrusurkunden Ägyptens. This work is licensed under a Creative Commons Attribution 3.0 License.,,,,,,,,,EA 56920,,Holz,,,,,,,,Paying prostimon for new vineyard land,Holz,https://www.britishmuseum.org/collection/object/Y_EA56920...,,,,,,,,"  ἔτους ι Μεχεὶρ κε τέ(τακται) ἐπὶ τὴν ἐν Ἑρμ(ώνθει) τρά(πεζαν) 
ἐ̣φ̣’ ἧ̣ς̣ Διονύ(σιος) προστί(μου) θ (ἔτους) Ὧρος Νεχούθ̣ου 
[(τάλαντα) τρί]α̣ (γίνονται) (τάλαντα) γ [καὶ τὰ κα(θήκοντα) τ]έλη· 
Δι(ονύσιος) τρ[α(πεζίτης)] (τάλαντα) δ  Ασ. ","  ἔτους ι Μεχεὶρ κε τέτακται ἐπὶ τὴν ἐν Ἑρμώνθει τράπεζαν 
ἐ̣φ̣’ ἧ̣ς̣ Διονύσιος προστίμου θ ἔτους Ὧρος Νεχούθ̣ου 
τάλαντα τρία̣ γίνονται τάλαντα γ καὶ τὰ καθήκοντα τέλη· 
Διονύσιος τραπεζίτης τάλαντα δ  Ασ. ","25.369659,32.473946",25.369659,32.473946,33.12967788,19.15674521428572,19
100,,,© Heidelberger Gesamtverzeichnis der griechischen Papyrusurkunden Ägyptens. This work is licensed under a Creative Commons Attribution 3.0 License.,,,,,Latopolis,,,,,; VIII 13; XIII 8,,Papyrus,,"P. Baden 2 7 (Bilabel, Friedrich; 1923)",Staatskassenquittung über bezahlte Umsatzsteuer,,,,Papyrus,,https://papy.zaw.uni-heidelberg.de/gv0/Papyri/VBP_II/007/VBP...,mentioned people,"Quittung (Steuer, Umsatz, Weinberg)",,"Datierung: 30. Tybi, 7. Regierungsjahr. Vgl. APF 51, 2005, S. 216f.",,,"Heidelberg, Institut für Papyrologie P. G 1279",,,,,,"Egypt, U03 - Latopolis (Esna)[written]; Egypt, U04a - Pathyris (Gebelein)[found]",,,,"BC 199 Feb 16 - 100 Feb 16 (P09 K3?, year 07, Tybi 30)",,,,,,,,,,mentioned places,,Greek,,,,,,,,,,,,,II v.Chr.,VBP 2 7,"Quittung (Steuer, Umsatz, Weinberg)",,Latopolis,,,,,,,,,,,© Heidelberger Gesamtverzeichnis der griechischen Papyrusurkunden Ägyptens. This work is licensed under a Creative Commons Attribution 3.0 License.,,; VIII 13; XIII 8,,,,,,"Datierung: 30. Tybi, 7. Regierungsjahr. Vgl. APF 51, 2005, S. 216f.",,,Papyrus,,,,,,,,Staatskassenquittung über bezahlte Umsatzsteuer,Papyrus,https://papy.zaw.uni-heidelberg.de/gv0/Papyri/VBP_II/007/VBP...,,,,,,,,"  ἔτους ζ̣, [Τῦβι λ, τ]έτακτα̣[ι ἐπὶ τὴν ἐν Λ]άτωνο[ς πόλει τρά(πεζαν)], 
ἐφʼ ἧς Καλλί[ας, βα]σιλεῦσι ἐγκυ(κλίου) ζ (ἔτους) [κατὰ] δι̣[α]γρ(αφὴν) Ἐράτου 
τελώνου, ὑ̣φ̣ʼ [ἣ]ν ὑπογρ(άφει) Διονύσιος [ὁ ἀ]ντιγρ(αφεύς) Ἀπολλών[ιος] 
Ἀμμωνίου ἀμπελῶνος ἐν Ψαντ[α(?)]νχνούβει τῆς 
5Ἀραβίας τοῦ Λατοπο(λίτου) καὶ (τετάρτου) μέρους φρέατος ἐξ ὀπτῆς 
πλίνθου, ὅρια τοῦ ἀμπελῶνος· νότου ἀμπελὼν 
Τοτοέους τοῦ Ἀμένωτος, οὗ κρατοῦσιν οἱ υ̣[ἱοί], βορρᾶ 
ἀμπελῶν Πιούνσιος τοῦ Πανεμγέως, ἀπη(λιώτου) [ἄ]λ̣λος, 
λιβὸς ποταμός, οὗ ὑπέθετο αὐτῷ Χ̣ερειεβο[ς(?)] 
10[  ̣  ̣  ̣  ̣  ̣]ότ̣ο[υ] κ̣[ατὰ συγγ(ραφὴν), ἣ] ἐγρ(άφη) (ἔτους) ζ, Τ̣ῦβ̣ι̣   ̣  ̣ [πρὸς] 
[χαλκ]οῦ τ(άλαντον) α [⁦ -ca.?- ⁩ τέλος ⁦ -ca.?- ⁩]   ̣ε  ̣  ̣  ̣[⁦ -ca.?- ⁩] 
[(ἔτους) ζ, Τ]ῦβι γ  ̣ [⁦ -ca.?- ⁩]κα τὴν τ[⁦ -ca.?- ⁩] 
(hand 2) 
[Κα]λλίας τ̣[ρ]α̣(πεζίτης). ","  ἔτους ζ̣, Τῦβι λ, τέτακτα̣ι ἐπὶ τὴν ἐν Λάτωνος πόλει τράπεζαν, 
ἐφʼ ἧς Καλλίας, βασιλεῦσι ἐγκυκλίου ζ ἔτους κατὰ δι̣αγραφὴν Ἐράτου 
τελώνου, ὑ̣φ̣ʼ ἣν ὑπογράφει Διονύσιος ὁ ἀντιγραφεύς Ἀπολλώνιος 
Ἀμμωνίου ἀμπελῶνος ἐν Ψαντα?νχνούβει τῆς 
5Ἀραβίας τοῦ Λατοπολίτου καὶ τετάρτου μέρους φρέατος ἐξ ὀπτῆς 
πλίνθου, ὅρια τοῦ ἀμπελῶνος· νότου ἀμπελὼν 
Τοτοέους τοῦ Ἀμένωτος, οὗ κρατοῦσιν οἱ υ̣ἱοί, βορρᾶ 
ἀμπελῶν Πιούνσιος τοῦ Πανεμγέως, ἀπηλιώτου ἄλ̣λος, 
λιβὸς ποταμός, οὗ ὑπέθετο αὐτῷ Χ̣ερειεβος? 
10  ̣  ̣  ̣  ̣  ̣ότ̣ου κ̣ατὰ συγγραφὴν, ἣ ἐγράφη ἔτους ζ, Τ̣ῦβ̣ι̣   ̣  ̣ πρὸς 
χαλκοῦ τάλαντον α ⁦ -ca.?- ⁩ τέλος ⁦ -ca.?- ⁩   ̣ε  ̣  ̣  ̣⁦ -ca.?- ⁩ 
ἔτους ζ, Τῦβι γ  ̣ ⁦ -ca.?- ⁩κα τὴν τ⁦ -ca.?- ⁩ 
hand 2 
Καλλίας τ̣ρα̣πεζίτης. ","25.25367995,32.53481865",25.25367995,32.53481865,33.177158547,19.26444004642857,19
101,,,© Heidelberger Gesamtverzeichnis der griechischen Papyrusurkunden Ägyptens. This work is licensed under a Creative Commons Attribution 3.0 License.,,,,,Latopolis,,,,,; XIII 8,,Papyrus,,"P. Baden 2 8 (Bilabel, Friedrich; 1923)",Staatskassenquittung über bezahlte Umsatzsteuer,,,,Papyrus,,https://papy.zaw.uni-heidelberg.de/gv0/Papyri/VBP_II/008/VBP...,mentioned people,"Quittung (Steuer, Umsatz, Weinberg)",,"Vgl. APF 51, 2005, S. 215-217.",,,"Heidelberg, Institut für Papyrologie P. G 1310",,,,,,"Egypt, U03 - Latopolis (Esna)[written]; Egypt, U04a - Pathyris (Gebelein)[found]",,,,BC 125 - 100,,,,,,,,,,mentioned places,,Greek,,,,,,,,,,,,,Ende II v.Chr.,VBP 2 8,"Quittung (Steuer, Umsatz, Weinberg)",,Latopolis,,,,,,,,,,,© Heidelberger Gesamtverzeichnis der griechischen Papyrusurkunden Ägyptens. This work is licensed under a Creative Commons Attribution 3.0 License.,,; XIII 8,,,,,,"Vgl. APF 51, 2005, S. 215-217.",,,Papyrus,,,,,,,,Staatskassenquittung über bezahlte Umsatzsteuer,Papyrus,https://papy.zaw.uni-heidelberg.de/gv0/Papyri/VBP_II/008/VBP...,,,,,,,,"  [ἔτους - ca.12 - τ]έτακται ἐπὶ τὴν 
[ἐν Λάτωνος πόλει τράπε]ζαν, ἐφʼ ἧς Καλλίας, 
[βασιλεῦσι ἐγκυ(κλίου)   ̣ (ἔτους) κατ]ὰ διαγρ(αφὴν) Θεοτίμου 
[καὶ - ca.12 - τ̣ε̣λ̣ω̣ν̣ῶ̣ν̣,̣ ὑ]φʼ ἣν ὑπογρ(άφει) 
5[Διονύσιος(?) ὁ ἀντιγρ(αφεύς), Ἀπολλών]ιος ὁ Ἀμμωνίου 
[⁦ -ca.?- ⁩ ἀμπελῶνο]ς̣ ὄντο̣ς ἐν 
[κώμῃ Ψαντανχνούβει τῆς Ἀρ]αβίας τοῦ Λατο̣πολ(ίτου) 
[- ca.19 -]ο̣[υ] μέρους \πηγῆς/ ἐξ ὀπτῆς 
[πλίνθου· ὅρια τοῦ ἀμ]πε(λῶνος)· νότου ἀμπε(λὼν) Τοτοέους 
10[τοῦ Ἀμένωτος, βορρᾶ ἀμπε(λὼν)] Πιούνσιος τοῦ 
[Πανεμγέως, ἀπη(λιώτου) - ca.9 -] μος τοῦ ἀμπε(λῶνος), 
[λιβὸς - ca.10 - οὗ ὑπέθετ]ο αὐτωι 
[- ca.19 - κατὰ] συγγρ(αφὴν) Αἰγυ(πτίαν)(*), 
[ἣ ἐγρ(άφη) - ca.20 -] ε̣ως τῆς πόλ(εως) 
15[- ca.17 -] ἐπιλυ(  ) ἓως Παχὼν λ  
[- ca.15 - τὸ](*) παρʼ ἀμφοτέρων 
 [τέλος   ̣  ̣  ̣  ̣  ̣  ̣](*) [(δραχμαὶ) τετρ]α̣κόσιαι δέκα (γίνονται) υι  
-- -- -- -- -- -- -- -- -- --  ","  ἔτους - ca.12 - τέτακται ἐπὶ τὴν 
ἐν Λάτωνος πόλει τράπεζαν, ἐφʼ ἧς Καλλίας, 
βασιλεῦσι ἐγκυκλίου   ̣ ἔτους κατὰ διαγραφὴν Θεοτίμου 
καὶ - ca.12 - τ̣ε̣λ̣ω̣ν̣ῶ̣ν̣,̣ ὑφʼ ἣν ὑπογράφει 
5Διονύσιος? ὁ ἀντιγραφεύς, Ἀπολλώνιος ὁ Ἀμμωνίου 
⁦ -ca.?- ⁩ ἀμπελῶνος̣ ὄντο̣ς ἐν 
κώμῃ Ψαντανχνούβει τῆς Ἀραβίας τοῦ Λατο̣πολίτου 
- ca.19 -ο̣υ μέρους \πηγῆς/ ἐξ ὀπτῆς 
πλίνθου· ὅρια τοῦ ἀμπελῶνος· νότου ἀμπελὼν Τοτοέους 
10τοῦ Ἀμένωτος, βορρᾶ ἀμπελὼν Πιούνσιος τοῦ 
Πανεμγέως, ἀπηλιώτου - ca.9 - μος τοῦ ἀμπελῶνος, 
λιβὸς - ca.10 - οὗ ὑπέθετο αὐτωι 
- ca.19 - κατὰ συγγραφὴν Αἰγυπτίαν, 
ἣ ἐγράφη - ca.20 - ε̣ως τῆς πόλεως 
15- ca.17 - ἐπιλυ   ἓως Παχὼν λ  
- ca.15 - τὸ παρʼ ἀμφοτέρων 
 τέλος   ̣  ̣  ̣  ̣  ̣  ̣ δραχμαὶ τετρα̣κόσιαι δέκα γίνονται υι  
-- -- -- -- -- -- -- -- -- --  ","25.25367995,32.53481865",25.25367995,32.53481865,33.177158547,19.26444004642857,19
