Unnamed: 0,Condition (HGV),Author (HGV),License (HGV),Culture (HGV),Script Type (HGV),Previous Edition (HGV),Preservation (HGV),Origin (HGV),Catalog(s) (HGV),Work (HGV),Summary (HGV),Recto/Verso (HGV),Post-Concordance BL Entries (HGV),Genre (HGV),Material (HGV),Support Dimensions (HGV),Publications (HGV),Title (HGV),Translations (HGV),Support Material (HGV),Note (general) (HGV),Support/Dimensions (HGV),Reuse Type (HGV),Images (HGV),People (HGV),Subjects (HGV),Hands (HGV),Commentary (HGV),General Notes (HGV),Place Stored (Ancient) (HGV),Inv. no. (HGV),Principal Edition (HGV),Lines (HGV),Citations (HGV),Availability (HGV),palaeo (HGV),Provenance (HGV),Religion (HGV),catalogue (HGV),Partial Edition (HGV),Date (HGV),translation (HGV),study (HGV),Reference Edition (HGV),Fragments (HGV),reference (HGV),Associated Names (HGV),Works (HGV),Inv. Id (HGV),Form and Layout (HGV),Places (HGV),illustration (HGV),Language (HGV),Print Illustrations (HGV),Note (local/note) (HGV),Note (related) (HGV),Content (HGV),Readings (HGV),Mentioned Dates (HGV),Archive (HGV),Fragments (Tris),General Notes (Tris),Genre (Tris),Print Illustrations (Tris),Reuse Type (Tris),Date (Tris),Publications (Tris),Subjects (Tris),illustration (Tris),Origin (Tris),Translations (Tris),Reference Edition (Tris),Partial Edition (Tris),Support Dimensions (Tris),Provenance (Tris),Availability (Tris),Work (Tris),Content (Tris),Form and Layout (Tris),catalogue (Tris),License (Tris),Previous Edition (Tris),Post-Concordance BL Entries (Tris),Support Material (Tris),Principal Edition (Tris),Citations (Tris),People (Tris),translation (Tris),Commentary (Tris),Inv. Id (Tris),Place Stored (Ancient) (Tris),Support/Dimensions (Tris),Script Type (Tris),Culture (Tris),Catalog(s) (Tris),Mentioned Dates (Tris),study (Tris),palaeo (Tris),Readings (Tris),Title (Tris),Material (Tris),Images (Tris),Religion (Tris),Works (Tris),Language (Tris),Inv. no. (Tris),Places (Tris),Archive (Tris),reference (Tris),text,cleanText,Coordinates,Latitude,Longitude,relLat,relLong,Cluster
384,,,© Heidelberger Gesamtverzeichnis der griechischen Papyrusurkunden Ägyptens. This work is licensed under a Creative Commons Attribution 3.0 License.,,,,,Lykopolis,,,,,X 214,,Papyrus,,"SB 16 12505 l. 4-18 (Rupprecht, Hans-Albert / Hengstl, Joachim; 1985)",Anfangsformel eines Briefes des Caracalla (Z. 1 - 3) und Eingabe wegen des unberechtigten Verkaufes von gemeinschaftlichen Gütern durch die Ehefrau (Z. 4 - 18),"Z. Aly, Kongr. XVI (1981), S. 240",,,Papyrus,,,mentioned people,Eingabe; Namen; Beamte; Ehefrau; Erhalt von Unterhalt; Gemeinschaftsbesitz; Weggang; Geschäfte; Verkauf ohne Zustimmung; Übervorteilung; Bitte um Rückerstattung; Unterschrift,,"Zu Z. 10 vgl. P.Cair. Preis.(2. ed.), S. 6, Anm. 3.",,,"Cairo, IFAO P. Fouad 236 l. 4-18; . formerly: Cairo, Collection Fouad 236 l. 4-18",,,,,,"Egypt, U13 - Lykopolis (Assiut)[found & written]",,,,AD 221 Oct 23,,,,,,,,,,mentioned places,,Greek,"Kongr. XVI, S. 248",,,,,,,,,,"Kongr. XVI, S. 248; P.Zaki Aly, Plate XIII, S. 283",,211 - 217,Leicht veränderter Nachdruck: P.Zaki Aly 13,Kaisertitulatur des Caracalla; pontifex maximus; tribunicia potestas,,Lykopolis,,,,,,,,,,,© Heidelberger Gesamtverzeichnis der griechischen Papyrusurkunden Ägyptens. This work is licensed under a Creative Commons Attribution 3.0 License.,,X 214,,,,,,,,,Papyrus,,,,,,,,Anfangsformel eines Briefes des Caracalla (Z. 1 - 3) und Eingabe wegen des unberechtigten Verkaufs von gemeinschaftlichen Gütern durch die Ehefrau (Z. 4 - 18),Papyrus,,,,,,,,,"  (hand 1) [Αὐτοκρά]τωρ Καῖσαρ Μάρκος Αὐρήλιος 
[Σεουῆρος] Ἀντωνῖνος Σεβαστὸς 
[ἀρχιερεὺ]ς̣ δημαρχικῆς ἐξουσίας 
(hand 2) [- ca.12 -]  ̣  ̣  ̣  ̣ στρα(τηγῷ) Λυκοπολ(ίτου) ⁦ vac. ? ⁩  
5[παρὰ Αὐρηλίου] Πτ̣ο̣λ̣ε̣μαί(ου) Θεοδώρου τῶν ἐν Λ̣ύ̣κ̣ω̣ν̣ π̣ό̣λ̣(ει) κατο̣[ίκ(ων)] 
[- ca.12 -]  ̣  ̣  ̣  ̣ Ἑλένη Παλοῦτος ἀπὸ κώ(μης) Ἰβ̣ι̣ῶ̣(νος) Σε̣[σ]ε̣[μ]β̣ύθ̣ε̣ω̣[ς] 
[- ca.12 -]α̣ς̣[  ̣]  ̣  ̣ κ̣οινῇ παραβαλο̣ῦ̣σ̣α̣ τροφεῖα παρελά̣μ̣[βανεν] 
[παρʼ ἐμοῦ πολλὰ] ὑπὲρ λόγου τροφείων ἀναλώσαντος τοισ̣  ̣  ̣  ̣α̣(  ) [  ̣  ̣  ̣  ̣] 
[  ̣  ̣  ̣  ̣  ̣ ἡ προγεγρ]α̣μμέ(νη) γ̣υνή μου κοινωνὸς τῆς ἡμισείας̣ κλ̣η̣ρ̣[ονο-]
10[μίας(?) μου   ̣  ̣  ̣  ̣  ̣ διʼ ἀ]σχολίαν ἀπελθοῦσα πέπρακεν χω[ρ]ὶς ἐ̣μ̣[οῦ] 
[- ca.13 - παν]τοδαπήν. τοσαύτης οὖν μοι βίας καὶ πλεον̣εξία[ς] 
[καὶ ἁρπαγῆς γενομ(?)]ένης ἐπισ̣τ̣έ̣λ̣λ̣ω̣   ̣  ̣  ̣ τὸ βιβλίδιον ἀξιῶν   ̣  ̣  ̣  
[σε σ̣υ̣ν̣τ̣ά̣ξ̣α̣ι̣ - ca.9 -]α̣σ̣ασαν   ̣[  ̣  ̣]α̣ι̣ Α̣ὐ̣[ρη]λ̣ί̣α̣ν Ἑλενν(*) Παλοῦτος 
[- ca.15 - δ]ημοσι  ̣  ̣  ̣  ̣η τὴν τιμήν μοι ἀποκατα-
15[στῆσαι ἵνα μὴ ἀδικηθῶ.] διευτύχει. (ἔτους) ε Αὐτοκράτορος Καίσαρος 
[Μάρκου Αὐρηλίου Ἀντ]ωνίνου Εὐσεβοῦς Εὐτυχοῦς Σεβαστοῦ καὶ Μάρκου 
[Αὐρηλίου Ἀλεξάνδρου] Καίσαρος Σεβαστοῦ, Φαῶφι κϛ. Αὐρήλ(ιος) Πτ̣ολ(εμαῖος) 
[ἐπιδέδωκα. ⁦ -ca.?- ⁩] ⁦ vac. ? ⁩  ","  hand 1 Αὐτοκράτωρ Καῖσαρ Μάρκος Αὐρήλιος 
Σεουῆρος Ἀντωνῖνος Σεβαστὸς 
ἀρχιερεὺς̣ δημαρχικῆς ἐξουσίας 
hand 2 - ca.12 -  ̣  ̣  ̣  ̣ στρατηγῷ Λυκοπολίτου ⁦ vac. ? ⁩  
5παρὰ Αὐρηλίου Πτ̣ο̣λ̣ε̣μαίου Θεοδώρου τῶν ἐν Λ̣ύ̣κ̣ω̣ν̣ π̣ό̣λ̣ει κατο̣ίκων 
- ca.12 -  ̣  ̣  ̣  ̣ Ἑλένη Παλοῦτος ἀπὸ κώμης Ἰβ̣ι̣ῶ̣νος Σε̣σε̣μβ̣ύθ̣ε̣ω̣ς 
- ca.12 -α̣ς̣  ̣  ̣  ̣ κ̣οινῇ παραβαλο̣ῦ̣σ̣α̣ τροφεῖα παρελά̣μ̣βανεν 
παρʼ ἐμοῦ πολλὰ ὑπὲρ λόγου τροφείων ἀναλώσαντος τοισ̣  ̣  ̣  ̣α̣     ̣  ̣  ̣  ̣ 
  ̣  ̣  ̣  ̣  ̣ ἡ προγεγρα̣μμένη γ̣υνή μου κοινωνὸς τῆς ἡμισείας̣ κλ̣η̣ρ̣ονο-
10μίας? μου   ̣  ̣  ̣  ̣  ̣ διʼ ἀσχολίαν ἀπελθοῦσα πέπρακεν χωρὶς ἐ̣μ̣οῦ 
- ca.13 - παντοδαπήν. τοσαύτης οὖν μοι βίας καὶ πλεον̣εξίας 
καὶ ἁρπαγῆς γενομ?ένης ἐπισ̣τ̣έ̣λ̣λ̣ω̣   ̣  ̣  ̣ τὸ βιβλίδιον ἀξιῶν   ̣  ̣  ̣  
σε σ̣υ̣ν̣τ̣ά̣ξ̣α̣ι̣ - ca.9 -α̣σ̣ασαν   ̣  ̣  ̣α̣ι̣ Α̣ὐ̣ρηλ̣ί̣α̣ν Ἑλενν Παλοῦτος 
- ca.15 - δημοσι  ̣  ̣  ̣  ̣η τὴν τιμήν μοι ἀποκατα-
15στῆσαι ἵνα μὴ ἀδικηθῶ. διευτύχει. ἔτους ε Αὐτοκράτορος Καίσαρος 
Μάρκου Αὐρηλίου Ἀντωνίνου Εὐσεβοῦς Εὐτυχοῦς Σεβαστοῦ καὶ Μάρκου 
Αὐρηλίου Ἀλεξάνδρου Καίσαρος Σεβαστοῦ, Φαῶφι κϛ. Αὐρήλιος Πτ̣ολεμαῖος 
ἐπιδέδωκα. ⁦ -ca.?- ⁩ ⁦ vac. ? ⁩  ","27.181346,31.1825335",27.181346,31.1825335,32.122376130000006,17.474464428571427,20
