Unnamed: 0,Condition (HGV),Author (HGV),License (HGV),Culture (HGV),Script Type (HGV),Previous Edition (HGV),Preservation (HGV),Origin (HGV),Catalog(s) (HGV),Work (HGV),Summary (HGV),Recto/Verso (HGV),Post-Concordance BL Entries (HGV),Genre (HGV),Material (HGV),Support Dimensions (HGV),Publications (HGV),Title (HGV),Translations (HGV),Support Material (HGV),Note (general) (HGV),Support/Dimensions (HGV),Reuse Type (HGV),Images (HGV),People (HGV),Subjects (HGV),Hands (HGV),Commentary (HGV),General Notes (HGV),Place Stored (Ancient) (HGV),Inv. no. (HGV),Principal Edition (HGV),Lines (HGV),Citations (HGV),Availability (HGV),palaeo (HGV),Provenance (HGV),Religion (HGV),catalogue (HGV),Partial Edition (HGV),Date (HGV),translation (HGV),study (HGV),Reference Edition (HGV),Fragments (HGV),reference (HGV),Associated Names (HGV),Works (HGV),Inv. Id (HGV),Form and Layout (HGV),Places (HGV),illustration (HGV),Language (HGV),Print Illustrations (HGV),Note (local/note) (HGV),Note (related) (HGV),Content (HGV),Readings (HGV),Mentioned Dates (HGV),Archive (HGV),Fragments (Tris),General Notes (Tris),Genre (Tris),Print Illustrations (Tris),Reuse Type (Tris),Date (Tris),Publications (Tris),Subjects (Tris),illustration (Tris),Origin (Tris),Translations (Tris),Reference Edition (Tris),Partial Edition (Tris),Support Dimensions (Tris),Provenance (Tris),Availability (Tris),Work (Tris),Content (Tris),Form and Layout (Tris),catalogue (Tris),License (Tris),Previous Edition (Tris),Post-Concordance BL Entries (Tris),Support Material (Tris),Principal Edition (Tris),Citations (Tris),People (Tris),translation (Tris),Commentary (Tris),Inv. Id (Tris),Place Stored (Ancient) (Tris),Support/Dimensions (Tris),Script Type (Tris),Culture (Tris),Catalog(s) (Tris),Mentioned Dates (Tris),study (Tris),palaeo (Tris),Readings (Tris),Title (Tris),Material (Tris),Images (Tris),Religion (Tris),Works (Tris),Language (Tris),Inv. no. (Tris),Places (Tris),Archive (Tris),reference (Tris),text,cleanText,Coordinates,Latitude,Longitude,relLat,relLong,Cluster
34,,,© Heidelberger Gesamtverzeichnis der griechischen Papyrusurkunden Ägyptens. This work is licensed under a Creative Commons Attribution 3.0 License.,,,,,Peenamis,,,,,XI 68,,Papyrus,,"CPR 1 64 (Wessely, Carl; 1895) = Chrest. Wilck. 108 (Wilcken, Ulrich; 1912) = SB 1 5165 (Preisigke, Friedrich; 1915) = MPER 5 (1892), p. 106 no. 1802 (Wessely, Carl; 1892)",keiner,,,,Papyrus,,,mentioned people,Vertrag; Kauf; Land,,,,,"Vienna, Nationalbibliothek G 12274; . formerly: Vienna, Nationalbibliothek VN 1802",,,,,,"Egypt, U20 - Peenameus (Bahnamuh)[written]; Egypt, U20 - Herakleopolites[found]",,,,AD 227 Mar 4,,,,,,,,,,mentioned places,,Greek,,,,,,,,,,,,,4. März 227,Z. 4 - 5: SB I 5165,Vertrag; Kauf; Land,,Peenamis (Herakleopolites),,,,,,,,,,,© Heidelberger Gesamtverzeichnis der griechischen Papyrusurkunden Ägyptens. This work is licensed under a Creative Commons Attribution 3.0 License.,,XI 68,,,,,,,,,Papyrus,,,,,,,,keiner,Papyrus,,,,,,,,,"  ἔτους ἕκ[του] Αὐτοκράτορος Καίσαρος Μάρκου Αὐρηλίου Σεουήρου 
Ἀλεξάνδρ[ου Εὐσ]εβοῦς Εὐτυχοῦς Σεβαστοῦ ἐφʼ ἱερέ[ων τῶν ὄ]ντων 
ἐν Ἀλεξανδ[ρείᾳ] καὶ τῶν ἄλλων τῶν γραφομένων [κοινῶν μ]ηνὸς 
Ἀρτεμισίου Φ[αμ]ενὼθ ὀγδόῃ διʼ ἐπιτηρητῶν ἀγορανομ[ίας] μερῶν 
5μέσης Πεενάμεως τοῦ Ἡρακλεοπολίτου· ὁμολογ[εῖ Αὐρ]ήλιος 
Σαραπάμμω[ν Ἡρ]ακλείου μητρὸς Τασταροῦτος ἀφʼ Ἡρακλέους 
πόλεως [γεου]χῶν(*) ἐν κώμῃ Κερκυτὼ παρακ[εχωρη]κέναι 
Αὐρηλίᾳ [Πα]μμῆτι Πανεχώτου μητρὸς Ἀΰ(*)γχιος [ἀπὸ] κώμης 
Θμοινωθεω (ἐτῶν) λη λευκοχρόῃ μετὰ κυρίου τοῦ [ἑαυτῆ]ς 
10ἀνδρὸς Αὐρ[ηλίο]υ Πετεαμούνιος Ἀμμεννέως μητρὸς   ̣  ̣  ̣α  ̣  ̣  ̣  
μ  ̣  ̣  ̣νιλλης α  ̣  ̣  ̣  ̣ης ὡς (ἐτῶν) μη οὐλὴ χειρὶ δεξιᾷ τὰς 
ὑ(*)παρχούσας [αὐτῷ] περὶ κώμην Φυς ἐκ τοῦ Ἄμμω[νος] κ[λήρ]ου 
ἀρούρας ἐν[νέα ἥμισ]υ ὧν γίτονες(*) καθὼς αὐτοὶ ὑπηγόρευ[σαν] νό-
[του   ̣  ̣  ̣  ̣  ̣ κ]αὶ ἄλλων, βορρᾶ καὶ ἀπηλιώτου καὶ λι[βὸς ⁦ -ca.?- ⁩] 
15υἱοῦ Θέωνο[ς - ca.12 - καὶ περ]ὶ Θμοίνωθιν ἐκ τοῦ αρισ[  ̣  ̣  ̣α  ̣]ος 
κλήρου ἀρου[ρ - ca.10 -]ο τοῦ υἱοῦ Θέωνος καὶ ἄλλων, 
βορρᾶ μενα[- ca.17 -]ς ἄφορος, λιβὸς [  ̣  ̣  ̣  ̣  ̣  ̣] 
ἐξηγητεύ[σαντος   ̣  ̣  ̣  ̣  ̣  ̣  ̣ τιμῆς συμ]πεφωνημένης πρὸς ἀλλήλους 
ἥ ἐστιν ἀργ[υρίου σεβαστοῦ νομίσματ]ος δραχμὰς ἑξ[ακοσίας] · 
20προσομολογεῖ ὁ πωλ[ῶν ἀπεσχηκέ]ναι παρὰ τῆς ὠ[νουμένης] 
ταύτας ἐκ πλήρους δι[ὰ χειρὸς ἐξ οἴκ]ου καὶ παρέξεται [αὐ-]
τὰς καθαρὰς ἀπό τε [ἄλλων πράσε]ων ἢ ἑτέρων οἰκ[ονομιῶν] 
καὶ ἀπὸ παντὸς τοῦ ἐπελευ[σομέν]ου ἢ ἐμποιησομ[ένου ἀπὸ τοῦ] 
νῦν ἐπὶ τὸν ἅ[παντα] χρόνον, [βεβαιώσει δὲ] πάσῃ βεβαιώ[σει ἐνέ-]
25χεσθαι αὐτὸν παραβάντα τῷ ὡ[ρισμένῳ κατὰ τῶν] παρ[ασυγγρα-]
φούντων ἐπ[ιτίμω]ι καὶ μηδὲ[ν ἦσσον τὰ διωμολογ]ημέ[να κύρια] 
εἶναι· ὁ δὲ χ[ρηματισ]μὸς ἐτελιώ[θη](*) [κινδύνῳ αὐτῶν πρωτοπράξιας   ̣  ̣  ̣ περὶ δὲ τοῦ] 
ταῦτα ὀρθῶς καὶ καλῶς γεγε[νῆσθαι ἐπερωτηθέντες ὡμολόγησαν. κυρία] 
ἡ ὁμ[ολογί]α. Αὐρήλι[ος ⁦ -ca.?- ⁩] 
30τῇ Αὐρηλίᾳ [Πα]μμῆτι τὰ[ς ⁦ -ca.?- ⁩] 
συνοι  ̣  ̣  ̣  ̣στησαι η[⁦ -ca.?- ⁩] 
βεβαιώσω [⁦ -ca.?- ⁩] 
Αὐρηλίᾳ Πα[μμῆτι ⁦ -ca.?- ⁩] 
Αὐρήλιος υ[⁦ -ca.?- ⁩] 
35τὴν μαρκ[⁦ -ca.?- ⁩] 
νῦν μετα[⁦ -ca.?- ⁩] 
  ̣ε  ̣ Αὐρη[λ ⁦ -ca.?- ⁩] 
(ἔτους) ϛ Αὐτοκράτορος Καίσαρος [Μάρκου Αὐρηλίου Σεουήρου Ἀλεξάνδρου] 
Εὐσεβοῦς Ε[ὐτυχοῦς Σεβαστοῦ ⁦ -ca.?- ⁩] 
40(hand 2) Αὐρήλιος [  ̣  ̣  ̣  ̣  ̣]μαι ","  ἔτους ἕκτου Αὐτοκράτορος Καίσαρος Μάρκου Αὐρηλίου Σεουήρου 
Ἀλεξάνδρου Εὐσεβοῦς Εὐτυχοῦς Σεβαστοῦ ἐφʼ ἱερέων τῶν ὄντων 
ἐν Ἀλεξανδρείᾳ καὶ τῶν ἄλλων τῶν γραφομένων κοινῶν μηνὸς 
Ἀρτεμισίου Φαμενὼθ ὀγδόῃ διʼ ἐπιτηρητῶν ἀγορανομίας μερῶν 
5μέσης Πεενάμεως τοῦ Ἡρακλεοπολίτου· ὁμολογεῖ Αὐρήλιος 
Σαραπάμμων Ἡρακλείου μητρὸς Τασταροῦτος ἀφʼ Ἡρακλέους 
πόλεως γεουχῶν ἐν κώμῃ Κερκυτὼ παρακεχωρηκέναι 
Αὐρηλίᾳ Παμμῆτι Πανεχώτου μητρὸς Ἀΰγχιος ἀπὸ κώμης 
Θμοινωθεω ἐτῶν λη λευκοχρόῃ μετὰ κυρίου τοῦ ἑαυτῆς 
10ἀνδρὸς Αὐρηλίου Πετεαμούνιος Ἀμμεννέως μητρὸς   ̣  ̣  ̣α  ̣  ̣  ̣  
μ  ̣  ̣  ̣νιλλης α  ̣  ̣  ̣  ̣ης ὡς ἐτῶν μη οὐλὴ χειρὶ δεξιᾷ τὰς 
ὑπαρχούσας αὐτῷ περὶ κώμην Φυς ἐκ τοῦ Ἄμμωνος κλήρου 
ἀρούρας ἐννέα ἥμισυ ὧν γίτονες καθὼς αὐτοὶ ὑπηγόρευσαν νό-
του   ̣  ̣  ̣  ̣  ̣ καὶ ἄλλων, βορρᾶ καὶ ἀπηλιώτου καὶ λιβὸς ⁦ -ca.?- ⁩ 
15υἱοῦ Θέωνος - ca.12 - καὶ περὶ Θμοίνωθιν ἐκ τοῦ αρισ  ̣  ̣  ̣α  ̣ος 
κλήρου ἀρουρ - ca.10 -ο τοῦ υἱοῦ Θέωνος καὶ ἄλλων, 
βορρᾶ μενα- ca.17 -ς ἄφορος, λιβὸς   ̣  ̣  ̣  ̣  ̣  ̣ 
ἐξηγητεύσαντος   ̣  ̣  ̣  ̣  ̣  ̣  ̣ τιμῆς συμπεφωνημένης πρὸς ἀλλήλους 
ἥ ἐστιν ἀργυρίου σεβαστοῦ νομίσματος δραχμὰς ἑξακοσίας · 
20προσομολογεῖ ὁ πωλῶν ἀπεσχηκέναι παρὰ τῆς ὠνουμένης 
ταύτας ἐκ πλήρους διὰ χειρὸς ἐξ οἴκου καὶ παρέξεται αὐ-
τὰς καθαρὰς ἀπό τε ἄλλων πράσεων ἢ ἑτέρων οἰκονομιῶν 
καὶ ἀπὸ παντὸς τοῦ ἐπελευσομένου ἢ ἐμποιησομένου ἀπὸ τοῦ 
νῦν ἐπὶ τὸν ἅπαντα χρόνον, βεβαιώσει δὲ πάσῃ βεβαιώσει ἐνέ-
25χεσθαι αὐτὸν παραβάντα τῷ ὡρισμένῳ κατὰ τῶν παρασυγγρα-
φούντων ἐπιτίμωι καὶ μηδὲν ἦσσον τὰ διωμολογημένα κύρια 
εἶναι· ὁ δὲ χρηματισμὸς ἐτελιώθη κινδύνῳ αὐτῶν πρωτοπράξιας   ̣  ̣  ̣ περὶ δὲ τοῦ 
ταῦτα ὀρθῶς καὶ καλῶς γεγενῆσθαι ἐπερωτηθέντες ὡμολόγησαν. κυρία 
ἡ ὁμολογία. Αὐρήλιος ⁦ -ca.?- ⁩ 
30τῇ Αὐρηλίᾳ Παμμῆτι τὰς ⁦ -ca.?- ⁩ 
συνοι  ̣  ̣  ̣  ̣στησαι η⁦ -ca.?- ⁩ 
βεβαιώσω ⁦ -ca.?- ⁩ 
Αὐρηλίᾳ Παμμῆτι ⁦ -ca.?- ⁩ 
Αὐρήλιος υ⁦ -ca.?- ⁩ 
35τὴν μαρκ⁦ -ca.?- ⁩ 
νῦν μετα⁦ -ca.?- ⁩ 
  ̣ε  ̣ Αὐρηλ ⁦ -ca.?- ⁩ 
ἔτους ϛ Αὐτοκράτορος Καίσαρος Μάρκου Αὐρηλίου Σεουήρου Ἀλεξάνδρου 
Εὐσεβοῦς Εὐτυχοῦς Σεβαστοῦ ⁦ -ca.?- ⁩ 
40hand 2 Αὐρήλιος   ̣  ̣  ̣  ̣  ̣μαι ","28.113288,30.699977",28.113288,30.699977,31.745982060000003,16.609089714285712,22
338,,,© Heidelberger Gesamtverzeichnis der griechischen Papyrusurkunden Ägyptens. This work is licensed under a Creative Commons Attribution 3.0 License.,,,,,"Oxyrhynchites, Ägypten",,,,,; VIII 406; XIII 236,,Papyrus,,"PSI 10 1122 (Vitelli, Girolamo / Norsa, Medea; 1932)",Ricevuta di danaro anticipato per vino etc.,,,,Papyrus,,http://www.psi-online.it/documents/psi;10;1122...,mentioned people,Vertrag; Lieferungskauf; Bäckerei; Wein; Kleinvieh,,"Zum Ort vgl. ZPE 89, 1991, S. 98. Vgl. BASP 45, 2008, S. 19. Zur Datierung, zu Z. 2, 4, 6, 9-10 und zur Rückseite vgl. vgl. Tyche 30, 2015, S. 227-229, Korr. Tyche 802.",,,"Florence, Biblioteca Medicea Laurenziana 18889; . other inv.: Florence, Biblioteca Medicea Laurenziana PSI 1122",,,,,,"Egypt, U19 - Oxyrynchites[found & written]",,,,"AD 651 - 652? (cf. Gonis, Tyche 30 (2015), p. 229)",,,,,,,,,,mentioned places,,Greek,,,,,,,,,,,,,651 - 652 (?),PSI 10 1122,Vertrag; Lieferungskauf; Bäckerei; Wein; Kleinvieh,,"Oxyrhynchites, Ägypten",,,,,,,,,,,© Heidelberger Gesamtverzeichnis der griechischen Papyrusurkunden Ägyptens. This work is licensed under a Creative Commons Attribution 3.0 License.,,; VIII 406; XIII 236,,,,,,"Zum Ort vgl. ZPE 89, 1991, S. 98. Vgl. BASP 45, 2008, S. 19. Zur Datierung, zu Z. 2, 4, 6, 9-10 und zur Rückseite vgl. vgl. Tyche 30, 2015, S. 227-229, Korr. Tyche 802.",,,Papyrus,,,,,,,,Ricevuta di danaro anticipato per vino etc.,Papyrus,http://www.psi-online.it/documents/psi;10;1122...,,,,,,,,"  -- -- -- -- -- -- -- -- -- --  
11 line untranscribed 
2[⁦ -ca.?- ⁩ Παύ]λου μη̣τ̣ρός(*)  
[⁦ -ca.?- ⁩] ἀπὸ ἐποικ(ίου) 
[⁦ -ca.?- ⁩]  ̣  ̣  ̣ σοὶ Βί̣κτορι(*)  
5[⁦ -ca.?- ⁩] ἀπὸ ταύτης 
[τῆς Ὀ]ξ̣[υ]ρ̣[(υγ)χ(ιτῶν) πόλε(ως)](*)[ χαί]ρειν. ὁμολογῶ 
[ἐσ]χ̣ηκέν[αι ἐντε]ῦθεν ἤδη 
εἰ[ς] ἀναγκαί[αν] μου̣ χρ[εί]αν χρυσοῦ 
νομίσμα[τα] δύο̣ ἥμ̣[ισ]υ̣(*) ἀπὸ κερατί(ων) 
10εἰ[κο]σιτρι[ῶν]· (γίνονται) χρ(υσοῦ) ν[ο(μίσματα)] β [𐅵 ἀ]πό(*) κερ(ατίων) κγ· καὶ 
ὁμ[ο]λογῶ̣ [παρ]α̣σχ[εῖν σο]ι ὑπὲρ δύο(*)  
νομισμάτ̣[ων]   ̣  ̣  ̣ οἴνου πενταξ(εστιαῖα) 
σηκώματ̣α̣ διακ[όσια] ἐν τῇ τρύγῃ 
το[ῦ] Μ̣εσορ[ὴ] μην[ὸς τ]ῆς παρούσης 
15δε[κ]άτης ἰ[ν]δ(ικτί)ο(νος) οἴνου ῥ̣ύσεως τῆς 
σὺ[ν] θ̣(εῷ) ἑνδεκάτης ἐπιν̣[ε]μήσεως 
ενε̣χομα̣ι̣ τὴν τοῦ [οἴ]νου καλλωνὴν(*)  
μέχρι ὅλου τοῦ Τῦβι μηνὸς σοῦ παρέχ(ον)τ(ος) 
τὰ κο[ῦ]φα καὶ τὰ ἄλλα ἕνδεκα ἥμισυ 
20κερ(άτια) ὁμολογῶ ἔχειν [πα]ρʼ ἐμαυτῷ 
λόγῳ προχρείας τῶν ἐμῶν βοι(*)δίων, 
ὥστε αὐτὰ εἶναι ἐν τῷ ὑπὸ σὲ κλιβανείῳ 
καὶ μὴ δύνασθαί με ταῦτα λαβεῖν 
ἐξ αὐτοῦ ἄχρι ἀποδόσεως τῶν αὐτῶν 
25ἕνδεκα ἡμίσεως κερατίων καὶ 
ἀπενεγκεῖν τὰ κοῦφα ἕως τοῦ ἐμοῦ 
χωρίου ἰδίοις μου ζῴοις ἢ καὶ φολέτρ(οις)(*)  
κινδύνῳ ἐμῷ. ἐπωμοσάμην τὸν 
θεῖον καὶ σεβά[σμ]ιον ὅρκον. κύρ(ιον) τὸ γρ(αμμάτιον) 
30ἁπλ(οῦν) γραφ(ὲν) καὶ ἐπερ(ωτη)θ(εὶς) ὡμολ(όγησα). 
† ἐγὼ Δαυὶ(*)δ υἱὸς Παύλου στοιχεῖ 
μοι τοῦτο τὸ γρ(αμμάτιον) ὡς πρόκ(ειται). 
Κολλοῦθος σὺν θ(εῷ) συμβ(ολαιογράφος) ἀξ(ιω)θ(εὶς) ἔγρ(αψα) (ὑπὲρ) 
αὐτοῦ ἀγρ(αμμάτου) ὄντος. 
35† di emu C̣[o]ḷlụthu eteliothη ","  -- -- -- -- -- -- -- -- -- --  
11 line untranscribed 
2⁦ -ca.?- ⁩ Παύλου μη̣τ̣ρός  
⁦ -ca.?- ⁩ ἀπὸ ἐποικίου 
⁦ -ca.?- ⁩  ̣  ̣  ̣ σοὶ Βί̣κτορι  
5⁦ -ca.?- ⁩ ἀπὸ ταύτης 
τῆς Ὀξ̣υρ̣υγχιτῶν πόλεως χαίρειν. ὁμολογῶ 
ἐσχ̣ηκέναι ἐντεῦθεν ἤδη 
εἰς ἀναγκαίαν μου̣ χρείαν χρυσοῦ 
νομίσματα δύο̣ ἥμ̣ισυ̣ ἀπὸ κερατίων 
10εἰκοσιτριῶν· γίνονται χρυσοῦ νομίσματα β 𐅵 ἀπό κερατίων κγ· καὶ 
ὁμολογῶ̣ παρα̣σχεῖν σοι ὑπὲρ δύο  
νομισμάτ̣ων   ̣  ̣  ̣ οἴνου πενταξεστιαῖα 
σηκώματ̣α̣ διακόσια ἐν τῇ τρύγῃ 
τοῦ Μ̣εσορὴ μηνὸς τῆς παρούσης 
15δεκάτης ἰνδικτίονος οἴνου ῥ̣ύσεως τῆς 
σὺν θ̣εῷ ἑνδεκάτης ἐπιν̣εμήσεως 
ενε̣χομα̣ι̣ τὴν τοῦ οἴνου καλλωνὴν  
μέχρι ὅλου τοῦ Τῦβι μηνὸς σοῦ παρέχοντος 
τὰ κοῦφα καὶ τὰ ἄλλα ἕνδεκα ἥμισυ 
20κεράτια ὁμολογῶ ἔχειν παρʼ ἐμαυτῷ 
λόγῳ προχρείας τῶν ἐμῶν βοιδίων, 
ὥστε αὐτὰ εἶναι ἐν τῷ ὑπὸ σὲ κλιβανείῳ 
καὶ μὴ δύνασθαί με ταῦτα λαβεῖν 
ἐξ αὐτοῦ ἄχρι ἀποδόσεως τῶν αὐτῶν 
25ἕνδεκα ἡμίσεως κερατίων καὶ 
ἀπενεγκεῖν τὰ κοῦφα ἕως τοῦ ἐμοῦ 
χωρίου ἰδίοις μου ζῴοις ἢ καὶ φολέτροις  
κινδύνῳ ἐμῷ. ἐπωμοσάμην τὸν 
θεῖον καὶ σεβάσμιον ὅρκον. κύριον τὸ γραμμάτιον 
30ἁπλοῦν γραφὲν καὶ ἐπερωτηθεὶς ὡμολόγησα. 
† ἐγὼ Δαυὶδ υἱὸς Παύλου στοιχεῖ 
μοι τοῦτο τὸ γραμμάτιον ὡς πρόκειται. 
Κολλοῦθος σὺν θεῷ συμβολαιογράφος ἀξιωθεὶς ἔγραψα ὑπὲρ 
αὐτοῦ ἀγραμμάτου ὄντος. 
35† di emu C̣oḷlụthu eteliothη ","28.25,30.75",28.25,30.75,31.785,16.482142857142858,22
404,The papyrus is damaged on the right side where aproximately 15 letters are lost.,"Herakleides, son of Herakleides",This work is licensed under a Creative Commons Attribution-NonCommercial 3.0 License.,,,,,"Oxyrhynchite nome, province of Egypt",,,Deposit of six thousand silver drachmas of imperial coinage.,Source of description: a; recto-verso,,,Papyrus,,"SB 24 16009 (Rupprecht, Hans-Albert / Hengstl, Joachim; 2003) = SB 14 12180 (Rupprecht, Hans-Albert / Hengstl, Joachim; 1983) = Bulletin of the American Society of Papyrologists (BASP) 34 (1997), p. 40-43 no. 1 [a] (Gagos, Traianos / ; 1997) = ZPE 30 (1978), p. 175 (Youtie, Herbert Chayyim / ; 1978)",A deposit of money,"H.C. Youtie, ZPE 30, 1978, S. 176-177",,Pub. status: Recto + Verso,1 papyrus ; 14 x 22.5 cm,other text(s) on the same object: 792830,Verso large,mentioned people,Iseion of Tryphon; Documentary; Papyrus,The combined document preserves a margin of 3.00 cm and there is a free space of 9.00 cm at the bottom. Writing on the back is 90 degress to the text on the front and at 90 degrees to the docket there are traces of two lines written by a different hand on the newly discovered fragment.,"Rückseite: SB XXIV 16010. Zu Z. 8 vgl. BOEP 2.1 (2013), S. 3.",,,"Ann Arbor, Michigan University, Library P. 173 a Ro; Ann Arbor, Michigan University, Library P. 175 Ro",,19 lines,SB:14:12180,,,"Egypt, U19 - Oxyrynchos (Bahnasa)[found & written]",,,,"November 27, 187 A.D.",,,,,,"Heraclas, alias Heracleon, an uncle; Caesar Markus Aurelius Commodus Antoninus Pius Felix Augustus Medicus Parthicus Sarmaticus Germanicus Maximus Britannicus, emperor",,P.Mich.inv. 173,,mentioned places,,Greek,"BASP 34, 1997, Plate 2 und 3",,joined with P.Mich. inv. 175; P. Mich. inv. 1230,,,,,,,,"BASP 34, 1997, Plate 2 und 3",,26. Nov. 186 (Jahr unsicher),Z. 3-17: SB XIV 12180,Vertrag; Darlehen; Kredit; παραθήκη; Geld,,Oxyrhynchos,"H.C. Youtie, ZPE 30, 1978, S. 176-177",,,,,,,,,,© Heidelberger Gesamtverzeichnis der griechischen Papyrusurkunden Ägyptens. This work is licensed under a Creative Commons Attribution 3.0 License.,,,,,,,,"Rückseite: SB XXIV 16010. Zu Z. 8 vgl. BOEP 2.1 (2013), S. 3.",,,Papyrus,,,,,,,,Kreditvertrag (παραθήκη),Papyrus,http://quod.lib.umich.edu/a/apis/x-3941...,,,,,,,,"  [Ἡρακλείδης Ἡρα]κλείδου τοῦ Ἀρχελάου μητρὸς Σα[ραπ-]
[  ̣  ̣  ̣ γυμνασιαρχή]σ̣ας τῆς Ὀ[ξ]υρυγχειτῶν(*) πόλ[εως] 
[Ἡρακλᾶτι τῷ καὶ Ἡρακλ]έωνι Ἀ̣ρ̣χ̣[ε]λ̣[άου] ἀπὸ τοῦ Τρύφω[νος] 
[Ἰσιείου πρὸς πατρός μ]ο̣υ̣ θ̣είῳ χαίρειν. ὁμολογῶ ἔ[χειν] 
5[παρὰ σοῦ ἐν παραθέ]σει ἀργυρίου Σεβαστοῦ νομίσμ[ατος] 
[δραχμὰς ἑξακι]σ̣χ̣ειλίας(*) αἵ εἰσι τάλαντον ἓν ὃ καὶ [ἀποδώ-]
[σω σοι ὁπηνίκα] ἐὰν αἱρῇ ἄνευ πάσης ὑπερθέσεως. ἐὰν 
[δὲ μὴ ἀποδῶ, ἐ]ξ̣έσται(*) σοι̣ ἀπαιτεῖν με κατὰ τὸν τῶν παραθη-
[κῶν νόμον τῆς] πράξεώς σοι οὔσης ἔκ τε ἐμοῦ καὶ ἐκ τῶν 
10[ὑπαρχόντων μοι] πάντων καθάπερ ἐκ δίκης. κυρία ἡ παρα-
[θήκη ἔσται γρ]αφεῖσα ὑπʼ ἐμοῦ τοῦ Ἡρακλείδου χωρὶς ἀλι-
[φάδος καὶ ἐπιγρ]αφῆς ὡς ἐν δημοσίῳ καταχωριζομένη. 
[ἔτους   ̣  ̣  ̣  ̣  ̣  ̣  ̣  ̣] καὶ εἰ̣κοστοῦ Αὐτοκράτορος Καίσαρος Μάρκου 
[Αὐρηλίου Κομμόδο]υ Ἀ̣ντωνίνου Εὐσεβοῦς Εὐτυχοῦς Σεβαστοῦ 
15[Ἀρμενιακοῦ Μη]δικοῦ Παρθικοῦ Σαρματικοῦ Γερμανικοῦ 
[μεγίστου Βρετα]ν̣νικοῦ Ἁθὺρ λ. ","  Ἡρακλείδης Ἡρακλείδου τοῦ Ἀρχελάου μητρὸς Σαραπ-
  ̣  ̣  ̣ γυμνασιαρχήσ̣ας τῆς Ὀξυρυγχειτῶν πόλεως 
Ἡρακλᾶτι τῷ καὶ Ἡρακλέωνι Ἀ̣ρ̣χ̣ελ̣άου ἀπὸ τοῦ Τρύφωνος 
Ἰσιείου πρὸς πατρός μο̣υ̣ θ̣είῳ χαίρειν. ὁμολογῶ ἔχειν 
5παρὰ σοῦ ἐν παραθέσει ἀργυρίου Σεβαστοῦ νομίσματος 
δραχμὰς ἑξακισ̣χ̣ειλίας αἵ εἰσι τάλαντον ἓν ὃ καὶ ἀποδώ-
σω σοι ὁπηνίκα ἐὰν αἱρῇ ἄνευ πάσης ὑπερθέσεως. ἐὰν 
δὲ μὴ ἀποδῶ, ἐξ̣έσται σοι̣ ἀπαιτεῖν με κατὰ τὸν τῶν παραθη-
κῶν νόμον τῆς πράξεώς σοι οὔσης ἔκ τε ἐμοῦ καὶ ἐκ τῶν 
10ὑπαρχόντων μοι πάντων καθάπερ ἐκ δίκης. κυρία ἡ παρα-
θήκη ἔσται γραφεῖσα ὑπʼ ἐμοῦ τοῦ Ἡρακλείδου χωρὶς ἀλι-
φάδος καὶ ἐπιγραφῆς ὡς ἐν δημοσίῳ καταχωριζομένη. 
ἔτους   ̣  ̣  ̣  ̣  ̣  ̣  ̣  ̣ καὶ εἰ̣κοστοῦ Αὐτοκράτορος Καίσαρος Μάρκου 
Αὐρηλίου Κομμόδου Ἀ̣ντωνίνου Εὐσεβοῦς Εὐτυχοῦς Σεβαστοῦ 
15Ἀρμενιακοῦ Μηδικοῦ Παρθικοῦ Σαρματικοῦ Γερμανικοῦ 
μεγίστου Βρεταν̣νικοῦ Ἁθὺρ λ. ","28.25,30.75",28.25,30.75,31.785,16.482142857142858,22
